SalesID,Date,CustomerName,CustomerPhone,CustomerEmail,VehicleMake,VehicleModel,VehicleYear,VehicleColor,VehicleType,VehicleMileage,VehicleEngine,VehicleTransmission,SalePrice,SaleType,SalespersonID,DealershipLocation,FinancingApproved,DownPayment,LoanTerm
1,2023-09-01,Customer 1,555-321-2308,customer1@email.com,Audi,A4,2024,Silver,Truck,29314,3.6L V6,CVT,25001,Used,115,San Diego,True,3235,48
2,2023-05-30,Customer 2,555-654-9072,customer2@email.com,Chevrolet,Equinox,2019,Black,Sedan,36881,2.0L I4,CVT,29978,New,120,New York,True,3344,72
3,2023-12-18,Customer 3,555-128-2380,customer3@email.com,Toyota,Tacoma,2024,Black,Truck,2555,3.6L V6,CVT,58077,New,102,Houston,False,0,0
4,2023-07-27,Customer 4,555-131-5540,customer4@email.com,Chevrolet,Equinox,2022,Gray,Coupe,58156,5.0L V8,Automatic,16644,New,118,Philadelphia,True,384,48
5,2023-09-03,Customer 5,555-628-7483,customer5@email.com,Mercedes,E-Class,2024,Silver,Coupe,38048,3.6L V6,Automatic,19651,Used,117,San Jose,False,0,0
6,2023-08-09,Customer 6,555-314-6809,customer6@email.com,Honda,CR-V,2018,Silver,SUV,40321,2.0L I4,Automatic,51350,New,109,Philadelphia,False,0,0
7,2023-09-03,Customer 7,555-520-3187,customer7@email.com,Mercedes,E-Class,2022,Gray,SUV,34965,3.6L V6,Manual,27467,New,104,San Diego,True,4424,36
8,2023-01-04,Customer 8,555-441-3634,customer8@email.com,Mercedes,S-Class,2023,Red,Coupe,19598,2.0L I4,Automatic,43533,Used,107,New York,True,4601,48
9,2023-05-15,Customer 9,555-854-7829,customer9@email.com,Toyota,RAV4,2022,Gray,SUV,16034,5.0L V8,CVT,34863,Used,117,San Diego,False,0,0
10,2023-11-23,Customer 10,555-889-7779,customer10@email.com,BMW,X5,2024,Blue,Truck,1825,2.0L I4,CVT,28278,New,116,Los Angeles,False,0,0
11,2023-12-01,Customer 11,555-379-8234,customer11@email.com,BMW,5 Series,2023,Blue,SUV,14774,2.0L I4,Manual,40237,New,102,San Antonio,False,0,0
12,2023-05-03,Customer 12,555-377-1650,customer12@email.com,BMW,X5,2023,Red,SUV,23346,2.5L I4,CVT,39119,New,106,Philadelphia,False,0,0
13,2023-12-31,Customer 13,555-569-5106,customer13@email.com,Chevrolet,Traverse,2024,Gray,SUV,7544,3.5L V6,Manual,50665,New,114,San Antonio,True,8306,36
14,2023-01-24,Customer 14,555-838-5192,customer14@email.com,Honda,Accord,2022,Gray,Sedan,30594,5.0L V8,Automatic,42717,New,104,New York,True,2284,48
15,2023-07-18,Customer 15,555-177-6088,customer15@email.com,Hyundai,Tucson,2024,Red,Truck,7613,5.0L V8,Automatic,24736,New,107,Dallas,False,0,0
16,2023-09-13,Customer 16,555-344-7743,customer16@email.com,Hyundai,Tucson,2022,White,Truck,11151,3.5L V6,CVT,26099,New,119,San Antonio,True,5978,60
17,2023-09-13,Customer 17,555-962-2335,customer17@email.com,Jeep,Cherokee,2023,Green,Truck,5050,5.0L V8,Manual,34172,Used,101,New York,True,5431,60
18,2023-10-31,Customer 18,555-142-6629,customer18@email.com,Nissan,Rogue,2023,Red,Truck,42076,3.6L V6,Automatic,32124,Used,109,Los Angeles,True,1035,0
19,2023-05-12,Customer 19,555-336-1349,customer19@email.com,Mercedes,S-Class,2021,Green,Sedan,38390,5.0L V8,CVT,39353,New,106,San Jose,True,1728,48
20,2023-09-18,Customer 20,555-262-6339,customer20@email.com,Nissan,Titan,2023,Green,SUV,12472,2.5L I4,Automatic,36511,Used,119,Chicago,True,2225,48
21,2023-07-27,Customer 21,555-899-3770,customer21@email.com,BMW,3 Series,2021,White,Coupe,6579,5.0L V8,Manual,30942,New,106,Houston,False,0,0
22,2024-01-01,Customer 22,555-596-9170,customer22@email.com,Audi,Q5,2023,Silver,Sedan,54292,5.0L V8,Automatic,29860,Used,114,Phoenix,False,0,0
23,2023-12-07,Customer 23,555-422-1663,customer23@email.com,BMW,X5,2019,Silver,SUV,6005,2.5L I4,CVT,49427,Used,115,San Diego,True,7816,36
24,2024-01-04,Customer 24,555-448-6357,customer24@email.com,Jeep,Cherokee,2021,Blue,Truck,11487,3.6L V6,CVT,40538,Used,120,San Jose,False,0,0
25,2023-01-11,Customer 25,555-733-5917,customer25@email.com,Honda,Accord,2018,Blue,SUV,41472,2.5L I4,Automatic,22016,New,120,Chicago,True,4939,0
26,2023-11-01,Customer 26,555-528-7515,customer26@email.com,BMW,X5,2024,Red,Truck,49805,2.0L I4,Manual,20602,Used,111,San Antonio,True,614,48
27,2023-07-17,Customer 27,555-667-1917,customer27@email.com,Ford,Escape,2023,Red,Truck,35769,2.0L I4,Manual,46051,New,105,San Diego,False,0,0
28,2023-10-23,Customer 28,555-662-4009,customer28@email.com,Nissan,Rogue,2024,White,Coupe,35824,3.6L V6,CVT,38622,Used,115,Houston,False,0,0
29,2023-06-13,Customer 29,555-510-8247,customer29@email.com,Ford,F-150,2021,Black,Coupe,51344,3.6L V6,Automatic,17914,Used,112,Chicago,True,1898,60
30,2023-10-24,Customer 30,555-824-1875,customer30@email.com,BMW,X5,2023,Silver,Sedan,27858,2.5L I4,CVT,19833,Used,102,San Antonio,True,4568,60
31,2023-05-03,Customer 31,555-406-8420,customer31@email.com,Hyundai,Tucson,2020,Gray,Truck,52157,3.5L V6,Manual,32961,New,116,Dallas,False,0,0
32,2023-04-12,Customer 32,555-335-5923,customer32@email.com,Nissan,Altima,2022,Black,Coupe,49422,3.6L V6,Automatic,39806,Used,107,Philadelphia,False,0,0
33,2024-01-11,Customer 33,555-348-8767,customer33@email.com,Ford,F-150,2023,Green,SUV,11286,2.0L I4,Manual,53827,New,101,New York,True,11016,36
34,2023-10-13,Customer 34,555-139-2151,customer34@email.com,Nissan,Altima,2019,Red,Coupe,49651,5.0L V8,Manual,41878,Used,108,New York,True,9883,0
35,2024-01-02,Customer 35,555-951-3267,customer35@email.com,Nissan,Titan,2022,Red,Sedan,38795,3.6L V6,CVT,36368,Used,109,New York,True,686,48
36,2023-12-15,Customer 36,555-561-2601,customer36@email.com,Ford,Mustang,2019,Gray,Truck,11146,2.0L I4,CVT,25642,New,103,San Diego,False,0,0
37,2023-09-04,Customer 37,555-370-3681,customer37@email.com,Audi,Q5,2022,Black,SUV,14248,2.0L I4,Manual,38943,Used,107,San Antonio,True,4630,36
38,2023-10-17,Customer 38,555-569-6987,customer38@email.com,Jeep,Cherokee,2022,Blue,Truck,48600,2.0L I4,CVT,30799,Used,102,Philadelphia,False,0,0
39,2023-04-24,Customer 39,555-177-3505,customer39@email.com,Chevrolet,Traverse,2020,Black,SUV,29202,5.0L V8,Manual,39390,Used,118,New York,True,2488,48
40,2023-11-21,Customer 40,555-561-2118,customer40@email.com,Audi,A4,2021,Gray,Coupe,37892,5.0L V8,CVT,34601,New,104,Philadelphia,False,0,0
41,2023-01-16,Customer 41,555-619-1588,customer41@email.com,Jeep,Cherokee,2019,Silver,SUV,17320,2.5L I4,Manual,26468,New,116,Philadelphia,True,3446,48
42,2023-02-01,Customer 42,555-520-7339,customer42@email.com,Audi,Q5,2024,Silver,SUV,11411,3.6L V6,Manual,23802,New,109,New York,True,5030,60
43,2023-10-28,Customer 43,555-884-4896,customer43@email.com,Hyundai,Sonata,2020,Blue,SUV,9163,3.5L V6,CVT,26247,New,115,Dallas,True,4083,60
44,2023-11-12,Customer 44,555-961-8278,customer44@email.com,Jeep,Grand Cherokee,2023,Green,Coupe,48459,3.6L V6,CVT,49956,Used,110,Dallas,True,3558,72
45,2023-11-25,Customer 45,555-546-1755,customer45@email.com,BMW,X5,2023,Red,SUV,53200,3.5L V6,Automatic,45924,Used,115,Chicago,True,7788,72
46,2023-12-19,Customer 46,555-818-2546,customer46@email.com,Chevrolet,Traverse,2023,Red,Coupe,53649,3.6L V6,CVT,17945,New,109,San Jose,True,4070,48
47,2023-07-24,Customer 47,555-962-9086,customer47@email.com,Hyundai,Elantra,2022,Green,Coupe,29165,2.0L I4,Manual,19337,Used,119,San Diego,True,2744,72
48,2023-12-14,Customer 48,555-693-4872,customer48@email.com,Chevrolet,Silverado,2021,Red,Coupe,10923,3.6L V6,Manual,48239,New,102,Houston,False,0,0
49,2023-12-27,Customer 49,555-747-9099,customer49@email.com,Jeep,Grand Cherokee,2020,Silver,SUV,5765,2.5L I4,Automatic,30937,Used,104,Phoenix,True,1884,36
50,2023-04-01,Customer 50,555-624-8677,customer50@email.com,Toyota,Tacoma,2019,Gray,Coupe,23122,3.6L V6,CVT,22316,Used,120,San Diego,True,1540,48
51,2024-01-05,Customer 51,555-567-7295,customer51@email.com,Nissan,Titan,2019,Gray,Sedan,32749,3.6L V6,Manual,51598,New,109,Phoenix,True,2428,36
52,2023-07-02,Customer 52,555-926-6939,customer52@email.com,Toyota,Camry,2024,Green,SUV,47883,3.5L V6,Manual,39789,New,109,New York,True,1337,72
53,2023-08-27,Customer 53,555-513-1577,customer53@email.com,Ford,F-150,2019,Green,Coupe,6727,2.5L I4,Manual,49954,New,101,Chicago,False,0,0
54,2023-10-05,Customer 54,555-490-2561,customer54@email.com,Nissan,Titan,2021,Blue,SUV,20779,5.0L V8,Manual,58747,Used,107,Dallas,False,0,0
55,2023-11-28,Customer 55,555-178-8360,customer55@email.com,Audi,Q5,2022,White,Truck,21253,2.5L I4,Manual,44380,New,112,Chicago,True,8133,0
56,2023-01-17,Customer 56,555-432-8237,customer56@email.com,Mercedes,C-Class,2021,Black,Sedan,17047,3.6L V6,Automatic,30730,Used,115,Phoenix,True,4281,72
57,2023-04-24,Customer 57,555-121-3095,customer57@email.com,Chevrolet,Traverse,2021,Blue,Truck,12855,2.5L I4,CVT,41060,New,120,Los Angeles,True,3482,60
58,2023-11-15,Customer 58,555-978-6986,customer58@email.com,Nissan,Altima,2019,Blue,Truck,25292,2.0L I4,Automatic,46822,New,117,Chicago,True,879,36
59,2023-01-22,Customer 59,555-984-7440,customer59@email.com,Hyundai,Sonata,2019,Blue,Sedan,42211,5.0L V8,CVT,19797,Used,108,Los Angeles,False,0,0
60,2023-02-24,Customer 60,555-153-8155,customer60@email.com,Chevrolet,Equinox,2022,Blue,SUV,40761,2.5L I4,CVT,59772,New,104,San Jose,False,0,0
61,2023-03-21,Customer 61,555-610-8126,customer61@email.com,Jeep,Cherokee,2020,Silver,Sedan,31511,2.0L I4,CVT,18312,Used,113,San Antonio,False,0,0
62,2023-04-13,Customer 62,555-302-6160,customer62@email.com,Honda,Accord,2022,Black,SUV,12079,2.0L I4,CVT,28664,Used,116,San Jose,True,3543,0
63,2023-06-06,Customer 63,555-629-4791,customer63@email.com,Mercedes,C-Class,2021,Silver,Truck,28356,5.0L V8,Manual,25252,Used,119,Philadelphia,False,0,0
64,2024-01-17,Customer 64,555-123-3048,customer64@email.com,Toyota,RAV4,2023,White,Sedan,54170,5.0L V8,CVT,26342,Used,117,San Jose,True,5087,72
65,2023-07-13,Customer 65,555-696-1860,customer65@email.com,Honda,Civic,2023,Red,Sedan,56668,3.5L V6,Automatic,39843,Used,101,Dallas,False,0,0
66,2023-02-04,Customer 66,555-775-9215,customer66@email.com,Jeep,Grand Cherokee,2021,Gray,Truck,13983,2.0L I4,CVT,57219,Used,109,New York,True,215,60
67,2023-01-04,Customer 67,555-547-8993,customer67@email.com,Mercedes,C-Class,2023,Red,Coupe,21649,2.0L I4,Manual,16375,New,105,Los Angeles,False,0,0
68,2023-11-06,Customer 68,555-399-7614,customer68@email.com,Hyundai,Elantra,2022,White,Truck,10817,2.5L I4,Manual,29032,Used,112,Houston,False,0,0
69,2023-12-20,Customer 69,555-600-1392,customer69@email.com,Hyundai,Tucson,2021,White,Coupe,21388,2.5L I4,CVT,37242,Used,106,Philadelphia,True,6510,36
70,2023-06-15,Customer 70,555-678-7856,customer70@email.com,Toyota,RAV4,2022,Green,Sedan,12935,2.5L I4,Manual,59810,Used,106,Philadelphia,False,0,0
71,2023-10-05,Customer 71,555-560-2126,customer71@email.com,Hyundai,Sonata,2024,Blue,Sedan,7492,2.0L I4,Manual,33716,Used,108,San Diego,True,5245,48
72,2023-11-27,Customer 72,555-478-9660,customer72@email.com,Toyota,Camry,2020,Gray,Coupe,23125,5.0L V8,Automatic,38487,New,106,Chicago,True,82,72
73,2023-07-03,Customer 73,555-914-6491,customer73@email.com,Nissan,Titan,2023,Blue,SUV,15423,2.0L I4,Manual,45964,New,101,Phoenix,False,0,0
74,2023-04-26,Customer 74,555-131-3574,customer74@email.com,Chevrolet,Traverse,2023,Silver,Sedan,13388,3.5L V6,Manual,52680,Used,106,Chicago,False,0,0
75,2023-05-05,Customer 75,555-580-3293,customer75@email.com,Ford,F-150,2021,Silver,Coupe,8217,3.5L V6,Manual,36972,New,106,Phoenix,False,0,0
76,2023-05-01,Customer 76,555-320-7095,customer76@email.com,Mercedes,S-Class,2021,Black,Coupe,47797,5.0L V8,CVT,27972,New,101,Philadelphia,True,1455,36
77,2023-01-27,Customer 77,555-126-6587,customer77@email.com,Ford,Escape,2023,Black,SUV,30862,5.0L V8,CVT,42569,Used,106,San Antonio,True,6796,60
78,2024-01-09,Customer 78,555-698-3207,customer78@email.com,Jeep,Grand Cherokee,2023,Black,SUV,57965,3.5L V6,CVT,57569,Used,104,San Diego,False,0,0
79,2023-11-06,Customer 79,555-448-8112,customer79@email.com,Ford,Escape,2018,Blue,Truck,7742,3.6L V6,Automatic,58710,Used,108,Dallas,True,11155,60
80,2023-10-10,Customer 80,555-531-2593,customer80@email.com,Toyota,Camry,2024,Gray,Sedan,48559,2.0L I4,CVT,54308,New,115,Los Angeles,False,0,0
81,2023-04-13,Customer 81,555-873-9454,customer81@email.com,Honda,Accord,2023,Gray,SUV,47633,2.5L I4,CVT,34264,Used,107,Phoenix,True,1445,48
82,2023-03-14,Customer 82,555-160-1217,customer82@email.com,Honda,Accord,2023,Green,Coupe,59874,2.5L I4,Manual,50995,New,120,Dallas,False,0,0
83,2023-01-15,Customer 83,555-900-3347,customer83@email.com,Ford,F-150,2022,Gray,Truck,54896,3.5L V6,CVT,32152,New,105,Phoenix,False,0,0
84,2024-01-18,Customer 84,555-636-2525,customer84@email.com,Honda,CR-V,2020,White,Truck,14187,5.0L V8,Automatic,17354,Used,113,Chicago,False,0,0
85,2023-02-15,Customer 85,555-354-9288,customer85@email.com,Mercedes,C-Class,2023,Gray,Coupe,34724,2.0L I4,Automatic,53699,Used,108,Houston,False,0,0
86,2023-10-02,Customer 86,555-906-6961,customer86@email.com,BMW,5 Series,2024,Blue,Truck,2537,5.0L V8,Manual,45296,New,111,New York,True,7645,36
87,2023-03-03,Customer 87,555-767-3891,customer87@email.com,Honda,Accord,2023,Blue,Truck,13463,2.0L I4,Manual,42520,Used,119,San Jose,True,6405,0
88,2023-12-12,Customer 88,555-851-2891,customer88@email.com,Jeep,Cherokee,2021,White,Coupe,46735,2.5L I4,Manual,56284,Used,119,San Diego,False,0,0
89,2024-01-30,Customer 89,555-687-9526,customer89@email.com,Audi,A6,2021,Gray,Sedan,31871,3.6L V6,Manual,38375,Used,117,San Jose,True,1251,0
90,2023-08-06,Customer 90,555-525-7582,customer90@email.com,Chevrolet,Traverse,2024,Black,Truck,11559,2.0L I4,CVT,33543,Used,103,Chicago,False,0,0
91,2023-03-21,Customer 91,555-187-6347,customer91@email.com,Ford,Mustang,2021,White,SUV,29629,3.5L V6,Automatic,45566,Used,104,Chicago,False,0,0
92,2023-06-08,Customer 92,555-460-9543,customer92@email.com,Ford,Escape,2023,Silver,Truck,11891,2.5L I4,CVT,36121,Used,103,San Antonio,True,1512,48
93,2023-01-04,Customer 93,555-869-9127,customer93@email.com,Hyundai,Elantra,2020,Silver,Sedan,32846,5.0L V8,Automatic,33461,Used,119,Los Angeles,True,789,36
94,2023-09-01,Customer 94,555-452-6501,customer94@email.com,Nissan,Altima,2018,White,Coupe,23827,2.0L I4,Manual,33916,Used,116,New York,True,1500,72
95,2023-01-17,Customer 95,555-867-4099,customer95@email.com,Toyota,Camry,2024,Black,Sedan,4946,5.0L V8,Manual,49738,Used,107,San Antonio,False,0,0
96,2023-11-18,Customer 96,555-921-4083,customer96@email.com,Jeep,Wrangler,2023,Gray,Truck,24628,3.6L V6,Manual,32455,New,105,Chicago,False,0,0
97,2023-12-19,Customer 97,555-376-1234,customer97@email.com,Honda,Accord,2020,Black,Truck,7268,5.0L V8,Manual,15104,New,116,New York,True,2887,60
98,2023-09-01,Customer 98,555-867-7486,customer98@email.com,Ford,Escape,2024,Black,Truck,11169,3.6L V6,CVT,19071,New,116,San Jose,False,0,0
99,2023-02-12,Customer 99,555-594-2118,customer99@email.com,Ford,Escape,2024,Green,Coupe,9044,5.0L V8,CVT,33992,New,103,Los Angeles,True,4786,0
100,2024-01-28,Customer 100,555-990-2544,customer100@email.com,BMW,3 Series,2024,Silver,SUV,40303,2.5L I4,Manual,36396,New,113,San Jose,False,0,0
101,2023-05-04,Customer 101,555-840-9195,customer101@email.com,BMW,3 Series,2022,Silver,Sedan,53856,2.5L I4,Manual,39181,Used,108,Dallas,False,0,0
102,2023-01-01,Customer 102,555-611-8778,customer102@email.com,Chevrolet,Equinox,2019,Red,Sedan,30316,2.5L I4,Automatic,59206,Used,108,San Diego,False,0,0
103,2023-03-14,Customer 103,555-150-5941,customer103@email.com,Mercedes,S-Class,2022,Silver,Coupe,56268,2.0L I4,CVT,58705,New,105,San Antonio,False,0,0
104,2023-02-02,Customer 104,555-803-5546,customer104@email.com,Chevrolet,Equinox,2020,Silver,Coupe,9078,3.5L V6,CVT,24902,Used,120,San Diego,False,0,0
105,2023-09-24,Customer 105,555-666-7682,customer105@email.com,Ford,F-150,2018,Silver,SUV,46209,3.5L V6,CVT,18379,Used,118,Philadelphia,False,0,0
106,2023-11-20,Customer 106,555-770-2742,customer106@email.com,Mercedes,E-Class,2020,Silver,Coupe,38602,3.5L V6,Automatic,37274,Used,102,San Antonio,True,2031,72
107,2023-02-24,Customer 107,555-679-6281,customer107@email.com,Nissan,Rogue,2018,White,SUV,37754,5.0L V8,Automatic,45493,New,105,San Diego,False,0,0
108,2023-08-02,Customer 108,555-301-8498,customer108@email.com,BMW,3 Series,2021,Green,Coupe,30899,3.6L V6,Automatic,40382,New,108,San Antonio,True,3482,48
109,2023-01-16,Customer 109,555-683-2677,customer109@email.com,Toyota,RAV4,2024,Black,Sedan,28431,5.0L V8,Automatic,20011,Used,105,Phoenix,False,0,0
110,2023-12-31,Customer 110,555-899-1430,customer110@email.com,Hyundai,Elantra,2023,Blue,Coupe,40006,3.6L V6,CVT,45048,Used,115,Houston,True,8817,60
111,2023-08-19,Customer 111,555-786-8408,customer111@email.com,Toyota,RAV4,2018,Red,SUV,6081,2.0L I4,Automatic,39484,Used,118,Chicago,True,5861,48
112,2023-09-05,Customer 112,555-903-6418,customer112@email.com,Toyota,Tacoma,2022,White,SUV,7043,5.0L V8,Automatic,32391,Used,113,New York,True,13,60
113,2023-06-27,Customer 113,555-337-1723,customer113@email.com,Chevrolet,Traverse,2022,Silver,Sedan,24071,5.0L V8,Automatic,22691,New,114,Philadelphia,False,0,0
114,2023-10-24,Customer 114,555-652-6954,customer114@email.com,Nissan,Altima,2022,Gray,Sedan,36220,3.6L V6,Automatic,58671,New,119,Houston,True,11039,60
115,2023-07-05,Customer 115,555-468-4256,customer115@email.com,Ford,Escape,2020,Black,Coupe,23456,3.5L V6,Automatic,54449,Used,101,San Jose,True,10907,0
116,2023-05-28,Customer 116,555-944-3912,customer116@email.com,Ford,Mustang,2018,Red,Truck,50556,3.5L V6,CVT,54549,New,112,Houston,True,9761,60
117,2023-05-17,Customer 117,555-878-8058,customer117@email.com,Mercedes,S-Class,2024,White,Coupe,11467,2.0L I4,Manual,28317,New,118,Chicago,False,0,0
118,2023-09-27,Customer 118,555-630-9255,customer118@email.com,Jeep,Wrangler,2020,Black,Coupe,26499,5.0L V8,Manual,32611,New,110,Chicago,True,6089,48
119,2023-12-22,Customer 119,555-215-3533,customer119@email.com,Chevrolet,Equinox,2022,Silver,Sedan,54832,3.5L V6,Manual,29603,New,110,New York,True,5174,48
120,2023-11-23,Customer 120,555-826-9068,customer120@email.com,BMW,3 Series,2021,Silver,Truck,37807,5.0L V8,Automatic,18516,New,119,Dallas,False,0,0
121,2023-11-07,Customer 121,555-181-1790,customer121@email.com,Toyota,Tacoma,2019,Blue,SUV,41211,3.6L V6,CVT,43855,New,118,Los Angeles,True,4118,0
122,2023-08-16,Customer 122,555-245-2970,customer122@email.com,BMW,5 Series,2019,White,Coupe,23494,3.6L V6,Manual,51917,Used,116,Philadelphia,False,0,0
123,2023-10-01,Customer 123,555-279-7207,customer123@email.com,Honda,Accord,2019,Green,Coupe,20652,3.5L V6,Automatic,36186,New,109,Philadelphia,True,1715,48
124,2023-02-14,Customer 124,555-183-3309,customer124@email.com,Jeep,Wrangler,2019,Black,Truck,26340,2.5L I4,CVT,56723,Used,102,Dallas,False,0,0
125,2023-12-17,Customer 125,555-120-1072,customer125@email.com,Hyundai,Elantra,2018,Black,Coupe,39016,2.0L I4,CVT,34204,New,115,Philadelphia,False,0,0
126,2023-11-16,Customer 126,555-901-6684,customer126@email.com,Jeep,Cherokee,2023,Red,Sedan,58579,5.0L V8,Manual,46906,Used,112,San Diego,False,0,0
127,2023-12-13,Customer 127,555-159-2544,customer127@email.com,Audi,Q5,2024,Silver,Truck,14870,2.0L I4,Automatic,58881,New,104,New York,False,0,0
128,2023-12-31,Customer 128,555-797-4170,customer128@email.com,Nissan,Titan,2018,White,Truck,57449,5.0L V8,Automatic,57254,New,111,San Diego,True,11505,48
129,2023-07-13,Customer 129,555-219-5965,customer129@email.com,Ford,F-150,2019,Silver,Coupe,34040,3.6L V6,CVT,54108,Used,101,Houston,False,0,0
130,2023-04-28,Customer 130,555-817-9343,customer130@email.com,Nissan,Altima,2024,Blue,Truck,34392,2.0L I4,Manual,44291,New,119,Philadelphia,True,66,72
131,2023-08-25,Customer 131,555-814-9143,customer131@email.com,Jeep,Wrangler,2024,Blue,Truck,56402,5.0L V8,Automatic,43458,Used,108,San Diego,True,2562,36
132,2023-09-23,Customer 132,555-556-9340,customer132@email.com,Nissan,Titan,2018,Red,Coupe,9030,2.0L I4,Automatic,58603,Used,110,Houston,True,3823,36
133,2023-08-09,Customer 133,555-139-6347,customer133@email.com,BMW,3 Series,2019,White,Sedan,14591,2.5L I4,Automatic,46293,New,120,New York,True,7380,0
134,2023-10-08,Customer 134,555-905-1058,customer134@email.com,Hyundai,Elantra,2019,Red,Truck,8502,3.5L V6,Automatic,19673,Used,117,Philadelphia,False,0,0
135,2023-04-03,Customer 135,555-624-2848,customer135@email.com,Honda,Civic,2021,Green,Coupe,35234,2.5L I4,CVT,16024,New,106,New York,False,0,0
136,2023-05-02,Customer 136,555-296-2432,customer136@email.com,Audi,A4,2018,Silver,Truck,6439,5.0L V8,Automatic,17812,Used,114,New York,False,0,0
137,2023-09-29,Customer 137,555-597-1947,customer137@email.com,BMW,X5,2022,Black,Sedan,33886,5.0L V8,Automatic,56474,Used,109,San Diego,False,0,0
138,2023-03-19,Customer 138,555-893-9084,customer138@email.com,Toyota,RAV4,2021,White,Coupe,18785,2.0L I4,Automatic,55383,Used,116,San Jose,False,0,0
139,2024-01-24,Customer 139,555-333-2294,customer139@email.com,Chevrolet,Silverado,2020,Silver,Coupe,47869,2.5L I4,Automatic,31202,New,105,Chicago,False,0,0
140,2023-12-01,Customer 140,555-515-7202,customer140@email.com,Ford,Mustang,2023,Black,Sedan,24058,3.6L V6,CVT,52192,Used,112,Dallas,False,0,0
141,2023-10-25,Customer 141,555-423-9470,customer141@email.com,Honda,Accord,2019,Silver,Coupe,38087,3.5L V6,Automatic,31215,Used,118,Philadelphia,True,3085,48
142,2023-04-19,Customer 142,555-638-3329,customer142@email.com,BMW,5 Series,2022,White,Sedan,38522,3.5L V6,CVT,59282,New,110,New York,True,5076,48
143,2023-07-24,Customer 143,555-151-5856,customer143@email.com,Mercedes,S-Class,2021,Black,Coupe,10876,3.6L V6,CVT,29790,Used,120,Houston,False,0,0
144,2023-06-04,Customer 144,555-728-2290,customer144@email.com,Nissan,Titan,2024,Red,Sedan,47122,2.0L I4,CVT,21666,Used,112,Phoenix,True,3638,60
145,2023-12-16,Customer 145,555-952-4869,customer145@email.com,Ford,Mustang,2018,Gray,Coupe,15168,2.5L I4,CVT,37736,Used,108,Phoenix,True,7339,36
146,2023-07-21,Customer 146,555-398-9881,customer146@email.com,Ford,Escape,2024,Red,SUV,17147,2.0L I4,Automatic,47943,Used,109,San Jose,False,0,0
147,2023-03-20,Customer 147,555-426-7976,customer147@email.com,BMW,5 Series,2023,Green,SUV,51768,2.0L I4,Manual,59650,Used,113,Dallas,False,0,0
148,2023-04-24,Customer 148,555-581-7307,customer148@email.com,Audi,A4,2019,Silver,Coupe,12751,3.6L V6,CVT,38662,New,117,San Antonio,True,3541,0
149,2024-01-27,Customer 149,555-540-9026,customer149@email.com,Audi,A6,2023,White,Truck,48529,5.0L V8,Manual,42697,New,107,San Jose,False,0,0
150,2023-06-07,Customer 150,555-940-2891,customer150@email.com,Ford,Mustang,2021,Blue,Sedan,17311,5.0L V8,CVT,42784,New,117,San Jose,False,0,0
151,2023-07-05,Customer 151,555-617-1511,customer151@email.com,BMW,5 Series,2024,Gray,Sedan,35217,5.0L V8,CVT,52357,Used,104,Phoenix,False,0,0
152,2023-02-02,Customer 152,555-624-7364,customer152@email.com,Mercedes,E-Class,2020,Blue,Coupe,19153,2.0L I4,CVT,27375,Used,115,Philadelphia,False,0,0
153,2023-06-12,Customer 153,555-626-5040,customer153@email.com,Audi,Q5,2020,Black,Sedan,42810,3.6L V6,Automatic,37570,Used,116,San Antonio,True,5662,48
154,2023-10-27,Customer 154,555-483-4921,customer154@email.com,Nissan,Titan,2019,Red,SUV,38494,5.0L V8,CVT,36568,Used,116,San Diego,False,0,0
155,2024-01-03,Customer 155,555-485-8698,customer155@email.com,Chevrolet,Traverse,2019,Green,Sedan,22871,2.5L I4,Manual,19035,New,104,Philadelphia,False,0,0
156,2023-10-21,Customer 156,555-341-6499,customer156@email.com,Ford,Mustang,2022,White,SUV,46310,3.6L V6,Automatic,23515,Used,113,Philadelphia,True,2522,0
157,2023-09-18,Customer 157,555-734-2956,customer157@email.com,Honda,CR-V,2019,Black,Coupe,46343,2.5L I4,Automatic,26286,New,113,Houston,False,0,0
158,2023-11-15,Customer 158,555-410-3618,customer158@email.com,BMW,X5,2021,Red,Truck,24710,3.6L V6,Automatic,39651,Used,116,Philadelphia,False,0,0
159,2023-04-20,Customer 159,555-241-6447,customer159@email.com,Hyundai,Elantra,2019,Red,Sedan,30867,2.5L I4,Manual,56591,New,113,San Jose,False,0,0
160,2023-06-08,Customer 160,555-837-3408,customer160@email.com,Chevrolet,Equinox,2020,White,Sedan,58710,2.0L I4,CVT,22152,New,115,New York,False,0,0
161,2023-01-31,Customer 161,555-401-9314,customer161@email.com,Honda,CR-V,2018,White,Sedan,26472,2.0L I4,CVT,33465,Used,116,Los Angeles,False,0,0
162,2023-06-16,Customer 162,555-924-2565,customer162@email.com,Jeep,Grand Cherokee,2018,Red,SUV,26653,2.5L I4,Manual,19995,Used,107,Philadelphia,False,0,0
163,2023-01-14,Customer 163,555-185-5082,customer163@email.com,Hyundai,Sonata,2023,Black,SUV,27746,2.0L I4,CVT,40568,Used,111,New York,False,0,0
164,2024-01-26,Customer 164,555-224-5461,customer164@email.com,Jeep,Wrangler,2019,Blue,Truck,22480,5.0L V8,Automatic,32891,New,116,Philadelphia,False,0,0
165,2023-05-25,Customer 165,555-751-1756,customer165@email.com,Audi,Q5,2020,Blue,Coupe,42598,2.5L I4,Automatic,59067,New,101,San Diego,False,0,0
166,2023-02-18,Customer 166,555-594-2824,customer166@email.com,BMW,3 Series,2019,Red,Truck,25205,3.5L V6,CVT,55552,New,120,Philadelphia,True,13085,72
167,2023-07-24,Customer 167,555-487-3658,customer167@email.com,Hyundai,Tucson,2022,White,SUV,6941,3.5L V6,Automatic,51183,New,112,Phoenix,False,0,0
168,2023-07-12,Customer 168,555-557-9195,customer168@email.com,Nissan,Titan,2018,Blue,SUV,17555,5.0L V8,Automatic,30590,New,119,San Diego,True,1305,72
169,2023-05-31,Customer 169,555-768-3977,customer169@email.com,BMW,X5,2021,Silver,Sedan,23210,2.5L I4,Automatic,57077,New,117,Philadelphia,False,0,0
170,2023-10-27,Customer 170,555-696-8529,customer170@email.com,Ford,Escape,2022,Silver,Coupe,12709,2.5L I4,Manual,42514,New,119,New York,True,4169,60
171,2024-01-16,Customer 171,555-283-8576,customer171@email.com,Nissan,Titan,2019,Black,SUV,26903,3.5L V6,CVT,33285,New,105,San Jose,False,0,0
172,2023-03-24,Customer 172,555-414-4183,customer172@email.com,BMW,X5,2021,Red,Sedan,53107,5.0L V8,Manual,40790,Used,112,San Jose,False,0,0
173,2023-05-05,Customer 173,555-355-9414,customer173@email.com,Chevrolet,Equinox,2023,Silver,Coupe,27201,2.0L I4,CVT,54089,New,102,Los Angeles,True,9743,36
174,2023-10-10,Customer 174,555-358-2396,customer174@email.com,Honda,Accord,2023,Red,Sedan,16004,3.5L V6,CVT,19801,Used,101,New York,False,0,0
175,2023-06-29,Customer 175,555-902-4673,customer175@email.com,Toyota,Camry,2018,Red,Truck,57945,5.0L V8,CVT,44922,Used,112,Los Angeles,True,7945,48
176,2023-01-12,Customer 176,555-855-7753,customer176@email.com,Audi,A4,2020,Green,Truck,55578,2.5L I4,Automatic,16840,Used,108,San Diego,True,2260,0
177,2023-12-31,Customer 177,555-917-1937,customer177@email.com,Audi,A6,2021,White,SUV,48098,2.5L I4,CVT,58330,New,119,Houston,False,0,0
178,2023-11-12,Customer 178,555-540-8779,customer178@email.com,Hyundai,Tucson,2018,Black,SUV,33382,3.6L V6,CVT,48117,New,107,Phoenix,False,0,0
179,2023-06-25,Customer 179,555-903-1371,customer179@email.com,Honda,CR-V,2021,Black,Coupe,19483,5.0L V8,CVT,20817,New,120,New York,False,0,0
180,2023-07-08,Customer 180,555-366-5827,customer180@email.com,Chevrolet,Equinox,2022,Green,Truck,48267,3.5L V6,Automatic,50539,Used,104,San Antonio,True,11957,36
181,2024-01-23,Customer 181,555-288-5222,customer181@email.com,Ford,F-150,2023,Gray,Sedan,15036,2.5L I4,Automatic,46179,Used,102,Phoenix,True,156,48
182,2023-03-31,Customer 182,555-361-9043,customer182@email.com,Jeep,Wrangler,2022,Red,SUV,33085,3.6L V6,Automatic,21551,Used,111,San Jose,False,0,0
183,2023-07-18,Customer 183,555-815-4365,customer183@email.com,Jeep,Grand Cherokee,2019,Blue,Coupe,38064,3.6L V6,Automatic,32976,Used,111,Phoenix,True,5721,60
184,2023-07-04,Customer 184,555-735-7299,customer184@email.com,Ford,F-150,2018,Black,Truck,53413,3.5L V6,Manual,33711,Used,108,Philadelphia,True,6530,60
185,2023-12-20,Customer 185,555-792-3914,customer185@email.com,Nissan,Titan,2024,White,Sedan,42248,3.5L V6,Automatic,17296,New,120,Houston,True,2144,0
186,2024-01-19,Customer 186,555-872-7284,customer186@email.com,Ford,F-150,2024,Blue,Truck,56387,3.6L V6,Automatic,22719,Used,116,Los Angeles,True,4018,72
187,2023-10-18,Customer 187,555-387-3261,customer187@email.com,Mercedes,C-Class,2020,Gray,Coupe,42333,2.5L I4,Automatic,16920,New,104,San Antonio,True,2019,48
188,2023-12-05,Customer 188,555-157-6857,customer188@email.com,Mercedes,C-Class,2023,Black,Truck,25798,5.0L V8,Manual,41684,New,120,San Antonio,False,0,0
189,2023-01-16,Customer 189,555-578-3394,customer189@email.com,Jeep,Wrangler,2022,Red,Sedan,36903,3.6L V6,CVT,55731,New,104,San Antonio,False,0,0
190,2023-12-15,Customer 190,555-730-2381,customer190@email.com,Chevrolet,Silverado,2020,Green,SUV,29510,3.6L V6,Automatic,47911,New,110,Chicago,False,0,0
191,2023-03-28,Customer 191,555-951-3881,customer191@email.com,Mercedes,E-Class,2021,White,Truck,53121,2.0L I4,Manual,51495,New,116,San Antonio,False,0,0
192,2023-07-10,Customer 192,555-602-7735,customer192@email.com,Jeep,Grand Cherokee,2018,Gray,Coupe,26163,2.0L I4,Automatic,57247,New,111,San Antonio,True,3596,36
193,2023-03-10,Customer 193,555-367-9892,customer193@email.com,Jeep,Wrangler,2021,Black,SUV,19992,5.0L V8,Automatic,34948,New,105,Houston,True,785,0
194,2023-05-11,Customer 194,555-225-9769,customer194@email.com,Ford,Escape,2022,Blue,Truck,39756,3.5L V6,Manual,54946,New,120,Los Angeles,True,5628,36
195,2024-01-12,Customer 195,555-241-6919,customer195@email.com,Jeep,Cherokee,2023,Red,Sedan,37258,2.5L I4,Automatic,59648,New,109,Dallas,True,7819,60
196,2023-08-22,Customer 196,555-889-5586,customer196@email.com,Toyota,Camry,2023,Silver,Truck,48648,2.0L I4,Manual,26997,New,107,Dallas,False,0,0
197,2023-08-03,Customer 197,555-257-3986,customer197@email.com,Audi,A4,2023,Black,Truck,7189,3.6L V6,CVT,36283,New,108,Chicago,False,0,0
198,2023-09-06,Customer 198,555-514-9554,customer198@email.com,Audi,Q5,2023,Silver,Sedan,57041,5.0L V8,Automatic,46775,Used,114,San Jose,True,378,36
199,2023-05-04,Customer 199,555-307-5660,customer199@email.com,Audi,Q5,2021,Gray,Sedan,55604,2.0L I4,CVT,35123,Used,114,Philadelphia,False,0,0
200,2023-10-14,Customer 200,555-221-2311,customer200@email.com,Nissan,Altima,2021,Blue,Sedan,54615,3.5L V6,Automatic,48928,Used,108,New York,False,0,0
201,2023-04-27,Customer 201,555-555-6538,customer201@email.com,BMW,5 Series,2022,Silver,Coupe,15608,2.0L I4,Manual,22642,Used,117,Los Angeles,True,1124,0
202,2023-07-09,Customer 202,555-696-3517,customer202@email.com,Chevrolet,Traverse,2018,Gray,Coupe,56242,2.5L I4,CVT,59895,New,113,Phoenix,False,0,0
203,2023-11-02,Customer 203,555-886-5499,customer203@email.com,Honda,Accord,2024,Silver,Truck,49975,2.0L I4,Automatic,59257,New,107,San Antonio,False,0,0
204,2023-09-30,Customer 204,555-640-5067,customer204@email.com,Honda,Accord,2020,Black,Sedan,29588,3.6L V6,Automatic,30022,New,117,Philadelphia,False,0,0
205,2023-10-20,Customer 205,555-809-2794,customer205@email.com,Audi,A4,2018,Gray,SUV,27896,3.5L V6,CVT,49971,New,107,Philadelphia,True,5793,36
206,2023-07-21,Customer 206,555-850-7575,customer206@email.com,Nissan,Altima,2022,Gray,SUV,7136,3.5L V6,CVT,27607,Used,108,San Diego,True,4560,60
207,2023-09-28,Customer 207,555-685-5809,customer207@email.com,Chevrolet,Traverse,2022,Green,Coupe,27457,5.0L V8,CVT,17146,New,102,San Diego,True,3887,36
208,2023-06-07,Customer 208,555-205-6978,customer208@email.com,Jeep,Wrangler,2021,Blue,SUV,11556,3.5L V6,Manual,43141,New,101,Chicago,True,5851,36
209,2023-03-28,Customer 209,555-374-1379,customer209@email.com,Nissan,Titan,2020,Silver,Sedan,29151,3.5L V6,CVT,56876,Used,117,Chicago,False,0,0
210,2023-05-15,Customer 210,555-240-9605,customer210@email.com,Chevrolet,Silverado,2022,Green,Truck,36393,2.5L I4,CVT,56711,New,119,San Diego,False,0,0
211,2023-08-23,Customer 211,555-481-6077,customer211@email.com,Nissan,Altima,2021,Silver,SUV,54686,2.0L I4,Automatic,39661,Used,108,New York,True,7603,48
212,2023-05-02,Customer 212,555-780-4882,customer212@email.com,Chevrolet,Traverse,2019,White,Coupe,51745,3.5L V6,Automatic,15510,Used,106,San Antonio,True,3597,36
213,2023-11-10,Customer 213,555-796-1097,customer213@email.com,Honda,Civic,2024,Green,Truck,40934,3.5L V6,CVT,49440,Used,113,Phoenix,False,0,0
214,2023-11-27,Customer 214,555-565-4570,customer214@email.com,Audi,Q5,2023,Blue,Truck,37239,3.5L V6,CVT,25275,Used,109,San Antonio,False,0,0
215,2023-05-12,Customer 215,555-653-7781,customer215@email.com,Chevrolet,Equinox,2021,Green,Coupe,36384,3.5L V6,CVT,17467,Used,112,Chicago,True,2890,60
216,2023-02-10,Customer 216,555-308-9888,customer216@email.com,Chevrolet,Equinox,2020,Silver,Coupe,19519,5.0L V8,Manual,20927,New,118,Los Angeles,True,4363,0
217,2023-02-27,Customer 217,555-104-6594,customer217@email.com,Chevrolet,Equinox,2023,Gray,SUV,31868,3.5L V6,Automatic,57910,New,108,New York,False,0,0
218,2023-05-05,Customer 218,555-752-3356,customer218@email.com,Honda,Civic,2018,Black,Coupe,9036,5.0L V8,Manual,25718,Used,120,Dallas,True,2191,0
219,2023-06-20,Customer 219,555-674-1411,customer219@email.com,Toyota,Tacoma,2022,White,Sedan,7614,3.6L V6,CVT,57600,New,116,San Antonio,False,0,0
220,2023-11-04,Customer 220,555-783-9002,customer220@email.com,BMW,3 Series,2018,Blue,Coupe,58600,5.0L V8,CVT,16103,New,103,San Diego,False,0,0
221,2024-01-10,Customer 221,555-514-1950,customer221@email.com,Hyundai,Tucson,2024,Red,Sedan,54458,3.5L V6,Manual,35156,New,111,San Jose,True,3190,0
222,2023-09-30,Customer 222,555-156-9590,customer222@email.com,BMW,X5,2018,Gray,SUV,10781,2.5L I4,Automatic,54421,Used,111,New York,True,2788,48
223,2023-11-14,Customer 223,555-543-3629,customer223@email.com,Chevrolet,Silverado,2022,White,Sedan,15347,3.5L V6,Manual,34348,New,104,Houston,False,0,0
224,2023-03-23,Customer 224,555-470-5079,customer224@email.com,Jeep,Cherokee,2021,Red,Truck,17014,2.5L I4,Automatic,59093,Used,115,San Antonio,False,0,0
225,2023-07-07,Customer 225,555-435-9088,customer225@email.com,Hyundai,Elantra,2019,Gray,Coupe,52679,3.5L V6,CVT,30395,Used,103,Dallas,False,0,0
226,2023-03-15,Customer 226,555-916-3411,customer226@email.com,Chevrolet,Traverse,2018,Blue,Sedan,34825,2.5L I4,Manual,40477,New,119,Houston,True,2305,48
227,2023-05-19,Customer 227,555-323-8109,customer227@email.com,BMW,X5,2019,Gray,Coupe,37548,3.6L V6,Automatic,58692,New,119,San Jose,False,0,0
228,2023-07-31,Customer 228,555-202-5360,customer228@email.com,Jeep,Grand Cherokee,2022,Gray,Coupe,11616,2.5L I4,CVT,33438,New,107,Phoenix,False,0,0
229,2023-04-09,Customer 229,555-311-9786,customer229@email.com,Audi,A4,2024,Silver,Sedan,19856,3.5L V6,Manual,34293,New,118,Dallas,True,4792,60
230,2023-11-26,Customer 230,555-667-1324,customer230@email.com,Chevrolet,Silverado,2023,Black,Truck,30906,2.5L I4,CVT,51062,Used,120,Philadelphia,False,0,0
231,2023-10-09,Customer 231,555-447-8074,customer231@email.com,BMW,3 Series,2019,Blue,SUV,41779,2.0L I4,CVT,29708,New,108,Dallas,True,3289,48
232,2023-07-09,Customer 232,555-160-1525,customer232@email.com,Mercedes,S-Class,2018,Silver,Coupe,33622,3.5L V6,Automatic,47505,Used,120,San Jose,True,1989,60
233,2023-03-09,Customer 233,555-398-1806,customer233@email.com,Chevrolet,Silverado,2024,Blue,Sedan,52737,3.5L V6,Manual,22081,New,108,Chicago,False,0,0
234,2023-10-19,Customer 234,555-930-9773,customer234@email.com,Ford,Escape,2022,White,Truck,17178,2.0L I4,Automatic,44900,New,112,Phoenix,True,70,0
235,2023-02-10,Customer 235,555-118-7523,customer235@email.com,Mercedes,S-Class,2018,Green,SUV,15389,5.0L V8,Automatic,49972,Used,102,New York,False,0,0
236,2023-09-21,Customer 236,555-676-6597,customer236@email.com,BMW,5 Series,2023,White,Truck,45130,3.5L V6,CVT,32139,New,102,San Diego,False,0,0
237,2023-09-20,Customer 237,555-329-1651,customer237@email.com,Ford,F-150,2022,Black,SUV,35267,2.5L I4,CVT,46841,Used,101,San Diego,False,0,0
238,2023-01-12,Customer 238,555-587-1809,customer238@email.com,Mercedes,C-Class,2021,Black,Truck,38321,2.5L I4,Manual,59368,Used,112,Dallas,False,0,0
239,2023-03-03,Customer 239,555-246-6695,customer239@email.com,Audi,Q5,2018,Silver,Truck,11620,3.5L V6,Manual,30227,Used,119,Los Angeles,True,3049,48
240,2023-09-27,Customer 240,555-345-8937,customer240@email.com,Mercedes,C-Class,2021,Gray,Coupe,48672,3.6L V6,Automatic,30462,New,116,Houston,False,0,0
241,2023-02-07,Customer 241,555-314-8943,customer241@email.com,Honda,Civic,2021,Silver,Sedan,34470,3.6L V6,Manual,31161,New,109,San Antonio,False,0,0
242,2023-08-08,Customer 242,555-840-4618,customer242@email.com,Chevrolet,Traverse,2018,Red,Sedan,37731,2.0L I4,CVT,24635,New,116,Phoenix,True,6017,48
243,2023-09-02,Customer 243,555-856-1666,customer243@email.com,Hyundai,Elantra,2019,Red,Coupe,12064,3.6L V6,CVT,19563,Used,118,Philadelphia,True,624,60
244,2023-10-20,Customer 244,555-513-3061,customer244@email.com,BMW,X5,2020,White,Sedan,7886,5.0L V8,Automatic,53146,Used,103,Philadelphia,False,0,0
245,2023-10-03,Customer 245,555-879-8920,customer245@email.com,Jeep,Wrangler,2022,Black,SUV,43780,2.0L I4,Manual,24997,New,109,San Diego,True,2248,72
246,2023-11-18,Customer 246,555-373-3580,customer246@email.com,BMW,5 Series,2019,Green,Coupe,11656,2.0L I4,Automatic,56572,New,109,Philadelphia,False,0,0
247,2024-01-04,Customer 247,555-459-5544,customer247@email.com,Mercedes,C-Class,2019,Black,Coupe,51763,2.5L I4,Automatic,46966,New,114,Los Angeles,True,4384,0
248,2023-05-30,Customer 248,555-969-4341,customer248@email.com,Ford,Escape,2019,Red,Sedan,48347,3.5L V6,Automatic,57840,Used,113,Los Angeles,False,0,0
249,2023-11-25,Customer 249,555-118-5787,customer249@email.com,Nissan,Titan,2023,Red,Coupe,54241,2.5L I4,Automatic,25871,New,113,Phoenix,True,3110,48
250,2023-03-18,Customer 250,555-425-5041,customer250@email.com,Mercedes,C-Class,2021,Black,Truck,9560,5.0L V8,Manual,24776,Used,113,New York,True,5742,0
251,2023-05-09,Customer 251,555-461-9634,customer251@email.com,Toyota,Tacoma,2022,Blue,Truck,41231,5.0L V8,Manual,31768,New,105,Phoenix,False,0,0
252,2023-06-02,Customer 252,555-662-7759,customer252@email.com,BMW,5 Series,2023,Gray,Coupe,50789,5.0L V8,Automatic,50593,Used,120,Los Angeles,False,0,0
253,2023-05-12,Customer 253,555-490-2252,customer253@email.com,Nissan,Titan,2019,Silver,SUV,7154,2.0L I4,Manual,55210,New,104,San Antonio,False,0,0
254,2023-02-07,Customer 254,555-801-8023,customer254@email.com,Nissan,Rogue,2019,Silver,Sedan,32215,2.0L I4,Manual,39100,New,116,Philadelphia,False,0,0
255,2023-12-27,Customer 255,555-555-4078,customer255@email.com,Audi,A6,2020,Black,Coupe,22025,3.6L V6,Automatic,18024,Used,108,Houston,False,0,0
256,2023-04-02,Customer 256,555-323-8945,customer256@email.com,BMW,5 Series,2019,White,Coupe,23176,3.6L V6,Manual,29727,New,102,Dallas,False,0,0
257,2023-09-26,Customer 257,555-158-1405,customer257@email.com,Toyota,Tacoma,2024,Silver,Sedan,18651,3.6L V6,Manual,15686,New,115,Philadelphia,False,0,0
258,2023-05-31,Customer 258,555-590-3150,customer258@email.com,Chevrolet,Traverse,2022,Gray,Sedan,8057,2.0L I4,CVT,19668,New,106,Dallas,True,1404,36
259,2023-04-02,Customer 259,555-494-9712,customer259@email.com,Toyota,Camry,2020,Red,Truck,19083,3.6L V6,Automatic,45945,New,115,Los Angeles,True,10133,0
260,2023-05-29,Customer 260,555-175-9908,customer260@email.com,Jeep,Wrangler,2021,White,SUV,11676,2.5L I4,Manual,20052,Used,106,Dallas,False,0,0
261,2023-06-03,Customer 261,555-797-2793,customer261@email.com,Jeep,Wrangler,2019,White,Truck,56276,5.0L V8,Manual,22668,New,108,San Diego,True,2307,48
262,2023-02-12,Customer 262,555-567-8712,customer262@email.com,Chevrolet,Traverse,2022,Blue,Truck,16371,2.0L I4,Automatic,42156,Used,115,New York,False,0,0
263,2023-03-28,Customer 263,555-925-1192,customer263@email.com,Mercedes,E-Class,2023,Blue,SUV,57580,2.0L I4,CVT,58719,Used,117,San Jose,True,1171,48
264,2023-04-13,Customer 264,555-594-2920,customer264@email.com,Mercedes,S-Class,2020,Blue,SUV,31838,2.0L I4,CVT,38491,Used,113,San Jose,True,3345,0
265,2023-06-10,Customer 265,555-781-3919,customer265@email.com,Toyota,Tacoma,2021,Red,Truck,42731,2.0L I4,CVT,37354,New,102,Dallas,False,0,0
266,2023-07-30,Customer 266,555-580-1623,customer266@email.com,Mercedes,E-Class,2024,Gray,Coupe,33017,5.0L V8,Manual,25656,Used,104,New York,True,2431,60
267,2023-12-09,Customer 267,555-530-4959,customer267@email.com,Hyundai,Sonata,2024,Green,Sedan,56891,2.5L I4,CVT,48000,New,101,San Jose,False,0,0
268,2024-01-18,Customer 268,555-181-7632,customer268@email.com,Chevrolet,Equinox,2019,Silver,Truck,24087,2.5L I4,Automatic,36294,New,108,Phoenix,False,0,0
269,2023-04-29,Customer 269,555-804-4726,customer269@email.com,BMW,5 Series,2019,Gray,Truck,54134,5.0L V8,CVT,18237,Used,109,Philadelphia,False,0,0
270,2023-01-25,Customer 270,555-312-3080,customer270@email.com,Honda,Civic,2023,Black,SUV,48452,3.6L V6,CVT,21740,Used,105,New York,True,3108,0
271,2024-01-03,Customer 271,555-418-2356,customer271@email.com,Mercedes,S-Class,2020,Black,SUV,54151,3.6L V6,Manual,35157,New,120,New York,True,7099,36
272,2023-10-15,Customer 272,555-858-3949,customer272@email.com,BMW,X5,2019,Red,Sedan,7045,5.0L V8,CVT,53000,Used,109,Philadelphia,True,3885,36
273,2023-12-14,Customer 273,555-849-1883,customer273@email.com,Nissan,Rogue,2023,White,Truck,47766,2.5L I4,CVT,55440,Used,113,Houston,True,7513,72
274,2023-01-16,Customer 274,555-890-5688,customer274@email.com,Ford,F-150,2022,Black,Sedan,27244,3.5L V6,Manual,39684,New,107,Philadelphia,True,3877,0
275,2023-03-26,Customer 275,555-525-9940,customer275@email.com,Honda,CR-V,2022,Silver,Truck,36932,5.0L V8,CVT,41927,Used,102,San Diego,True,2569,36
276,2023-12-17,Customer 276,555-895-6392,customer276@email.com,Nissan,Rogue,2020,Red,Sedan,30888,3.6L V6,Manual,32251,Used,106,Houston,False,0,0
277,2023-01-06,Customer 277,555-845-1100,customer277@email.com,Nissan,Altima,2018,White,Sedan,11076,3.5L V6,Manual,18355,Used,113,San Antonio,False,0,0
278,2023-11-28,Customer 278,555-597-8246,customer278@email.com,Toyota,Camry,2018,Green,SUV,7214,5.0L V8,Automatic,50273,New,115,San Antonio,True,4427,48
279,2023-08-17,Customer 279,555-813-9080,customer279@email.com,Mercedes,C-Class,2018,Blue,Coupe,41922,2.5L I4,CVT,17290,New,109,Chicago,False,0,0
280,2023-02-16,Customer 280,555-838-5324,customer280@email.com,Jeep,Wrangler,2018,Silver,Truck,9544,3.6L V6,Automatic,16778,Used,114,Phoenix,False,0,0
281,2023-02-20,Customer 281,555-208-9027,customer281@email.com,Nissan,Titan,2018,Black,Coupe,12233,2.0L I4,Automatic,50134,Used,103,Philadelphia,True,2353,48
282,2023-03-14,Customer 282,555-874-1516,customer282@email.com,Mercedes,E-Class,2021,Silver,Truck,46327,5.0L V8,Automatic,19532,Used,104,Dallas,False,0,0
283,2023-01-20,Customer 283,555-199-8101,customer283@email.com,Ford,F-150,2018,Gray,Sedan,20236,2.5L I4,Automatic,33033,New,104,Chicago,False,0,0
284,2023-05-09,Customer 284,555-780-4899,customer284@email.com,Mercedes,E-Class,2021,Blue,Coupe,33514,3.6L V6,Automatic,54498,New,119,Chicago,False,0,0
285,2023-05-15,Customer 285,555-376-1127,customer285@email.com,Hyundai,Elantra,2023,Red,SUV,7830,3.6L V6,Manual,52907,New,118,San Antonio,True,4097,48
286,2024-01-19,Customer 286,555-692-6278,customer286@email.com,Ford,Mustang,2024,Red,SUV,29159,3.5L V6,CVT,18273,Used,101,San Diego,True,615,48
287,2024-01-17,Customer 287,555-675-8935,customer287@email.com,BMW,5 Series,2022,White,Sedan,27433,5.0L V8,Manual,44623,Used,103,San Antonio,False,0,0
288,2024-01-02,Customer 288,555-896-9981,customer288@email.com,Hyundai,Elantra,2020,Green,SUV,40067,2.5L I4,Manual,26706,Used,115,Phoenix,False,0,0
289,2023-02-20,Customer 289,555-962-1866,customer289@email.com,Ford,Mustang,2020,Gray,Coupe,26626,3.6L V6,Manual,19460,Used,112,Los Angeles,False,0,0
290,2023-03-13,Customer 290,555-287-8949,customer290@email.com,Jeep,Grand Cherokee,2021,White,Coupe,23547,5.0L V8,Manual,19850,New,112,Phoenix,False,0,0
291,2023-06-08,Customer 291,555-121-8936,customer291@email.com,Toyota,Camry,2024,Gray,SUV,16222,2.5L I4,Manual,35846,New,103,New York,True,7612,60
292,2023-08-23,Customer 292,555-396-1680,customer292@email.com,Chevrolet,Traverse,2020,Black,Truck,43686,3.5L V6,CVT,35139,New,103,Philadelphia,True,6586,36
293,2023-05-12,Customer 293,555-342-9399,customer293@email.com,Nissan,Altima,2019,White,Coupe,7766,2.5L I4,Automatic,29453,New,118,New York,True,2285,60
294,2023-01-20,Customer 294,555-122-1423,customer294@email.com,Nissan,Altima,2024,Silver,SUV,52110,3.6L V6,Automatic,39127,New,111,San Antonio,True,1436,36
295,2023-05-15,Customer 295,555-397-3721,customer295@email.com,Nissan,Altima,2023,Silver,Truck,54822,2.0L I4,CVT,42633,Used,106,Chicago,False,0,0
296,2023-03-21,Customer 296,555-101-5850,customer296@email.com,Ford,F-150,2022,Red,Truck,35586,3.5L V6,Automatic,53448,Used,117,Philadelphia,False,0,0
297,2023-08-10,Customer 297,555-931-2829,customer297@email.com,Nissan,Rogue,2019,Green,Truck,16356,3.6L V6,Automatic,40094,New,103,Chicago,False,0,0
298,2023-10-28,Customer 298,555-576-8428,customer298@email.com,BMW,3 Series,2020,Green,Truck,16216,2.0L I4,Manual,39992,Used,104,New York,False,0,0
299,2023-10-03,Customer 299,555-759-4779,customer299@email.com,Audi,A6,2024,Gray,Sedan,10094,3.6L V6,Automatic,18973,New,110,Philadelphia,True,3720,36
300,2023-11-05,Customer 300,555-274-6599,customer300@email.com,Honda,CR-V,2024,Gray,Truck,16994,3.5L V6,Manual,20909,Used,104,Chicago,False,0,0
301,2023-05-05,Customer 301,555-954-3988,customer301@email.com,Ford,Escape,2023,Green,Coupe,7928,3.5L V6,Automatic,40652,Used,116,San Jose,False,0,0
302,2023-05-19,Customer 302,555-484-3376,customer302@email.com,Jeep,Wrangler,2023,Gray,Sedan,43014,5.0L V8,Automatic,39014,New,104,Los Angeles,False,0,0
303,2023-07-09,Customer 303,555-303-8004,customer303@email.com,Jeep,Cherokee,2024,White,Coupe,22886,2.0L I4,Manual,43720,New,103,Phoenix,False,0,0
304,2023-06-12,Customer 304,555-401-3908,customer304@email.com,Chevrolet,Equinox,2022,Blue,Sedan,38506,2.0L I4,Manual,47309,Used,106,Phoenix,True,9015,36
305,2023-11-14,Customer 305,555-313-1960,customer305@email.com,Audi,Q5,2019,Blue,Sedan,41665,3.5L V6,Automatic,49996,Used,105,Los Angeles,False,0,0
306,2023-03-14,Customer 306,555-299-5157,customer306@email.com,Chevrolet,Silverado,2020,Red,Coupe,50985,2.0L I4,Manual,28976,New,116,San Diego,False,0,0
307,2023-09-26,Customer 307,555-366-8275,customer307@email.com,Hyundai,Tucson,2021,Green,Coupe,11191,3.5L V6,Automatic,41488,Used,110,Houston,True,7440,0
308,2024-01-11,Customer 308,555-518-8140,customer308@email.com,Hyundai,Elantra,2024,Black,Truck,4747,2.0L I4,Automatic,18197,Used,105,San Diego,False,0,0
309,2023-06-28,Customer 309,555-720-4091,customer309@email.com,BMW,X5,2020,Green,Sedan,40865,3.5L V6,CVT,52502,New,112,Houston,True,11173,60
310,2023-02-12,Customer 310,555-935-3064,customer310@email.com,Hyundai,Tucson,2018,Blue,Truck,17129,3.5L V6,Manual,34612,New,103,San Antonio,True,91,60
311,2023-03-02,Customer 311,555-216-7786,customer311@email.com,Honda,Civic,2020,White,Truck,23174,2.5L I4,Manual,32551,Used,104,Chicago,False,0,0
312,2024-01-24,Customer 312,555-302-8741,customer312@email.com,Chevrolet,Traverse,2019,Green,Truck,42821,5.0L V8,CVT,33421,Used,110,Chicago,False,0,0
313,2023-11-07,Customer 313,555-251-6188,customer313@email.com,Mercedes,E-Class,2021,Black,SUV,55473,5.0L V8,Manual,53305,Used,120,Phoenix,True,6643,0
314,2023-12-18,Customer 314,555-424-5662,customer314@email.com,Nissan,Titan,2019,Green,Truck,53907,3.6L V6,CVT,16697,New,101,San Antonio,True,2378,36
315,2023-10-21,Customer 315,555-852-8395,customer315@email.com,Mercedes,C-Class,2024,Gray,Truck,14709,3.5L V6,Automatic,49227,Used,117,San Diego,True,8956,0
316,2023-03-12,Customer 316,555-416-4176,customer316@email.com,Ford,Mustang,2020,Gray,Coupe,56961,2.0L I4,Manual,34080,Used,110,Chicago,False,0,0
317,2023-10-05,Customer 317,555-725-3018,customer317@email.com,Mercedes,S-Class,2023,Gray,Truck,12635,3.5L V6,CVT,31942,New,119,San Diego,True,7780,48
318,2023-09-19,Customer 318,555-264-6043,customer318@email.com,Jeep,Wrangler,2024,Silver,SUV,56966,3.6L V6,Automatic,39188,New,118,New York,True,6675,0
319,2023-08-30,Customer 319,555-855-7793,customer319@email.com,Toyota,Camry,2023,Green,SUV,48748,3.6L V6,Automatic,58244,Used,110,Phoenix,False,0,0
320,2023-09-19,Customer 320,555-340-2639,customer320@email.com,Nissan,Altima,2022,Black,Coupe,6726,2.0L I4,CVT,30749,New,106,Houston,True,2033,48
321,2023-01-13,Customer 321,555-757-3084,customer321@email.com,Honda,CR-V,2022,Red,Sedan,52408,3.5L V6,Automatic,43551,Used,108,Los Angeles,False,0,0
322,2023-08-18,Customer 322,555-449-7685,customer322@email.com,Hyundai,Elantra,2023,Red,SUV,36202,3.6L V6,CVT,34982,Used,109,Chicago,True,3843,60
323,2023-09-16,Customer 323,555-683-4254,customer323@email.com,Ford,F-150,2019,White,SUV,35292,5.0L V8,Manual,37114,New,110,San Diego,True,7325,60
324,2023-02-11,Customer 324,555-295-6863,customer324@email.com,Mercedes,C-Class,2022,Blue,Coupe,8550,2.0L I4,Manual,34839,Used,112,New York,True,29,60
325,2023-12-08,Customer 325,555-509-2716,customer325@email.com,Nissan,Altima,2018,Green,Coupe,19213,2.5L I4,Automatic,48279,New,110,Los Angeles,False,0,0
326,2023-09-18,Customer 326,555-405-2346,customer326@email.com,Toyota,RAV4,2019,Silver,Truck,27703,2.5L I4,Automatic,18849,New,120,New York,True,4537,48
327,2023-01-16,Customer 327,555-976-1050,customer327@email.com,Honda,Accord,2022,White,SUV,42013,2.0L I4,CVT,47034,Used,106,Los Angeles,False,0,0
328,2023-08-13,Customer 328,555-739-3312,customer328@email.com,Honda,Accord,2022,Blue,SUV,38880,3.5L V6,CVT,47870,Used,115,Houston,False,0,0
329,2023-11-25,Customer 329,555-786-2025,customer329@email.com,Nissan,Rogue,2020,White,Coupe,43302,2.0L I4,Automatic,22311,Used,117,San Antonio,True,67,72
330,2023-07-16,Customer 330,555-916-3421,customer330@email.com,Chevrolet,Silverado,2021,Blue,Truck,10017,2.5L I4,CVT,43132,Used,120,Chicago,False,0,0
331,2023-08-01,Customer 331,555-223-1132,customer331@email.com,Ford,Mustang,2024,Gray,Truck,32920,3.6L V6,Manual,37070,Used,112,Los Angeles,True,8097,72
332,2023-08-22,Customer 332,555-166-1117,customer332@email.com,Hyundai,Sonata,2023,Blue,Truck,37147,2.5L I4,CVT,32245,Used,106,Philadelphia,True,5582,48
333,2023-07-02,Customer 333,555-722-9345,customer333@email.com,Mercedes,C-Class,2021,White,Truck,49965,3.5L V6,CVT,21225,Used,109,Philadelphia,True,4598,48
334,2023-01-28,Customer 334,555-685-1109,customer334@email.com,Audi,Q5,2022,Green,Sedan,8849,3.5L V6,Manual,19627,New,102,San Antonio,False,0,0
335,2023-05-21,Customer 335,555-730-1505,customer335@email.com,Honda,Civic,2024,Silver,Coupe,21182,3.6L V6,CVT,41044,Used,118,San Jose,True,5210,36
336,2023-01-03,Customer 336,555-237-2826,customer336@email.com,Audi,A6,2021,White,SUV,49848,3.5L V6,Automatic,47519,New,104,Phoenix,False,0,0
337,2023-10-07,Customer 337,555-271-8632,customer337@email.com,Toyota,Camry,2019,Blue,SUV,35630,5.0L V8,Manual,44569,Used,107,Chicago,False,0,0
338,2023-10-05,Customer 338,555-131-6575,customer338@email.com,Audi,A6,2022,Silver,Truck,28265,2.5L I4,CVT,42864,Used,111,Philadelphia,True,442,36
339,2023-06-06,Customer 339,555-714-9322,customer339@email.com,Jeep,Grand Cherokee,2022,Silver,Truck,27426,3.5L V6,Automatic,17574,New,116,San Jose,True,3464,48
340,2023-02-24,Customer 340,555-766-5561,customer340@email.com,BMW,X5,2022,Silver,Truck,55692,3.6L V6,Manual,49017,Used,113,Philadelphia,True,8835,36
341,2023-04-23,Customer 341,555-168-6877,customer341@email.com,Ford,F-150,2020,Red,SUV,56012,3.5L V6,CVT,37837,New,120,San Antonio,True,7507,72
342,2023-04-21,Customer 342,555-325-5560,customer342@email.com,Chevrolet,Silverado,2024,White,SUV,31609,3.5L V6,CVT,24434,Used,113,Houston,False,0,0
343,2023-12-23,Customer 343,555-742-5763,customer343@email.com,Toyota,Tacoma,2019,Blue,Coupe,24476,3.5L V6,Automatic,42147,Used,103,Phoenix,True,207,60
344,2024-01-29,Customer 344,555-265-7976,customer344@email.com,Nissan,Titan,2019,Green,Coupe,49088,5.0L V8,Manual,19096,Used,107,Dallas,True,4734,72
345,2023-01-15,Customer 345,555-401-1714,customer345@email.com,Jeep,Wrangler,2020,White,Sedan,34691,5.0L V8,Manual,16590,Used,110,San Jose,True,1986,0
346,2023-02-18,Customer 346,555-878-6902,customer346@email.com,Chevrolet,Silverado,2023,Gray,Coupe,55432,3.5L V6,Automatic,25499,Used,106,San Antonio,False,0,0
347,2023-03-10,Customer 347,555-218-3162,customer347@email.com,Audi,A4,2022,Silver,Coupe,50584,5.0L V8,Manual,45228,New,118,Dallas,True,10282,72
348,2023-12-30,Customer 348,555-686-3855,customer348@email.com,Chevrolet,Equinox,2022,Blue,Coupe,12566,2.5L I4,CVT,32330,Used,111,Philadelphia,True,868,72
349,2023-03-07,Customer 349,555-519-1597,customer349@email.com,Mercedes,S-Class,2022,Blue,Sedan,42405,3.5L V6,CVT,53565,New,107,San Diego,False,0,0
350,2023-05-01,Customer 350,555-201-1813,customer350@email.com,Audi,Q5,2024,White,Sedan,12487,3.5L V6,Automatic,52618,New,113,San Diego,False,0,0
351,2023-06-05,Customer 351,555-302-4453,customer351@email.com,Toyota,Camry,2019,Gray,SUV,5756,3.5L V6,Manual,48141,New,116,Phoenix,False,0,0
352,2023-03-04,Customer 352,555-958-6567,customer352@email.com,Nissan,Altima,2020,Silver,Coupe,28130,2.0L I4,Manual,18153,New,109,Houston,False,0,0
353,2023-01-01,Customer 353,555-515-8660,customer353@email.com,Audi,Q5,2020,Gray,Truck,12890,3.5L V6,CVT,57293,Used,104,Los Angeles,True,3150,48
354,2023-07-21,Customer 354,555-474-4041,customer354@email.com,Nissan,Titan,2019,Green,SUV,46969,2.5L I4,Manual,49484,New,102,San Diego,True,2250,72
355,2024-01-21,Customer 355,555-672-8691,customer355@email.com,Toyota,Camry,2021,Black,Coupe,45769,2.5L I4,Automatic,22921,New,117,Chicago,False,0,0
356,2023-09-25,Customer 356,555-444-7454,customer356@email.com,Nissan,Titan,2023,Silver,Truck,39659,2.5L I4,CVT,15630,New,115,Houston,False,0,0
357,2023-04-10,Customer 357,555-565-7755,customer357@email.com,Ford,F-150,2019,Black,Coupe,34441,2.5L I4,Manual,44792,New,105,Dallas,True,6347,72
358,2023-08-12,Customer 358,555-158-2582,customer358@email.com,Honda,CR-V,2021,White,SUV,22682,5.0L V8,CVT,38113,New,105,San Jose,False,0,0
359,2023-08-19,Customer 359,555-905-6347,customer359@email.com,Nissan,Rogue,2021,Blue,Sedan,23669,2.0L I4,CVT,45546,Used,120,Phoenix,True,11228,72
360,2023-12-29,Customer 360,555-234-9918,customer360@email.com,Audi,Q5,2018,Gray,Coupe,11282,2.0L I4,Manual,52594,Used,104,San Diego,True,3756,36
361,2023-06-15,Customer 361,555-499-5746,customer361@email.com,Audi,Q5,2019,Blue,Truck,23176,2.5L I4,Manual,48359,New,105,Philadelphia,False,0,0
362,2023-09-11,Customer 362,555-819-1316,customer362@email.com,Audi,A4,2018,Silver,Truck,20396,2.5L I4,CVT,22514,New,102,New York,False,0,0
363,2023-12-22,Customer 363,555-485-6796,customer363@email.com,Toyota,RAV4,2020,Green,Coupe,39935,5.0L V8,CVT,58390,New,105,New York,True,1676,72
364,2023-05-02,Customer 364,555-773-5552,customer364@email.com,Jeep,Grand Cherokee,2022,Blue,SUV,38693,2.0L I4,Automatic,52436,New,120,Dallas,True,7571,48
365,2023-11-04,Customer 365,555-901-1702,customer365@email.com,Toyota,RAV4,2018,Black,Truck,34073,3.6L V6,Automatic,50172,Used,114,Houston,False,0,0
366,2023-01-03,Customer 366,555-389-9402,customer366@email.com,Honda,Civic,2023,Blue,Sedan,18722,3.6L V6,CVT,48597,New,110,Los Angeles,False,0,0
367,2023-03-28,Customer 367,555-466-9807,customer367@email.com,Audi,A4,2024,White,SUV,31995,2.0L I4,Automatic,32305,New,118,Chicago,True,1670,48
368,2023-04-08,Customer 368,555-706-1081,customer368@email.com,Ford,Escape,2022,Silver,SUV,11677,5.0L V8,Manual,56371,Used,103,Philadelphia,True,12886,0
369,2023-12-12,Customer 369,555-659-5902,customer369@email.com,Jeep,Cherokee,2024,Blue,Coupe,16856,3.6L V6,Automatic,49760,Used,104,San Jose,True,7091,36
370,2023-01-18,Customer 370,555-343-3494,customer370@email.com,Ford,F-150,2021,Black,Sedan,46941,3.5L V6,Manual,43009,New,107,Chicago,True,4283,0
371,2023-12-20,Customer 371,555-981-1159,customer371@email.com,Ford,Mustang,2024,White,SUV,58467,2.5L I4,Automatic,48988,New,120,Los Angeles,False,0,0
372,2023-11-24,Customer 372,555-963-1350,customer372@email.com,Toyota,Camry,2023,Silver,Truck,48231,3.5L V6,Automatic,34530,Used,102,Dallas,True,4238,0
373,2023-11-25,Customer 373,555-493-2843,customer373@email.com,Nissan,Rogue,2019,Silver,Sedan,47328,3.6L V6,CVT,18178,New,109,Los Angeles,True,1742,48
374,2024-01-05,Customer 374,555-907-1625,customer374@email.com,Nissan,Rogue,2022,Green,SUV,11007,2.0L I4,CVT,57359,Used,120,Dallas,False,0,0
375,2023-11-02,Customer 375,555-998-3522,customer375@email.com,Audi,A6,2022,Red,Coupe,7644,3.5L V6,Manual,39971,Used,111,Los Angeles,False,0,0
376,2023-03-23,Customer 376,555-653-6938,customer376@email.com,Honda,CR-V,2019,Silver,Sedan,26364,3.6L V6,Automatic,59578,New,109,San Antonio,False,0,0
377,2023-06-08,Customer 377,555-926-6065,customer377@email.com,Chevrolet,Traverse,2020,White,Sedan,44687,3.6L V6,CVT,40703,New,118,San Diego,False,0,0
378,2023-08-29,Customer 378,555-753-1889,customer378@email.com,Hyundai,Sonata,2024,Red,Coupe,34832,2.5L I4,CVT,22311,New,109,Dallas,True,174,48
379,2023-11-14,Customer 379,555-340-1878,customer379@email.com,Audi,Q5,2024,Gray,Coupe,57444,2.0L I4,Automatic,33172,Used,103,Philadelphia,True,7216,48
380,2023-08-22,Customer 380,555-642-8212,customer380@email.com,Honda,CR-V,2021,Green,Sedan,28204,3.6L V6,Automatic,57215,New,120,Phoenix,False,0,0
381,2023-06-09,Customer 381,555-616-8615,customer381@email.com,Chevrolet,Silverado,2019,Gray,Coupe,46131,3.5L V6,Automatic,17026,New,102,New York,False,0,0
382,2023-02-18,Customer 382,555-715-5422,customer382@email.com,BMW,5 Series,2024,Red,Truck,47537,3.5L V6,Manual,48380,New,114,Los Angeles,True,2089,48
383,2023-02-11,Customer 383,555-274-1148,customer383@email.com,BMW,5 Series,2022,White,SUV,17347,3.5L V6,Automatic,19134,New,114,Chicago,True,2991,48
384,2023-01-06,Customer 384,555-109-6717,customer384@email.com,Ford,F-150,2022,Gray,SUV,59581,2.5L I4,Manual,53122,New,101,San Diego,True,24,0
385,2023-07-10,Customer 385,555-355-6619,customer385@email.com,Ford,Escape,2022,Green,SUV,11048,2.5L I4,Manual,48767,Used,116,Phoenix,True,4834,0
386,2023-11-14,Customer 386,555-713-4428,customer386@email.com,BMW,3 Series,2024,Blue,Coupe,44683,3.6L V6,Manual,31356,New,110,San Diego,True,4287,72
387,2023-12-14,Customer 387,555-341-8508,customer387@email.com,Ford,Mustang,2018,White,Sedan,15633,2.5L I4,CVT,15306,Used,111,San Diego,True,673,72
388,2023-10-17,Customer 388,555-427-3653,customer388@email.com,Toyota,RAV4,2020,Gray,SUV,24427,2.5L I4,CVT,19907,New,111,New York,True,3508,36
389,2023-07-24,Customer 389,555-433-4345,customer389@email.com,BMW,3 Series,2024,Silver,Coupe,50412,3.5L V6,Automatic,53505,New,111,San Antonio,True,3970,60
390,2023-11-12,Customer 390,555-423-6681,customer390@email.com,Nissan,Titan,2021,White,SUV,16919,5.0L V8,Manual,26677,Used,105,Philadelphia,True,5236,0
391,2023-03-13,Customer 391,555-793-5207,customer391@email.com,Hyundai,Tucson,2020,Black,Coupe,35004,2.5L I4,CVT,26872,Used,114,New York,True,4851,72
392,2023-05-28,Customer 392,555-514-1806,customer392@email.com,Jeep,Cherokee,2024,Gray,Coupe,45201,2.5L I4,Automatic,49249,New,110,Los Angeles,False,0,0
393,2023-04-01,Customer 393,555-711-1139,customer393@email.com,Toyota,Tacoma,2018,Gray,SUV,6195,2.0L I4,Manual,27861,Used,106,Phoenix,False,0,0
394,2023-12-21,Customer 394,555-615-1986,customer394@email.com,Honda,Civic,2020,White,SUV,20785,2.5L I4,CVT,38561,New,102,San Antonio,False,0,0
395,2023-12-26,Customer 395,555-457-2184,customer395@email.com,Audi,Q5,2021,Silver,Coupe,48781,2.0L I4,Automatic,25340,New,101,San Antonio,True,918,48
396,2023-06-09,Customer 396,555-913-4309,customer396@email.com,Hyundai,Elantra,2018,Gray,Truck,35950,5.0L V8,CVT,45792,Used,101,Phoenix,True,3796,60
397,2023-05-29,Customer 397,555-148-5346,customer397@email.com,Chevrolet,Equinox,2019,Green,SUV,42414,2.5L I4,Automatic,47180,New,113,Houston,True,7214,60
398,2023-12-20,Customer 398,555-111-4027,customer398@email.com,Ford,F-150,2020,Blue,Coupe,53038,3.5L V6,CVT,47161,New,112,Dallas,False,0,0
399,2023-07-16,Customer 399,555-790-8282,customer399@email.com,Ford,F-150,2023,Black,Truck,6751,3.5L V6,Manual,17411,New,117,San Diego,False,0,0
400,2023-09-16,Customer 400,555-757-7765,customer400@email.com,Jeep,Grand Cherokee,2021,Gray,Sedan,48030,2.5L I4,Automatic,49158,Used,120,San Jose,True,9141,72
401,2023-03-09,Customer 401,555-319-1414,customer401@email.com,Toyota,RAV4,2024,Green,Sedan,46617,3.5L V6,CVT,15868,Used,104,Philadelphia,False,0,0
402,2023-08-24,Customer 402,555-316-2201,customer402@email.com,Nissan,Rogue,2019,Gray,Sedan,26751,3.5L V6,Manual,37038,New,115,Los Angeles,True,2243,60
403,2023-11-13,Customer 403,555-504-6320,customer403@email.com,Toyota,Tacoma,2024,Gray,SUV,21383,3.5L V6,CVT,56506,Used,118,Philadelphia,True,2497,48
404,2023-04-04,Customer 404,555-732-1721,customer404@email.com,Audi,A4,2020,White,SUV,23851,3.6L V6,CVT,58695,New,108,New York,False,0,0
405,2023-03-09,Customer 405,555-190-6373,customer405@email.com,Mercedes,S-Class,2022,Silver,SUV,27640,2.5L I4,CVT,22262,Used,115,Houston,True,3689,60
406,2023-03-05,Customer 406,555-488-8710,customer406@email.com,Honda,Civic,2023,Silver,SUV,54370,2.5L I4,Automatic,44454,New,112,San Jose,False,0,0
407,2023-07-19,Customer 407,555-949-4470,customer407@email.com,Chevrolet,Equinox,2024,Red,Truck,12834,5.0L V8,CVT,36556,Used,115,Houston,False,0,0
408,2023-01-11,Customer 408,555-600-9552,customer408@email.com,Ford,Escape,2024,Gray,Truck,36744,3.6L V6,CVT,54923,Used,113,Phoenix,True,5758,0
409,2023-12-17,Customer 409,555-571-4984,customer409@email.com,Mercedes,E-Class,2022,Black,Sedan,50504,2.0L I4,Manual,20621,New,119,San Antonio,True,2218,48
410,2023-01-22,Customer 410,555-129-2459,customer410@email.com,Toyota,Tacoma,2021,Gray,Sedan,48732,3.6L V6,Manual,30978,Used,115,San Antonio,False,0,0
411,2023-06-25,Customer 411,555-467-3199,customer411@email.com,Nissan,Titan,2018,Blue,Sedan,43207,3.5L V6,CVT,41897,New,116,Phoenix,False,0,0
412,2023-11-03,Customer 412,555-198-5027,customer412@email.com,Jeep,Wrangler,2023,Silver,Sedan,49668,3.5L V6,Automatic,38161,Used,116,San Antonio,True,1392,36
413,2023-06-03,Customer 413,555-680-7338,customer413@email.com,Mercedes,S-Class,2022,Green,SUV,50665,3.6L V6,CVT,32065,New,110,Houston,False,0,0
414,2023-01-07,Customer 414,555-194-8426,customer414@email.com,Honda,Civic,2021,White,Coupe,22678,2.0L I4,CVT,45555,Used,119,San Diego,True,7366,48
415,2023-10-26,Customer 415,555-608-3590,customer415@email.com,BMW,3 Series,2021,Green,SUV,17343,3.6L V6,CVT,52538,New,116,Houston,False,0,0
416,2023-08-31,Customer 416,555-862-7124,customer416@email.com,Audi,A6,2020,Silver,Truck,50897,5.0L V8,Automatic,17838,New,111,Chicago,True,1793,60
417,2023-11-10,Customer 417,555-898-3127,customer417@email.com,Audi,Q5,2020,Gray,SUV,31054,2.0L I4,Manual,41328,Used,107,Houston,False,0,0
418,2024-01-13,Customer 418,555-294-6648,customer418@email.com,Jeep,Cherokee,2022,White,Truck,56989,5.0L V8,CVT,26109,New,109,Phoenix,False,0,0
419,2023-11-14,Customer 419,555-310-7441,customer419@email.com,Jeep,Cherokee,2021,Blue,Coupe,24464,3.6L V6,Manual,23742,New,110,New York,True,1176,48
420,2023-01-25,Customer 420,555-677-2754,customer420@email.com,Jeep,Cherokee,2022,Silver,SUV,17298,5.0L V8,Manual,54436,New,102,San Diego,False,0,0
421,2023-06-24,Customer 421,555-392-8071,customer421@email.com,Mercedes,S-Class,2023,Red,SUV,8993,3.5L V6,Manual,31096,Used,117,New York,True,7680,36
422,2023-11-24,Customer 422,555-722-7628,customer422@email.com,Mercedes,C-Class,2023,Blue,Truck,57454,5.0L V8,Manual,37642,New,106,Phoenix,True,4795,48
423,2023-06-18,Customer 423,555-342-2025,customer423@email.com,BMW,3 Series,2022,White,SUV,57086,5.0L V8,CVT,23930,Used,105,Los Angeles,True,241,36
424,2023-09-06,Customer 424,555-556-5934,customer424@email.com,Chevrolet,Silverado,2020,White,SUV,13135,5.0L V8,Manual,44397,Used,112,San Antonio,False,0,0
425,2023-10-27,Customer 425,555-825-7950,customer425@email.com,Chevrolet,Equinox,2020,Silver,Sedan,20885,5.0L V8,Automatic,33914,Used,113,San Jose,False,0,0
426,2023-04-06,Customer 426,555-780-9850,customer426@email.com,Mercedes,S-Class,2022,Silver,Truck,5609,3.5L V6,Automatic,42351,New,108,Chicago,True,3671,60
427,2023-11-27,Customer 427,555-313-1339,customer427@email.com,Toyota,RAV4,2022,White,SUV,7929,5.0L V8,Automatic,34873,New,117,San Jose,True,2753,0
428,2024-01-28,Customer 428,555-518-9674,customer428@email.com,Nissan,Rogue,2019,Blue,Coupe,24228,2.0L I4,Manual,23347,New,101,Chicago,True,2404,36
429,2024-01-19,Customer 429,555-462-5003,customer429@email.com,Nissan,Altima,2019,Green,Coupe,53498,5.0L V8,CVT,34478,New,109,Los Angeles,False,0,0
430,2023-11-19,Customer 430,555-647-5146,customer430@email.com,Nissan,Rogue,2021,Red,Truck,49090,3.5L V6,Manual,32385,Used,113,Phoenix,False,0,0
431,2023-09-20,Customer 431,555-991-4347,customer431@email.com,Hyundai,Elantra,2022,White,Sedan,33566,2.5L I4,Manual,48929,New,105,Dallas,False,0,0
432,2023-09-14,Customer 432,555-116-3332,customer432@email.com,BMW,X5,2023,Silver,Sedan,18141,3.6L V6,Automatic,48487,New,116,San Jose,False,0,0
433,2023-10-12,Customer 433,555-453-7277,customer433@email.com,Honda,CR-V,2019,Black,Sedan,31742,3.5L V6,Manual,50859,New,111,San Diego,False,0,0
434,2023-02-27,Customer 434,555-148-9281,customer434@email.com,Chevrolet,Silverado,2018,Blue,SUV,30227,3.5L V6,Manual,45599,New,104,New York,True,7038,48
435,2023-05-13,Customer 435,555-854-5373,customer435@email.com,Mercedes,C-Class,2021,White,Truck,20415,3.6L V6,Automatic,26460,New,116,Philadelphia,False,0,0
436,2023-02-14,Customer 436,555-404-9658,customer436@email.com,Nissan,Altima,2020,Red,Sedan,30922,2.0L I4,Manual,36238,New,104,New York,False,0,0
437,2023-01-09,Customer 437,555-609-5304,customer437@email.com,BMW,5 Series,2022,White,Truck,30890,3.5L V6,Manual,22819,New,114,Chicago,False,0,0
438,2023-12-04,Customer 438,555-651-9670,customer438@email.com,Chevrolet,Silverado,2018,Red,Truck,50778,2.5L I4,Automatic,40701,Used,102,San Antonio,False,0,0
439,2023-04-08,Customer 439,555-922-9610,customer439@email.com,Hyundai,Elantra,2018,Green,SUV,22853,2.5L I4,CVT,34567,Used,118,New York,True,2373,48
440,2023-11-29,Customer 440,555-921-5457,customer440@email.com,Ford,Escape,2023,White,Sedan,33575,2.5L I4,CVT,44631,New,102,Houston,False,0,0
441,2023-08-01,Customer 441,555-628-6235,customer441@email.com,Audi,A4,2019,White,Coupe,8265,2.0L I4,CVT,19019,New,119,New York,True,2652,72
442,2023-03-10,Customer 442,555-347-4923,customer442@email.com,Chevrolet,Silverado,2021,White,SUV,22234,2.0L I4,CVT,49587,New,113,San Antonio,True,11335,60
443,2023-07-29,Customer 443,555-569-2426,customer443@email.com,BMW,5 Series,2020,Black,Coupe,50678,2.5L I4,Automatic,30461,New,107,San Diego,False,0,0
444,2023-12-05,Customer 444,555-161-6183,customer444@email.com,Hyundai,Tucson,2024,Red,Coupe,14672,3.5L V6,Automatic,59071,Used,109,Dallas,True,5736,60
445,2023-02-27,Customer 445,555-638-9764,customer445@email.com,Mercedes,C-Class,2024,Green,Sedan,36554,2.5L I4,CVT,28308,Used,104,Houston,False,0,0
446,2023-07-06,Customer 446,555-956-2072,customer446@email.com,Nissan,Titan,2020,Gray,Coupe,39151,3.5L V6,CVT,19849,New,105,Chicago,True,2870,0
447,2023-05-27,Customer 447,555-186-5876,customer447@email.com,Audi,A6,2022,Gray,SUV,18434,2.0L I4,CVT,39155,Used,105,New York,False,0,0
448,2023-05-16,Customer 448,555-511-3507,customer448@email.com,BMW,3 Series,2022,Silver,SUV,36656,3.6L V6,Automatic,35886,New,116,San Jose,False,0,0
449,2023-05-27,Customer 449,555-222-1074,customer449@email.com,Hyundai,Elantra,2022,Blue,SUV,22695,3.6L V6,Automatic,51579,Used,104,San Diego,True,11881,0
450,2023-02-22,Customer 450,555-954-5450,customer450@email.com,Jeep,Grand Cherokee,2023,Blue,Sedan,49599,2.0L I4,Automatic,46309,Used,110,New York,True,11540,0
451,2023-08-11,Customer 451,555-335-3578,customer451@email.com,Ford,F-150,2019,Blue,Truck,24888,5.0L V8,Manual,46474,Used,118,Dallas,False,0,0
452,2024-01-03,Customer 452,555-865-3188,customer452@email.com,BMW,5 Series,2019,Black,Truck,39875,2.0L I4,Automatic,50497,Used,108,Dallas,True,10948,36
453,2023-07-26,Customer 453,555-696-5749,customer453@email.com,Toyota,Tacoma,2020,Black,SUV,54840,2.0L I4,CVT,39441,Used,116,Chicago,False,0,0
454,2023-12-16,Customer 454,555-324-1506,customer454@email.com,Nissan,Titan,2024,Silver,Coupe,27356,3.5L V6,CVT,28131,Used,115,Philadelphia,True,1624,60
455,2023-01-11,Customer 455,555-621-7990,customer455@email.com,BMW,X5,2023,Silver,Coupe,29725,5.0L V8,Automatic,50875,New,106,San Antonio,False,0,0
456,2023-03-28,Customer 456,555-224-5441,customer456@email.com,Ford,F-150,2022,Red,SUV,14656,3.6L V6,CVT,40089,New,101,New York,False,0,0
457,2023-08-22,Customer 457,555-829-6567,customer457@email.com,Chevrolet,Silverado,2022,Black,Coupe,21842,3.6L V6,Automatic,42400,Used,119,San Antonio,False,0,0
458,2023-03-04,Customer 458,555-569-6114,customer458@email.com,Nissan,Altima,2018,White,Sedan,6412,2.0L I4,Manual,25919,Used,104,New York,True,5506,60
459,2023-06-24,Customer 459,555-791-1379,customer459@email.com,Chevrolet,Equinox,2021,White,Sedan,36339,3.6L V6,Automatic,42720,New,111,Chicago,False,0,0
460,2023-05-04,Customer 460,555-269-6149,customer460@email.com,Jeep,Wrangler,2019,Black,Truck,40078,5.0L V8,Manual,46852,New,118,Phoenix,False,0,0
461,2023-01-19,Customer 461,555-153-9735,customer461@email.com,Audi,Q5,2023,Gray,Truck,9732,2.0L I4,Manual,51204,Used,109,San Antonio,True,8298,0
462,2023-11-09,Customer 462,555-751-8577,customer462@email.com,BMW,3 Series,2021,White,Coupe,11062,5.0L V8,CVT,35919,New,117,Phoenix,True,4179,72
463,2023-04-09,Customer 463,555-983-3502,customer463@email.com,Audi,A6,2024,Green,SUV,35557,3.6L V6,Automatic,19450,Used,104,San Antonio,True,374,0
464,2023-10-30,Customer 464,555-981-5486,customer464@email.com,Ford,Escape,2024,Red,SUV,12367,5.0L V8,Manual,33129,New,107,New York,True,6985,36
465,2023-11-05,Customer 465,555-526-8464,customer465@email.com,Jeep,Grand Cherokee,2023,Gray,SUV,42788,2.0L I4,Manual,45387,New,102,Los Angeles,False,0,0
466,2023-11-24,Customer 466,555-518-3488,customer466@email.com,BMW,5 Series,2019,Silver,Coupe,35101,3.5L V6,Automatic,22641,Used,108,Dallas,True,3858,48
467,2024-01-23,Customer 467,555-280-1546,customer467@email.com,Hyundai,Elantra,2019,Silver,Coupe,47726,3.5L V6,Manual,46761,Used,105,San Jose,False,0,0
468,2023-04-30,Customer 468,555-492-4570,customer468@email.com,BMW,3 Series,2022,Red,Coupe,6746,5.0L V8,Manual,37576,Used,119,Los Angeles,False,0,0
469,2023-07-24,Customer 469,555-841-5155,customer469@email.com,Honda,CR-V,2019,Red,Truck,12875,3.5L V6,Automatic,50045,New,113,Dallas,False,0,0
470,2023-03-09,Customer 470,555-584-1976,customer470@email.com,Chevrolet,Equinox,2024,Red,Sedan,9717,2.0L I4,Manual,46256,New,115,Phoenix,False,0,0
471,2023-01-16,Customer 471,555-832-7003,customer471@email.com,BMW,5 Series,2024,White,Truck,22191,5.0L V8,Automatic,28494,Used,113,Philadelphia,True,3103,72
472,2023-05-16,Customer 472,555-562-1090,customer472@email.com,Audi,A6,2019,Red,Sedan,35771,2.0L I4,Automatic,19066,Used,119,Phoenix,True,2426,72
473,2024-01-07,Customer 473,555-989-3399,customer473@email.com,Nissan,Altima,2019,White,Truck,6653,3.5L V6,Automatic,59849,Used,107,Philadelphia,True,12381,48
474,2023-03-13,Customer 474,555-213-5326,customer474@email.com,Hyundai,Sonata,2024,Red,SUV,6438,5.0L V8,Automatic,35470,New,112,New York,False,0,0
475,2023-11-13,Customer 475,555-416-2489,customer475@email.com,BMW,3 Series,2024,Blue,SUV,43183,2.0L I4,Manual,31208,New,118,San Antonio,True,7043,48
476,2023-12-20,Customer 476,555-658-3539,customer476@email.com,Toyota,RAV4,2022,White,SUV,51839,3.6L V6,Manual,39823,New,103,Phoenix,False,0,0
477,2023-11-06,Customer 477,555-661-4490,customer477@email.com,Honda,Civic,2024,Gray,SUV,13266,2.0L I4,Automatic,20818,New,108,Philadelphia,True,3115,60
478,2023-12-06,Customer 478,555-755-4616,customer478@email.com,Mercedes,E-Class,2019,Blue,Coupe,11167,3.6L V6,CVT,27694,New,118,Los Angeles,False,0,0
479,2023-12-09,Customer 479,555-847-5116,customer479@email.com,Chevrolet,Equinox,2019,Green,SUV,45536,2.0L I4,Manual,15485,New,120,Philadelphia,False,0,0
480,2023-08-06,Customer 480,555-955-7842,customer480@email.com,Chevrolet,Silverado,2019,Silver,Coupe,22016,5.0L V8,Manual,39732,Used,105,Phoenix,True,6428,0
481,2023-06-25,Customer 481,555-813-8096,customer481@email.com,Jeep,Cherokee,2021,Red,Sedan,39768,3.6L V6,Automatic,32872,New,114,Houston,False,0,0
482,2023-06-01,Customer 482,555-147-8073,customer482@email.com,Jeep,Cherokee,2019,Gray,Sedan,19244,2.0L I4,Manual,48853,New,116,Phoenix,False,0,0
483,2023-11-12,Customer 483,555-628-3943,customer483@email.com,Hyundai,Elantra,2019,Gray,Coupe,36497,3.6L V6,CVT,54346,Used,107,Chicago,False,0,0
484,2023-02-24,Customer 484,555-606-7735,customer484@email.com,Toyota,RAV4,2023,Blue,Truck,10555,5.0L V8,Manual,50406,Used,118,Los Angeles,True,4892,36
485,2023-07-06,Customer 485,555-739-4045,customer485@email.com,BMW,3 Series,2024,Gray,Sedan,10327,5.0L V8,CVT,18842,Used,113,Phoenix,False,0,0
486,2023-11-24,Customer 486,555-924-9077,customer486@email.com,Audi,Q5,2019,Green,Sedan,16278,2.0L I4,CVT,59707,Used,114,Los Angeles,True,9586,60
487,2023-12-25,Customer 487,555-415-5991,customer487@email.com,Hyundai,Tucson,2020,Red,SUV,9706,3.5L V6,Manual,40543,New,114,New York,True,3899,72
488,2023-07-02,Customer 488,555-273-9805,customer488@email.com,Hyundai,Tucson,2020,Red,Truck,42207,3.6L V6,Manual,24428,Used,119,San Antonio,False,0,0
489,2023-04-10,Customer 489,555-572-8655,customer489@email.com,Ford,Escape,2022,Black,Coupe,8821,3.6L V6,CVT,38318,Used,108,Philadelphia,True,6963,0
490,2023-06-18,Customer 490,555-262-9510,customer490@email.com,BMW,X5,2019,Blue,Sedan,6046,5.0L V8,Manual,52457,Used,117,Los Angeles,False,0,0
491,2023-12-03,Customer 491,555-437-3077,customer491@email.com,Honda,Accord,2020,Red,Coupe,41069,5.0L V8,Automatic,47239,New,105,Houston,False,0,0
492,2023-07-20,Customer 492,555-528-3673,customer492@email.com,Hyundai,Elantra,2018,Green,Coupe,10793,3.6L V6,CVT,59943,Used,108,San Jose,True,13819,60
493,2023-09-17,Customer 493,555-767-3458,customer493@email.com,Jeep,Wrangler,2020,Red,Sedan,15470,2.0L I4,Automatic,40074,New,111,Dallas,True,5338,0
494,2023-04-14,Customer 494,555-154-6627,customer494@email.com,Hyundai,Tucson,2021,Gray,Sedan,40874,5.0L V8,Manual,20225,Used,107,Houston,True,4566,72
495,2023-06-22,Customer 495,555-643-4294,customer495@email.com,Audi,A4,2019,White,Truck,21693,3.5L V6,Automatic,59029,Used,117,San Jose,True,7443,0
496,2023-07-04,Customer 496,555-872-2912,customer496@email.com,Audi,A6,2022,Blue,Sedan,42394,3.6L V6,CVT,42871,Used,118,Dallas,False,0,0
497,2024-01-13,Customer 497,555-758-4728,customer497@email.com,Honda,Civic,2021,White,Sedan,47961,2.0L I4,CVT,17531,New,114,Houston,True,4141,36
498,2023-05-11,Customer 498,555-629-2109,customer498@email.com,Nissan,Rogue,2019,White,Coupe,49365,5.0L V8,Automatic,44337,Used,104,San Jose,False,0,0
499,2023-06-14,Customer 499,555-933-2259,customer499@email.com,Honda,CR-V,2021,Black,Sedan,46692,3.6L V6,Automatic,29309,New,109,Los Angeles,False,0,0
500,2023-07-02,Customer 500,555-753-7064,customer500@email.com,Mercedes,C-Class,2023,Gray,SUV,47064,2.0L I4,Manual,34194,New,117,San Jose,False,0,0
501,2023-04-28,Customer 501,555-391-9692,customer501@email.com,Jeep,Grand Cherokee,2019,Silver,SUV,6353,3.6L V6,CVT,34335,New,116,New York,True,7429,0
502,2023-10-26,Customer 502,555-121-8095,customer502@email.com,Audi,A6,2018,Black,Coupe,41896,3.5L V6,Automatic,27268,Used,115,New York,False,0,0
503,2023-08-30,Customer 503,555-196-8301,customer503@email.com,Audi,Q5,2024,White,SUV,23160,3.5L V6,Manual,16607,New,105,Chicago,True,2770,60
504,2023-05-30,Customer 504,555-733-8635,customer504@email.com,Chevrolet,Equinox,2019,White,Coupe,25698,3.5L V6,CVT,59031,Used,109,Philadelphia,False,0,0
505,2023-07-09,Customer 505,555-417-9143,customer505@email.com,Audi,A4,2019,Blue,Truck,32234,3.6L V6,Manual,52577,Used,117,Philadelphia,False,0,0
506,2023-07-30,Customer 506,555-712-4764,customer506@email.com,Nissan,Titan,2020,White,SUV,45171,2.0L I4,CVT,36161,Used,107,Dallas,True,7350,60
507,2023-04-08,Customer 507,555-765-4280,customer507@email.com,Ford,F-150,2023,Green,Truck,13644,3.5L V6,CVT,54472,New,101,San Diego,False,0,0
508,2023-01-04,Customer 508,555-685-8291,customer508@email.com,Jeep,Grand Cherokee,2021,Gray,Coupe,17647,2.5L I4,Manual,17707,New,116,San Antonio,False,0,0
509,2023-06-09,Customer 509,555-254-8323,customer509@email.com,Honda,Civic,2020,Blue,Coupe,20850,3.6L V6,CVT,27202,New,101,Houston,True,2333,48
510,2023-05-22,Customer 510,555-144-5134,customer510@email.com,Jeep,Wrangler,2021,Blue,Truck,6370,3.6L V6,Automatic,40258,Used,110,Phoenix,False,0,0
511,2023-01-18,Customer 511,555-555-4039,customer511@email.com,Hyundai,Elantra,2019,Blue,Coupe,27513,2.0L I4,Automatic,59851,New,117,San Jose,True,2638,48
512,2023-08-24,Customer 512,555-120-5851,customer512@email.com,Jeep,Wrangler,2022,Black,SUV,43418,2.5L I4,CVT,54730,Used,102,Los Angeles,False,0,0
513,2023-09-10,Customer 513,555-204-9137,customer513@email.com,Audi,Q5,2022,Green,Truck,22261,2.5L I4,Manual,35309,Used,118,Los Angeles,True,1198,72
514,2023-08-03,Customer 514,555-826-6963,customer514@email.com,Jeep,Grand Cherokee,2021,Silver,Sedan,25240,3.5L V6,Manual,58702,New,110,Houston,False,0,0
515,2023-08-20,Customer 515,555-418-2750,customer515@email.com,Nissan,Altima,2019,Red,Sedan,41035,2.5L I4,Automatic,33973,New,102,San Diego,False,0,0
516,2023-04-16,Customer 516,555-236-7684,customer516@email.com,Ford,Mustang,2018,Green,SUV,45970,3.6L V6,Automatic,50736,Used,104,San Antonio,False,0,0
517,2023-02-17,Customer 517,555-959-6801,customer517@email.com,Chevrolet,Equinox,2018,Silver,Coupe,5979,3.5L V6,CVT,54903,New,102,San Jose,False,0,0
518,2023-05-25,Customer 518,555-833-8623,customer518@email.com,Chevrolet,Equinox,2018,Blue,Truck,48915,2.5L I4,Manual,47317,Used,103,New York,True,5429,48
519,2023-09-11,Customer 519,555-455-7371,customer519@email.com,Ford,Escape,2020,Blue,SUV,57155,5.0L V8,Automatic,22013,Used,111,San Diego,True,4539,60
520,2024-01-13,Customer 520,555-447-4314,customer520@email.com,Nissan,Altima,2020,Black,SUV,11755,2.0L I4,CVT,30036,Used,105,San Antonio,True,6762,36
521,2024-01-24,Customer 521,555-276-6944,customer521@email.com,BMW,X5,2020,Black,Sedan,7522,2.0L I4,Manual,32642,New,102,San Jose,True,6357,36
522,2023-10-28,Customer 522,555-497-2963,customer522@email.com,Audi,Q5,2023,Black,SUV,44841,3.6L V6,Automatic,31673,New,116,San Antonio,False,0,0
523,2023-09-23,Customer 523,555-271-3905,customer523@email.com,Audi,A4,2020,Blue,Coupe,16627,3.6L V6,Automatic,29951,New,113,Phoenix,False,0,0
524,2023-07-27,Customer 524,555-716-6186,customer524@email.com,Audi,A6,2020,Blue,Sedan,9376,5.0L V8,Automatic,19868,New,105,San Jose,True,4888,48
525,2024-01-22,Customer 525,555-808-6656,customer525@email.com,Mercedes,S-Class,2022,Gray,Truck,25681,3.5L V6,Automatic,40655,New,112,San Diego,True,3214,36
526,2023-07-17,Customer 526,555-272-7968,customer526@email.com,Audi,A6,2021,Black,Coupe,21975,2.5L I4,Manual,18129,New,119,Dallas,True,945,36
527,2023-04-02,Customer 527,555-536-7272,customer527@email.com,Ford,F-150,2020,Black,Coupe,20201,2.0L I4,CVT,57051,New,113,San Diego,False,0,0
528,2023-03-29,Customer 528,555-759-6721,customer528@email.com,Ford,Mustang,2023,White,Sedan,43816,2.5L I4,Manual,40778,Used,120,San Antonio,False,0,0
529,2023-02-14,Customer 529,555-452-4713,customer529@email.com,Chevrolet,Silverado,2019,Green,Truck,33242,2.5L I4,Automatic,35708,Used,111,San Diego,True,8881,48
530,2023-01-12,Customer 530,555-337-2153,customer530@email.com,Toyota,Tacoma,2023,Gray,SUV,36202,2.0L I4,Manual,38075,Used,104,Los Angeles,False,0,0
531,2023-02-09,Customer 531,555-435-3014,customer531@email.com,Audi,Q5,2024,Blue,SUV,21581,3.6L V6,Manual,23094,New,115,Houston,False,0,0
532,2023-04-15,Customer 532,555-921-1034,customer532@email.com,Ford,Mustang,2019,White,Coupe,9125,2.5L I4,Automatic,19429,Used,105,San Diego,True,2788,36
533,2023-10-28,Customer 533,555-124-7353,customer533@email.com,Jeep,Grand Cherokee,2020,Blue,Coupe,36741,5.0L V8,Automatic,54790,Used,118,Philadelphia,True,6095,48
534,2023-02-14,Customer 534,555-909-4937,customer534@email.com,Honda,Civic,2019,Red,Sedan,35823,2.0L I4,Manual,50095,Used,108,Dallas,False,0,0
535,2023-03-13,Customer 535,555-892-1369,customer535@email.com,Ford,F-150,2018,Gray,Sedan,47291,3.6L V6,Manual,29319,Used,107,Philadelphia,True,5282,60
536,2023-05-11,Customer 536,555-108-6916,customer536@email.com,Toyota,RAV4,2018,Green,SUV,30473,5.0L V8,Manual,22380,New,111,Los Angeles,True,4998,60
537,2023-11-20,Customer 537,555-500-5792,customer537@email.com,Audi,A4,2021,Silver,Coupe,24633,3.6L V6,Manual,15743,Used,113,Los Angeles,True,3919,36
538,2023-10-14,Customer 538,555-966-8329,customer538@email.com,Nissan,Titan,2022,Gray,SUV,18610,2.5L I4,Automatic,42954,Used,113,Philadelphia,True,5648,36
539,2023-08-28,Customer 539,555-285-5867,customer539@email.com,Jeep,Cherokee,2018,White,SUV,34247,5.0L V8,Manual,51297,Used,104,Houston,False,0,0
540,2023-04-17,Customer 540,555-704-7924,customer540@email.com,Chevrolet,Equinox,2019,Green,SUV,17332,5.0L V8,Automatic,40133,New,108,San Diego,False,0,0
541,2023-12-01,Customer 541,555-725-9594,customer541@email.com,Chevrolet,Traverse,2019,Blue,SUV,27858,2.0L I4,Automatic,16317,Used,119,Phoenix,False,0,0
542,2023-04-29,Customer 542,555-400-5132,customer542@email.com,Jeep,Cherokee,2021,Blue,Coupe,17353,2.0L I4,Automatic,53960,New,108,Philadelphia,True,11878,36
543,2023-11-28,Customer 543,555-257-2598,customer543@email.com,Mercedes,C-Class,2023,Blue,SUV,50944,2.0L I4,Manual,24466,Used,110,Phoenix,False,0,0
544,2023-03-22,Customer 544,555-401-3021,customer544@email.com,Ford,Mustang,2018,Gray,SUV,41352,3.5L V6,CVT,58536,Used,117,New York,False,0,0
545,2023-10-17,Customer 545,555-307-4577,customer545@email.com,Jeep,Grand Cherokee,2020,Gray,Truck,58049,3.5L V6,CVT,51597,Used,104,Los Angeles,False,0,0
546,2023-12-30,Customer 546,555-367-3334,customer546@email.com,Toyota,RAV4,2022,Red,Sedan,28571,3.5L V6,Automatic,24428,New,118,San Diego,True,4279,72
547,2023-05-20,Customer 547,555-238-8764,customer547@email.com,Hyundai,Elantra,2019,Silver,Sedan,37386,5.0L V8,Automatic,42508,Used,116,Philadelphia,True,5681,48
548,2023-08-22,Customer 548,555-774-6230,customer548@email.com,Jeep,Cherokee,2018,Blue,Sedan,53089,2.5L I4,Automatic,53886,New,102,San Diego,False,0,0
549,2023-04-20,Customer 549,555-968-1887,customer549@email.com,Audi,A6,2024,White,SUV,38769,3.5L V6,Manual,51627,Used,115,Dallas,False,0,0
550,2023-02-19,Customer 550,555-738-2322,customer550@email.com,Audi,A6,2021,Gray,Truck,40609,3.5L V6,CVT,55369,Used,111,Phoenix,False,0,0
551,2023-07-16,Customer 551,555-523-6764,customer551@email.com,Hyundai,Sonata,2020,Black,SUV,10680,2.5L I4,CVT,58124,Used,107,San Antonio,True,3384,48
552,2023-12-20,Customer 552,555-433-5117,customer552@email.com,Chevrolet,Silverado,2018,Green,Truck,32934,5.0L V8,Automatic,58135,New,116,Los Angeles,True,11247,60
553,2023-07-17,Customer 553,555-202-8978,customer553@email.com,Ford,Mustang,2021,Black,Truck,9557,3.6L V6,CVT,24922,Used,104,New York,True,1483,72
554,2023-02-17,Customer 554,555-779-5950,customer554@email.com,Toyota,Tacoma,2023,Silver,Truck,19167,3.5L V6,Manual,36845,New,114,Chicago,True,4259,0
555,2023-03-24,Customer 555,555-790-7221,customer555@email.com,Honda,Accord,2019,White,Truck,37965,5.0L V8,CVT,33689,Used,115,San Diego,True,6463,0
556,2023-12-16,Customer 556,555-872-2119,customer556@email.com,BMW,5 Series,2020,Green,SUV,12677,2.0L I4,CVT,47960,New,113,Dallas,True,6806,0
557,2023-05-22,Customer 557,555-372-8559,customer557@email.com,Toyota,Tacoma,2024,Red,SUV,48426,3.6L V6,Manual,24818,Used,106,Los Angeles,True,2691,0
558,2023-07-14,Customer 558,555-794-2638,customer558@email.com,Hyundai,Tucson,2018,Red,Sedan,13780,5.0L V8,Automatic,17388,New,101,Chicago,False,0,0
559,2023-07-16,Customer 559,555-873-7197,customer559@email.com,Honda,Civic,2022,White,Truck,19297,2.0L I4,Manual,24863,New,109,Houston,False,0,0
560,2023-07-23,Customer 560,555-527-2553,customer560@email.com,Honda,CR-V,2018,Gray,Coupe,40822,2.5L I4,Manual,16089,Used,109,New York,False,0,0
561,2023-11-01,Customer 561,555-890-9474,customer561@email.com,Toyota,Tacoma,2024,Black,SUV,15748,5.0L V8,Manual,52202,Used,116,Los Angeles,False,0,0
562,2023-12-23,Customer 562,555-577-7199,customer562@email.com,Nissan,Altima,2023,Red,Sedan,34487,5.0L V8,CVT,55942,Used,103,Philadelphia,True,11292,36
563,2023-03-20,Customer 563,555-714-5354,customer563@email.com,Jeep,Cherokee,2019,Green,Coupe,43878,5.0L V8,Automatic,23652,Used,105,San Antonio,True,3450,36
564,2023-11-09,Customer 564,555-407-1566,customer564@email.com,Nissan,Altima,2021,Red,Sedan,46878,5.0L V8,CVT,42370,New,115,Philadelphia,True,6968,48
565,2023-03-31,Customer 565,555-391-7396,customer565@email.com,Audi,A6,2024,Blue,Truck,3504,3.5L V6,Manual,31424,Used,101,Los Angeles,True,5183,48
566,2023-08-03,Customer 566,555-725-7530,customer566@email.com,Mercedes,E-Class,2024,Green,SUV,2659,2.0L I4,Manual,52353,Used,112,Philadelphia,False,0,0
567,2023-07-31,Customer 567,555-680-2041,customer567@email.com,Chevrolet,Silverado,2022,Red,Truck,34102,3.5L V6,Manual,43825,New,113,San Jose,False,0,0
568,2023-09-28,Customer 568,555-549-8500,customer568@email.com,Mercedes,S-Class,2021,White,Truck,16674,2.5L I4,CVT,24582,Used,110,Los Angeles,True,3286,36
569,2023-02-05,Customer 569,555-493-5493,customer569@email.com,Honda,Accord,2022,Gray,Truck,24685,2.0L I4,CVT,43115,Used,103,San Antonio,False,0,0
570,2023-11-04,Customer 570,555-519-8799,customer570@email.com,Chevrolet,Equinox,2020,Silver,Truck,11943,5.0L V8,CVT,39879,New,116,Philadelphia,False,0,0
571,2023-11-02,Customer 571,555-676-7931,customer571@email.com,Toyota,RAV4,2024,Gray,Truck,55805,2.0L I4,Manual,52331,Used,114,San Antonio,True,6020,72
572,2023-04-05,Customer 572,555-201-3193,customer572@email.com,Toyota,Camry,2022,Black,Coupe,17254,3.5L V6,Automatic,31810,Used,111,Dallas,True,3865,60
573,2023-03-07,Customer 573,555-677-4695,customer573@email.com,Ford,Escape,2023,Black,Truck,34443,2.5L I4,CVT,21990,Used,106,Houston,True,224,60
574,2023-08-17,Customer 574,555-166-2178,customer574@email.com,Hyundai,Elantra,2020,White,Coupe,59356,5.0L V8,Automatic,38570,New,117,Phoenix,False,0,0
575,2024-01-20,Customer 575,555-101-8484,customer575@email.com,BMW,5 Series,2022,Red,SUV,32974,5.0L V8,Manual,52324,New,119,Phoenix,False,0,0
576,2023-07-23,Customer 576,555-568-9863,customer576@email.com,BMW,X5,2021,Blue,Truck,7458,2.5L I4,CVT,40013,New,116,Philadelphia,True,2453,48
577,2023-09-22,Customer 577,555-266-9115,customer577@email.com,Toyota,Tacoma,2020,Green,SUV,29813,2.0L I4,CVT,24060,Used,119,San Diego,True,1001,0
578,2023-07-11,Customer 578,555-505-1266,customer578@email.com,Honda,Accord,2020,Red,Sedan,35826,5.0L V8,Manual,19344,New,101,Chicago,True,2057,0
579,2023-01-08,Customer 579,555-623-9808,customer579@email.com,Jeep,Grand Cherokee,2020,Blue,Sedan,55255,5.0L V8,Automatic,16774,New,105,San Jose,False,0,0
580,2023-12-11,Customer 580,555-979-8717,customer580@email.com,Hyundai,Elantra,2024,Silver,Coupe,10034,5.0L V8,Automatic,44675,New,101,Los Angeles,True,4,48
581,2023-08-21,Customer 581,555-178-1308,customer581@email.com,Hyundai,Elantra,2020,Black,SUV,24306,3.6L V6,Manual,18515,Used,113,Dallas,True,181,0
582,2023-10-22,Customer 582,555-406-4304,customer582@email.com,BMW,5 Series,2022,Green,Truck,16625,2.5L I4,CVT,57406,Used,104,Philadelphia,True,5976,60
583,2023-05-23,Customer 583,555-816-5970,customer583@email.com,Honda,Accord,2024,Black,SUV,25301,2.5L I4,Automatic,25019,New,116,Phoenix,False,0,0
584,2023-05-21,Customer 584,555-798-3634,customer584@email.com,Jeep,Grand Cherokee,2020,Blue,Sedan,41937,3.5L V6,Manual,53305,Used,101,Houston,True,5178,72
585,2023-03-24,Customer 585,555-800-7477,customer585@email.com,Mercedes,S-Class,2024,Red,SUV,4351,3.6L V6,Automatic,24302,Used,119,New York,False,0,0
586,2023-12-27,Customer 586,555-689-1228,customer586@email.com,Toyota,RAV4,2021,White,Truck,54068,2.5L I4,Manual,22939,Used,114,Houston,True,4988,36
587,2023-11-25,Customer 587,555-986-2909,customer587@email.com,Chevrolet,Silverado,2019,Black,Truck,20481,2.5L I4,Manual,26501,Used,109,Phoenix,False,0,0
588,2023-08-09,Customer 588,555-281-6517,customer588@email.com,Nissan,Rogue,2023,Blue,SUV,51619,2.0L I4,CVT,38635,New,115,San Diego,False,0,0
589,2023-11-29,Customer 589,555-993-9553,customer589@email.com,Hyundai,Sonata,2019,Black,Truck,50789,3.5L V6,Manual,43262,Used,106,San Diego,True,1414,72
590,2023-06-28,Customer 590,555-170-1031,customer590@email.com,BMW,X5,2023,White,Coupe,10790,5.0L V8,Manual,33144,Used,113,Dallas,True,4194,0
591,2023-12-15,Customer 591,555-763-6341,customer591@email.com,Toyota,Camry,2018,Gray,Truck,11671,5.0L V8,Manual,20743,Used,118,Philadelphia,False,0,0
592,2023-06-14,Customer 592,555-962-6045,customer592@email.com,Chevrolet,Silverado,2021,Red,Coupe,13919,3.5L V6,Automatic,57806,New,104,Chicago,False,0,0
593,2023-08-18,Customer 593,555-369-2735,customer593@email.com,Chevrolet,Traverse,2020,Black,Coupe,27134,5.0L V8,CVT,43134,Used,108,Philadelphia,False,0,0
594,2023-06-05,Customer 594,555-983-1455,customer594@email.com,Nissan,Rogue,2020,Green,Sedan,48371,3.6L V6,Manual,23405,Used,117,New York,True,4727,72
595,2023-12-24,Customer 595,555-507-5591,customer595@email.com,Hyundai,Elantra,2024,Red,Sedan,31620,3.6L V6,Manual,52713,New,105,San Diego,False,0,0
596,2023-05-01,Customer 596,555-926-2434,customer596@email.com,Audi,A6,2021,Red,Truck,54807,3.5L V6,CVT,44547,New,116,Dallas,False,0,0
597,2023-08-10,Customer 597,555-862-4642,customer597@email.com,Ford,F-150,2024,White,Coupe,52869,5.0L V8,Automatic,23729,New,114,Chicago,True,4595,60
598,2023-05-17,Customer 598,555-357-2651,customer598@email.com,Audi,A6,2023,White,Truck,20319,3.5L V6,Manual,57473,Used,101,Chicago,True,11464,72
599,2023-02-19,Customer 599,555-188-5588,customer599@email.com,Audi,A4,2019,Silver,Coupe,38463,2.0L I4,Automatic,53698,Used,112,Dallas,False,0,0
600,2023-04-16,Customer 600,555-281-6237,customer600@email.com,BMW,X5,2022,Green,Truck,12734,3.5L V6,Automatic,48408,New,119,Houston,True,11680,72
601,2023-06-22,Customer 601,555-428-5448,customer601@email.com,Ford,Mustang,2023,Black,Coupe,17960,3.6L V6,Automatic,49348,Used,115,Phoenix,True,4672,36
602,2023-02-21,Customer 602,555-389-3606,customer602@email.com,BMW,5 Series,2022,White,Coupe,52496,3.6L V6,Automatic,36557,Used,110,San Diego,False,0,0
603,2023-09-03,Customer 603,555-359-4377,customer603@email.com,Honda,CR-V,2024,Green,Truck,41299,3.5L V6,Manual,34497,Used,110,New York,True,548,72
604,2023-01-29,Customer 604,555-670-2331,customer604@email.com,Toyota,Tacoma,2018,Gray,SUV,35126,3.6L V6,CVT,39514,Used,112,Dallas,False,0,0
605,2023-10-10,Customer 605,555-254-8613,customer605@email.com,Nissan,Rogue,2021,Silver,Coupe,52053,5.0L V8,Automatic,40832,Used,104,Los Angeles,False,0,0
606,2023-03-17,Customer 606,555-164-7529,customer606@email.com,Mercedes,C-Class,2021,Green,Coupe,40784,3.6L V6,Manual,56749,Used,106,Phoenix,True,4042,72
607,2023-12-21,Customer 607,555-680-4123,customer607@email.com,Audi,A4,2019,Gray,Sedan,37004,3.5L V6,Automatic,49367,New,112,Philadelphia,True,6338,48
608,2023-12-10,Customer 608,555-182-2750,customer608@email.com,Hyundai,Tucson,2020,Silver,Coupe,21113,3.5L V6,Manual,36465,New,104,San Antonio,False,0,0
609,2023-12-28,Customer 609,555-298-2918,customer609@email.com,Honda,Civic,2024,Silver,Sedan,52421,3.5L V6,CVT,44696,New,102,Chicago,False,0,0
610,2023-09-11,Customer 610,555-374-7808,customer610@email.com,Jeep,Wrangler,2019,Silver,Coupe,19988,3.5L V6,Automatic,45648,New,113,Phoenix,False,0,0
611,2023-05-26,Customer 611,555-542-9921,customer611@email.com,Honda,Civic,2021,Silver,Sedan,32001,2.5L I4,Automatic,40477,Used,114,Chicago,True,2397,48
612,2023-09-03,Customer 612,555-460-8170,customer612@email.com,Honda,CR-V,2021,Black,Sedan,28770,2.0L I4,Manual,52721,New,106,San Antonio,True,4755,36
613,2023-07-07,Customer 613,555-376-7378,customer613@email.com,Chevrolet,Silverado,2018,Silver,Truck,43777,3.5L V6,CVT,42161,Used,114,San Diego,True,9117,0
614,2023-03-24,Customer 614,555-358-6718,customer614@email.com,Honda,Accord,2020,Green,Coupe,19045,2.0L I4,Manual,57434,Used,120,Phoenix,False,0,0
615,2023-06-13,Customer 615,555-562-2031,customer615@email.com,Nissan,Rogue,2018,Black,SUV,41744,2.0L I4,Automatic,45783,Used,102,San Diego,False,0,0
616,2023-10-28,Customer 616,555-500-6452,customer616@email.com,Hyundai,Elantra,2023,Silver,Sedan,26267,2.0L I4,Automatic,28926,New,114,New York,False,0,0
617,2023-01-29,Customer 617,555-427-9629,customer617@email.com,Honda,CR-V,2019,Gray,Coupe,9323,3.6L V6,Automatic,56826,New,118,Houston,False,0,0
618,2023-07-15,Customer 618,555-656-3980,customer618@email.com,BMW,X5,2018,Silver,SUV,49934,2.0L I4,CVT,49694,New,117,Philadelphia,False,0,0
619,2023-05-12,Customer 619,555-683-5412,customer619@email.com,Mercedes,S-Class,2020,Blue,Sedan,35902,2.0L I4,Manual,28224,New,101,Houston,True,4000,0
620,2023-11-27,Customer 620,555-266-2215,customer620@email.com,Jeep,Grand Cherokee,2019,Gray,Sedan,44255,5.0L V8,Automatic,51206,Used,111,San Diego,True,3606,48
621,2023-04-17,Customer 621,555-124-3109,customer621@email.com,Hyundai,Tucson,2020,Black,Coupe,25069,2.5L I4,Manual,42288,New,118,Los Angeles,False,0,0
622,2023-12-16,Customer 622,555-916-4438,customer622@email.com,Ford,Escape,2024,Silver,Truck,16934,5.0L V8,CVT,51074,Used,118,Houston,True,2657,72
623,2023-01-12,Customer 623,555-879-2449,customer623@email.com,Jeep,Cherokee,2021,White,SUV,42629,3.5L V6,CVT,53891,New,114,Houston,True,1331,72
624,2023-03-13,Customer 624,555-866-6701,customer624@email.com,Chevrolet,Silverado,2018,Black,Coupe,9526,3.5L V6,Automatic,58077,Used,101,Los Angeles,False,0,0
625,2023-06-06,Customer 625,555-726-1167,customer625@email.com,Toyota,RAV4,2022,White,SUV,41905,3.6L V6,Manual,51557,Used,120,Los Angeles,False,0,0
626,2023-03-18,Customer 626,555-951-4448,customer626@email.com,Mercedes,S-Class,2019,Red,Truck,11430,2.0L I4,Automatic,38447,New,113,San Jose,False,0,0
627,2023-05-15,Customer 627,555-998-2712,customer627@email.com,BMW,X5,2024,Silver,Truck,265,3.5L V6,Manual,55225,Used,108,San Antonio,True,5077,0
628,2023-02-04,Customer 628,555-776-1849,customer628@email.com,Nissan,Altima,2018,Red,Truck,54009,3.5L V6,Automatic,29821,Used,103,Dallas,True,1613,72
629,2023-03-08,Customer 629,555-554-8902,customer629@email.com,Toyota,RAV4,2020,Blue,Sedan,19777,3.5L V6,Automatic,16917,Used,119,San Jose,False,0,0
630,2024-01-26,Customer 630,555-222-7944,customer630@email.com,Jeep,Cherokee,2022,Gray,SUV,38100,2.0L I4,CVT,19161,New,101,Los Angeles,True,1887,0
631,2023-06-22,Customer 631,555-943-4493,customer631@email.com,Audi,A4,2023,Red,Truck,34969,3.6L V6,Manual,51707,New,115,Chicago,False,0,0
632,2023-12-07,Customer 632,555-988-7343,customer632@email.com,Hyundai,Elantra,2023,White,Truck,26556,5.0L V8,CVT,58492,New,112,Philadelphia,False,0,0
633,2023-02-15,Customer 633,555-418-6324,customer633@email.com,Hyundai,Elantra,2018,Blue,Truck,31194,5.0L V8,Automatic,25823,New,115,San Jose,False,0,0
634,2023-11-28,Customer 634,555-275-7599,customer634@email.com,Jeep,Wrangler,2019,Green,Truck,30191,5.0L V8,CVT,17544,Used,106,Los Angeles,True,3,48
635,2023-11-28,Customer 635,555-751-7460,customer635@email.com,Jeep,Wrangler,2018,Blue,Truck,21014,5.0L V8,Automatic,23316,Used,119,Philadelphia,False,0,0
636,2024-01-12,Customer 636,555-564-2286,customer636@email.com,Ford,F-150,2024,Green,SUV,8141,2.0L I4,Manual,35801,Used,114,New York,False,0,0
637,2023-12-31,Customer 637,555-201-8103,customer637@email.com,Ford,Escape,2024,Gray,Truck,6362,3.6L V6,Manual,52331,Used,113,Dallas,False,0,0
638,2023-12-25,Customer 638,555-237-1137,customer638@email.com,Honda,Accord,2018,Black,Sedan,6287,5.0L V8,Automatic,56713,Used,117,Dallas,True,12105,36
639,2023-01-27,Customer 639,555-697-8784,customer639@email.com,Jeep,Grand Cherokee,2018,Black,Sedan,40961,5.0L V8,Manual,21484,Used,108,Phoenix,False,0,0
640,2023-10-02,Customer 640,555-182-4359,customer640@email.com,Jeep,Wrangler,2018,Black,SUV,51887,5.0L V8,Automatic,36314,New,111,San Jose,True,5352,0
641,2024-01-14,Customer 641,555-151-6148,customer641@email.com,Toyota,Tacoma,2021,Gray,Truck,32004,3.5L V6,Manual,48657,Used,119,Los Angeles,True,2004,0
642,2023-11-08,Customer 642,555-307-8512,customer642@email.com,Toyota,Tacoma,2024,Red,Truck,10117,3.6L V6,CVT,25858,New,110,Chicago,False,0,0
643,2023-11-15,Customer 643,555-418-9051,customer643@email.com,Jeep,Cherokee,2022,Silver,Coupe,11609,2.0L I4,Manual,46537,Used,119,San Diego,False,0,0
644,2024-01-22,Customer 644,555-477-7818,customer644@email.com,Nissan,Altima,2024,Gray,Sedan,24941,2.5L I4,Manual,46269,New,114,Phoenix,False,0,0
645,2023-10-29,Customer 645,555-542-8903,customer645@email.com,Audi,Q5,2022,Gray,SUV,17765,3.6L V6,Automatic,48504,Used,111,San Jose,True,10855,0
646,2023-03-01,Customer 646,555-742-8123,customer646@email.com,Jeep,Grand Cherokee,2019,Gray,Sedan,25002,2.5L I4,Automatic,27043,New,119,Chicago,True,5519,60
647,2023-10-09,Customer 647,555-502-2732,customer647@email.com,Jeep,Cherokee,2018,Gray,Coupe,16046,5.0L V8,Manual,16400,New,109,Philadelphia,False,0,0
648,2023-10-24,Customer 648,555-766-2709,customer648@email.com,Mercedes,C-Class,2022,Blue,Sedan,32541,5.0L V8,Manual,51396,New,115,Los Angeles,False,0,0
649,2023-12-28,Customer 649,555-775-7561,customer649@email.com,Toyota,RAV4,2018,Black,Sedan,29006,3.5L V6,CVT,47207,New,116,San Antonio,True,10346,60
650,2023-07-30,Customer 650,555-501-7787,customer650@email.com,Toyota,RAV4,2020,Blue,Sedan,51661,2.0L I4,CVT,33199,New,107,Phoenix,True,1307,0
651,2023-01-09,Customer 651,555-987-1568,customer651@email.com,Toyota,RAV4,2024,Black,Coupe,45210,2.5L I4,Automatic,41732,Used,114,San Jose,True,8756,60
652,2023-10-13,Customer 652,555-343-7894,customer652@email.com,Honda,Civic,2024,Silver,Coupe,47376,3.6L V6,Manual,41031,New,109,San Diego,True,3356,36
653,2023-11-05,Customer 653,555-626-6396,customer653@email.com,Hyundai,Tucson,2021,Red,Sedan,54635,3.5L V6,CVT,24660,New,115,Philadelphia,False,0,0
654,2023-10-09,Customer 654,555-891-9755,customer654@email.com,BMW,X5,2021,Black,Sedan,34834,3.6L V6,Automatic,36283,Used,118,Philadelphia,True,6244,0
655,2023-08-19,Customer 655,555-763-2601,customer655@email.com,Toyota,Tacoma,2023,Black,Coupe,13075,5.0L V8,Automatic,27758,Used,101,San Antonio,False,0,0
656,2023-06-08,Customer 656,555-735-1541,customer656@email.com,Chevrolet,Traverse,2023,Gray,SUV,29375,2.5L I4,Automatic,27466,Used,107,Dallas,True,2637,60
657,2023-10-17,Customer 657,555-732-6604,customer657@email.com,Jeep,Wrangler,2022,Gray,Truck,15020,2.0L I4,CVT,40501,Used,113,San Jose,True,6274,48
658,2023-02-16,Customer 658,555-204-3590,customer658@email.com,Jeep,Cherokee,2018,Silver,SUV,44365,3.6L V6,Manual,45158,Used,106,Dallas,True,2202,0
659,2023-01-25,Customer 659,555-646-7766,customer659@email.com,Honda,CR-V,2023,Red,Coupe,14795,5.0L V8,Manual,48784,Used,118,Los Angeles,True,3240,48
660,2023-12-04,Customer 660,555-603-5547,customer660@email.com,Chevrolet,Silverado,2024,Blue,Truck,25334,3.6L V6,CVT,22864,Used,109,Dallas,True,4591,36
661,2023-02-25,Customer 661,555-225-6754,customer661@email.com,Honda,CR-V,2020,Gray,SUV,5763,5.0L V8,Automatic,21427,New,117,Dallas,True,3836,60
662,2023-05-01,Customer 662,555-128-2234,customer662@email.com,Chevrolet,Equinox,2020,Black,Coupe,33919,2.5L I4,Manual,49165,Used,111,Philadelphia,True,3950,48
663,2023-04-09,Customer 663,555-692-8820,customer663@email.com,Jeep,Cherokee,2022,Red,SUV,7043,2.5L I4,Automatic,19745,New,106,San Antonio,False,0,0
664,2023-05-11,Customer 664,555-823-2131,customer664@email.com,Audi,A6,2022,Blue,Sedan,53394,3.5L V6,Manual,50710,New,112,Houston,False,0,0
665,2023-04-03,Customer 665,555-502-5190,customer665@email.com,Toyota,Camry,2024,Black,Coupe,23481,5.0L V8,Automatic,39518,New,120,Los Angeles,False,0,0
666,2023-07-28,Customer 666,555-676-6970,customer666@email.com,Toyota,Tacoma,2024,Blue,Coupe,11835,2.0L I4,Automatic,40775,New,115,New York,True,3854,0
667,2023-11-25,Customer 667,555-723-2962,customer667@email.com,Chevrolet,Equinox,2024,Silver,Truck,10333,2.5L I4,Automatic,43828,Used,108,San Antonio,True,3563,48
668,2023-11-15,Customer 668,555-259-1172,customer668@email.com,Ford,F-150,2023,Green,Truck,25567,3.5L V6,CVT,56588,New,119,San Jose,True,2089,48
669,2023-10-08,Customer 669,555-131-8778,customer669@email.com,Toyota,Tacoma,2023,Black,Truck,21867,2.0L I4,Automatic,37737,New,114,New York,False,0,0
670,2023-03-07,Customer 670,555-299-5281,customer670@email.com,Honda,Accord,2019,Silver,Sedan,24370,3.5L V6,Manual,19523,New,117,San Diego,False,0,0
671,2023-02-12,Customer 671,555-175-4964,customer671@email.com,Hyundai,Elantra,2023,Blue,Sedan,17372,5.0L V8,Automatic,58698,New,119,Dallas,True,7398,72
672,2023-10-07,Customer 672,555-359-2179,customer672@email.com,Hyundai,Tucson,2022,Black,Truck,30302,2.0L I4,Automatic,31822,New,109,Philadelphia,False,0,0
673,2023-10-13,Customer 673,555-876-2375,customer673@email.com,Mercedes,C-Class,2021,White,Truck,32461,2.5L I4,Automatic,21464,Used,106,Chicago,True,2680,0
674,2023-11-26,Customer 674,555-339-5724,customer674@email.com,Audi,A6,2019,Silver,Coupe,7134,3.5L V6,Manual,53416,New,108,Phoenix,False,0,0
675,2023-03-15,Customer 675,555-614-1108,customer675@email.com,BMW,5 Series,2022,Green,Truck,18249,5.0L V8,Automatic,58394,Used,119,San Jose,False,0,0
676,2023-08-16,Customer 676,555-303-9169,customer676@email.com,Chevrolet,Silverado,2024,Gray,Sedan,44585,3.6L V6,CVT,42598,New,116,Philadelphia,True,4101,0
677,2023-08-04,Customer 677,555-467-2076,customer677@email.com,Mercedes,C-Class,2023,Green,Truck,59533,3.6L V6,CVT,26313,New,106,New York,True,5773,48
678,2023-08-19,Customer 678,555-908-7050,customer678@email.com,Audi,A4,2022,Blue,Coupe,50573,3.6L V6,Manual,47338,New,118,San Antonio,True,3543,0
679,2023-06-08,Customer 679,555-582-5140,customer679@email.com,Audi,A4,2021,Black,Truck,35103,3.5L V6,Manual,29296,Used,115,Houston,True,2517,60
680,2023-10-27,Customer 680,555-439-7323,customer680@email.com,Ford,F-150,2021,Black,Sedan,33294,5.0L V8,Manual,18668,Used,116,Los Angeles,False,0,0
681,2023-07-25,Customer 681,555-526-4686,customer681@email.com,Mercedes,C-Class,2023,Black,Sedan,21580,3.6L V6,Automatic,27873,Used,114,Los Angeles,False,0,0
682,2023-11-14,Customer 682,555-237-6823,customer682@email.com,Hyundai,Sonata,2020,Red,SUV,50368,2.5L I4,Manual,40794,New,103,San Antonio,True,10045,60
683,2023-12-17,Customer 683,555-747-5598,customer683@email.com,Hyundai,Sonata,2021,Green,SUV,38649,2.5L I4,CVT,44789,New,116,San Antonio,True,5569,48
684,2023-11-10,Customer 684,555-665-8277,customer684@email.com,Mercedes,E-Class,2018,Green,SUV,51081,2.5L I4,Automatic,32541,Used,119,Philadelphia,True,5624,72
685,2023-10-02,Customer 685,555-537-1564,customer685@email.com,Honda,Accord,2018,Black,Truck,49063,5.0L V8,CVT,59993,Used,116,San Antonio,True,1887,60
686,2023-12-25,Customer 686,555-125-4809,customer686@email.com,Mercedes,S-Class,2020,Blue,Sedan,37986,2.5L I4,Manual,33665,New,118,Dallas,False,0,0
687,2023-11-23,Customer 687,555-769-2565,customer687@email.com,Toyota,RAV4,2019,Green,Coupe,52987,5.0L V8,Manual,53195,New,112,San Jose,True,4461,60
688,2023-09-01,Customer 688,555-937-6511,customer688@email.com,Audi,A4,2023,Blue,Coupe,34495,3.5L V6,CVT,23802,New,109,Houston,False,0,0
689,2023-08-05,Customer 689,555-717-8867,customer689@email.com,Ford,Escape,2018,Black,Sedan,58976,2.0L I4,Manual,53285,New,111,Philadelphia,True,3263,60
690,2023-12-11,Customer 690,555-375-4339,customer690@email.com,Ford,Mustang,2022,Green,Sedan,24773,3.5L V6,Manual,41211,Used,109,Dallas,False,0,0
691,2023-11-25,Customer 691,555-512-4968,customer691@email.com,BMW,X5,2019,Silver,Coupe,7401,2.5L I4,CVT,30290,New,120,Phoenix,False,0,0
692,2023-09-06,Customer 692,555-133-7337,customer692@email.com,Chevrolet,Traverse,2019,Green,SUV,13568,2.0L I4,Manual,27589,Used,119,Chicago,True,6382,36
693,2023-09-12,Customer 693,555-214-9343,customer693@email.com,Audi,A6,2019,Red,Sedan,17221,2.5L I4,Automatic,53980,Used,104,San Diego,False,0,0
694,2023-02-28,Customer 694,555-135-3139,customer694@email.com,Chevrolet,Equinox,2024,Green,Truck,17886,3.5L V6,Automatic,59024,Used,117,San Antonio,False,0,0
695,2023-04-26,Customer 695,555-601-3419,customer695@email.com,Chevrolet,Silverado,2022,Blue,SUV,30647,2.5L I4,CVT,44146,Used,103,Chicago,True,437,0
696,2023-01-10,Customer 696,555-765-2328,customer696@email.com,Chevrolet,Traverse,2021,White,SUV,26919,3.5L V6,CVT,18553,New,116,Houston,False,0,0
697,2023-07-23,Customer 697,555-954-7597,customer697@email.com,Audi,A4,2020,Silver,Truck,9226,3.5L V6,CVT,24551,Used,116,Los Angeles,True,2455,60
698,2023-03-06,Customer 698,555-129-1161,customer698@email.com,Hyundai,Elantra,2022,Black,SUV,10538,5.0L V8,CVT,58784,Used,103,Phoenix,False,0,0
699,2023-04-23,Customer 699,555-883-6913,customer699@email.com,Chevrolet,Equinox,2019,Blue,Truck,57436,3.5L V6,CVT,52636,Used,114,San Diego,False,0,0
700,2023-08-17,Customer 700,555-968-7883,customer700@email.com,Chevrolet,Silverado,2020,White,Sedan,5794,5.0L V8,Manual,41588,Used,118,Los Angeles,False,0,0
701,2023-05-24,Customer 701,555-272-3461,customer701@email.com,Jeep,Cherokee,2020,Black,SUV,25276,3.6L V6,Automatic,57224,New,115,Houston,False,0,0
702,2023-05-16,Customer 702,555-776-5820,customer702@email.com,BMW,5 Series,2024,Black,Sedan,5189,2.0L I4,CVT,26723,New,111,Chicago,True,3271,0
703,2023-09-07,Customer 703,555-433-1339,customer703@email.com,Hyundai,Tucson,2022,Black,Coupe,9756,2.0L I4,Manual,32242,New,107,San Diego,True,1872,0
704,2023-04-29,Customer 704,555-663-3546,customer704@email.com,Chevrolet,Equinox,2021,Green,Truck,41853,5.0L V8,Automatic,17331,New,111,Chicago,True,3964,36
705,2023-12-07,Customer 705,555-791-4969,customer705@email.com,Ford,Mustang,2022,White,Truck,29046,2.5L I4,Automatic,38389,New,116,Houston,False,0,0
706,2024-01-23,Customer 706,555-701-3723,customer706@email.com,Chevrolet,Traverse,2021,Red,Sedan,22601,5.0L V8,Manual,49811,New,111,Chicago,True,6555,0
707,2023-12-28,Customer 707,555-754-7007,customer707@email.com,BMW,5 Series,2018,Gray,Coupe,58920,2.0L I4,Automatic,54434,Used,113,Phoenix,True,7523,72
708,2023-04-29,Customer 708,555-274-6201,customer708@email.com,Honda,CR-V,2021,White,Sedan,42725,3.6L V6,Automatic,52273,New,115,San Diego,True,9952,0
709,2023-12-07,Customer 709,555-267-9310,customer709@email.com,Audi,A6,2024,Blue,Coupe,29674,3.6L V6,Automatic,17242,Used,120,Dallas,True,2955,72
710,2023-10-04,Customer 710,555-448-1070,customer710@email.com,Nissan,Titan,2021,Green,Coupe,56121,2.0L I4,Automatic,50752,Used,111,San Diego,False,0,0
711,2023-10-02,Customer 711,555-803-9364,customer711@email.com,Mercedes,S-Class,2019,Red,Truck,7677,5.0L V8,Manual,26184,New,119,New York,True,6445,36
712,2023-07-10,Customer 712,555-663-1863,customer712@email.com,Nissan,Titan,2022,White,Sedan,34529,5.0L V8,Automatic,24444,New,101,Chicago,True,2746,60
713,2023-10-22,Customer 713,555-562-9559,customer713@email.com,Audi,A4,2023,Red,SUV,10922,3.6L V6,CVT,25136,Used,108,Philadelphia,False,0,0
714,2023-02-11,Customer 714,555-745-1536,customer714@email.com,Ford,Escape,2023,Gray,Sedan,43506,3.6L V6,CVT,39953,Used,120,Phoenix,False,0,0
715,2023-05-01,Customer 715,555-785-5785,customer715@email.com,Hyundai,Sonata,2023,Silver,Truck,54609,2.0L I4,Manual,37665,New,103,Houston,False,0,0
716,2023-05-10,Customer 716,555-363-6358,customer716@email.com,Honda,Civic,2021,Black,SUV,8291,3.6L V6,Manual,22747,Used,104,Los Angeles,True,4491,60
717,2023-07-26,Customer 717,555-953-9471,customer717@email.com,Mercedes,C-Class,2019,Silver,SUV,35910,3.6L V6,CVT,21750,Used,117,Philadelphia,True,2101,48
718,2023-12-12,Customer 718,555-217-7045,customer718@email.com,Audi,A6,2021,Gray,Coupe,53736,3.6L V6,CVT,29257,Used,107,Phoenix,False,0,0
719,2023-02-22,Customer 719,555-883-8583,customer719@email.com,Jeep,Grand Cherokee,2019,Red,Coupe,19672,2.5L I4,CVT,37066,New,116,Chicago,True,8437,60
720,2023-01-18,Customer 720,555-203-4347,customer720@email.com,Hyundai,Elantra,2020,Silver,Coupe,26027,3.6L V6,Manual,38713,New,112,Los Angeles,False,0,0
721,2023-12-05,Customer 721,555-343-2612,customer721@email.com,Hyundai,Tucson,2019,Blue,Truck,10528,2.0L I4,CVT,50294,Used,111,San Antonio,False,0,0
722,2023-07-10,Customer 722,555-781-5779,customer722@email.com,Chevrolet,Traverse,2018,Black,Coupe,45452,3.6L V6,Automatic,54594,Used,101,Philadelphia,False,0,0
723,2023-12-05,Customer 723,555-312-9016,customer723@email.com,Mercedes,E-Class,2022,Blue,SUV,48952,2.0L I4,Automatic,52647,Used,118,San Jose,True,11945,0
724,2023-06-21,Customer 724,555-915-2976,customer724@email.com,Ford,Mustang,2023,Green,Sedan,10060,5.0L V8,CVT,21450,Used,120,San Jose,False,0,0
725,2023-12-07,Customer 725,555-357-4668,customer725@email.com,Ford,Mustang,2022,Green,Sedan,39933,2.0L I4,CVT,34179,New,110,Los Angeles,True,2066,72
726,2024-01-16,Customer 726,555-337-1770,customer726@email.com,Chevrolet,Silverado,2024,Red,SUV,33719,3.5L V6,Automatic,23329,Used,111,Los Angeles,True,3639,72
727,2023-06-20,Customer 727,555-974-8583,customer727@email.com,Toyota,Tacoma,2022,Green,Truck,16550,3.6L V6,Manual,45896,New,113,Philadelphia,True,10002,72
728,2023-02-19,Customer 728,555-401-2268,customer728@email.com,Hyundai,Tucson,2023,Black,Sedan,17647,5.0L V8,Automatic,33010,Used,101,San Jose,True,6590,48
729,2023-03-22,Customer 729,555-514-3731,customer729@email.com,BMW,3 Series,2020,Red,Sedan,55382,3.5L V6,CVT,51723,Used,109,Phoenix,True,478,60
730,2023-04-21,Customer 730,555-703-1480,customer730@email.com,Hyundai,Sonata,2018,Green,Coupe,12611,5.0L V8,Automatic,17963,New,116,New York,True,348,0
731,2023-11-13,Customer 731,555-944-5442,customer731@email.com,Ford,Escape,2018,White,Coupe,52547,2.5L I4,CVT,58206,Used,106,Dallas,False,0,0
732,2023-03-26,Customer 732,555-499-6407,customer732@email.com,Honda,Civic,2019,Gray,Sedan,33711,2.0L I4,CVT,23445,New,108,Chicago,True,800,72
733,2023-10-25,Customer 733,555-805-4019,customer733@email.com,Mercedes,C-Class,2024,Red,Coupe,6712,3.6L V6,CVT,54253,New,111,Los Angeles,True,1070,0
734,2024-01-18,Customer 734,555-784-8246,customer734@email.com,BMW,X5,2021,Gray,Coupe,54521,3.6L V6,Automatic,36833,Used,117,Philadelphia,True,7651,48
735,2023-01-26,Customer 735,555-214-8405,customer735@email.com,Ford,Escape,2018,Silver,Sedan,51109,2.5L I4,CVT,40622,New,114,Chicago,False,0,0
736,2023-09-19,Customer 736,555-687-9396,customer736@email.com,BMW,X5,2018,Gray,Sedan,34070,3.6L V6,CVT,20256,New,101,Philadelphia,False,0,0
737,2023-02-11,Customer 737,555-644-2297,customer737@email.com,Chevrolet,Traverse,2022,Blue,Coupe,16037,3.5L V6,Manual,19958,New,110,San Antonio,True,3243,48
738,2023-09-26,Customer 738,555-915-6016,customer738@email.com,Toyota,Camry,2021,White,Truck,42282,3.6L V6,Manual,32758,New,115,Phoenix,False,0,0
739,2024-01-01,Customer 739,555-952-2241,customer739@email.com,Nissan,Titan,2022,Gray,Coupe,56058,2.0L I4,Manual,53637,Used,110,Los Angeles,False,0,0
740,2023-02-19,Customer 740,555-545-6608,customer740@email.com,Honda,CR-V,2021,Gray,SUV,12782,2.0L I4,CVT,55994,New,114,San Diego,False,0,0
741,2023-11-07,Customer 741,555-762-8783,customer741@email.com,Nissan,Titan,2020,Black,Sedan,36176,2.0L I4,Manual,17160,New,112,San Diego,True,1622,72
742,2023-10-16,Customer 742,555-133-5304,customer742@email.com,Ford,Escape,2023,Blue,Truck,16910,5.0L V8,Automatic,40869,New,120,San Diego,False,0,0
743,2023-09-25,Customer 743,555-178-9009,customer743@email.com,Audi,Q5,2023,Silver,Coupe,10239,3.5L V6,Manual,42086,New,101,Philadelphia,True,2878,36
744,2024-01-28,Customer 744,555-343-8136,customer744@email.com,Nissan,Titan,2021,Blue,Truck,13150,2.0L I4,Manual,26919,New,114,New York,True,2427,36
745,2023-03-22,Customer 745,555-168-5580,customer745@email.com,Honda,Accord,2019,Red,Truck,29231,5.0L V8,Manual,35380,New,108,Phoenix,False,0,0
746,2023-03-09,Customer 746,555-179-2734,customer746@email.com,Chevrolet,Traverse,2024,Gray,Truck,42741,5.0L V8,Manual,32212,New,104,San Antonio,True,3895,0
747,2023-03-27,Customer 747,555-300-1629,customer747@email.com,Ford,Escape,2018,Blue,Sedan,22989,2.5L I4,Automatic,53993,Used,115,Chicago,True,4349,48
748,2023-04-02,Customer 748,555-168-8069,customer748@email.com,Nissan,Altima,2021,Blue,SUV,57741,2.0L I4,Automatic,21688,New,104,San Jose,True,4092,36
749,2023-05-21,Customer 749,555-412-6756,customer749@email.com,Jeep,Grand Cherokee,2020,Gray,Coupe,5668,5.0L V8,Automatic,58972,New,102,New York,False,0,0
750,2023-11-15,Customer 750,555-485-6230,customer750@email.com,Chevrolet,Silverado,2020,Green,Sedan,6917,2.0L I4,Manual,41794,New,104,San Diego,False,0,0
751,2023-11-16,Customer 751,555-177-8366,customer751@email.com,Hyundai,Elantra,2022,Black,Coupe,30597,5.0L V8,Automatic,18866,Used,107,New York,True,4469,72
752,2023-12-09,Customer 752,555-479-5204,customer752@email.com,Ford,Mustang,2022,Gray,SUV,35032,3.5L V6,Manual,22567,Used,117,Phoenix,True,3183,36
753,2023-02-20,Customer 753,555-410-1415,customer753@email.com,Ford,F-150,2024,Silver,Coupe,59555,2.5L I4,Manual,49030,Used,105,San Diego,False,0,0
754,2023-07-01,Customer 754,555-587-4749,customer754@email.com,Chevrolet,Traverse,2019,White,Coupe,35292,2.0L I4,CVT,39927,Used,116,New York,False,0,0
755,2023-06-25,Customer 755,555-806-3463,customer755@email.com,Nissan,Altima,2018,Silver,Truck,54565,3.6L V6,Automatic,53240,Used,101,San Antonio,False,0,0
756,2023-09-22,Customer 756,555-920-5090,customer756@email.com,Honda,CR-V,2023,Red,Sedan,22603,3.6L V6,CVT,19557,Used,101,Phoenix,False,0,0
757,2023-05-17,Customer 757,555-474-1697,customer757@email.com,Toyota,RAV4,2023,Blue,Sedan,57840,3.5L V6,Manual,31860,New,102,San Antonio,False,0,0
758,2024-01-29,Customer 758,555-486-2751,customer758@email.com,BMW,3 Series,2022,White,Coupe,11090,2.5L I4,Automatic,19550,New,117,San Diego,False,0,0
759,2023-02-21,Customer 759,555-934-2824,customer759@email.com,Mercedes,E-Class,2022,Blue,SUV,39499,3.6L V6,Automatic,37503,Used,118,Chicago,True,4154,72
760,2023-07-14,Customer 760,555-142-1891,customer760@email.com,Ford,Escape,2022,Blue,Sedan,6590,2.0L I4,CVT,52148,New,106,Phoenix,True,8648,48
761,2023-01-02,Customer 761,555-345-2935,customer761@email.com,Ford,F-150,2023,Red,Sedan,53764,3.5L V6,CVT,21240,New,108,San Diego,False,0,0
762,2023-10-08,Customer 762,555-711-8197,customer762@email.com,Toyota,Tacoma,2019,White,SUV,15691,2.0L I4,CVT,32167,New,109,San Diego,False,0,0
763,2023-02-24,Customer 763,555-852-2649,customer763@email.com,Honda,Accord,2020,Blue,Truck,33732,3.6L V6,Manual,42151,Used,104,San Jose,True,2864,48
764,2023-12-15,Customer 764,555-999-5807,customer764@email.com,Audi,A4,2021,Red,Sedan,17599,3.5L V6,Automatic,54110,New,110,San Diego,True,7973,36
765,2023-09-07,Customer 765,555-356-5374,customer765@email.com,BMW,5 Series,2019,White,SUV,58546,3.6L V6,Automatic,49024,Used,113,Philadelphia,True,4411,36
766,2023-10-17,Customer 766,555-480-6514,customer766@email.com,Honda,Accord,2021,Gray,Coupe,28835,3.5L V6,Manual,21242,New,108,San Jose,True,2189,0
767,2023-02-02,Customer 767,555-370-5085,customer767@email.com,BMW,5 Series,2022,Black,Truck,40297,2.5L I4,Automatic,54965,Used,118,Dallas,False,0,0
768,2023-01-07,Customer 768,555-332-3109,customer768@email.com,Ford,F-150,2020,Black,Sedan,22253,2.5L I4,Automatic,40975,New,110,Chicago,True,8190,0
769,2023-08-05,Customer 769,555-114-7047,customer769@email.com,Jeep,Cherokee,2023,Blue,Coupe,11590,2.5L I4,Manual,32611,Used,101,Houston,True,3636,48
770,2023-03-03,Customer 770,555-254-8151,customer770@email.com,BMW,5 Series,2019,Gray,SUV,38901,3.6L V6,Manual,27292,Used,111,New York,False,0,0
771,2023-03-10,Customer 771,555-275-1058,customer771@email.com,Toyota,RAV4,2020,Gray,Truck,19596,2.5L I4,CVT,50245,Used,101,San Jose,True,5700,48
772,2023-05-25,Customer 772,555-571-2012,customer772@email.com,Hyundai,Tucson,2019,Red,Coupe,27352,5.0L V8,Manual,55832,Used,117,Houston,True,4037,48
773,2023-01-24,Customer 773,555-993-3474,customer773@email.com,Mercedes,E-Class,2020,Red,Sedan,24748,3.6L V6,CVT,25821,Used,115,Los Angeles,False,0,0
774,2023-01-13,Customer 774,555-388-8444,customer774@email.com,Toyota,RAV4,2021,Red,SUV,22306,5.0L V8,Manual,33626,Used,114,Chicago,False,0,0
775,2023-11-23,Customer 775,555-107-3966,customer775@email.com,Audi,A4,2020,Gray,Coupe,39338,3.5L V6,CVT,29371,New,105,Phoenix,False,0,0
776,2023-08-08,Customer 776,555-309-1561,customer776@email.com,Chevrolet,Traverse,2023,Blue,Truck,20017,2.0L I4,Automatic,43338,Used,104,San Antonio,True,9347,60
777,2023-03-26,Customer 777,555-356-3416,customer777@email.com,Audi,Q5,2024,Red,SUV,9530,5.0L V8,Automatic,35821,New,101,San Diego,True,487,36
778,2023-06-17,Customer 778,555-920-9435,customer778@email.com,Toyota,RAV4,2021,White,Sedan,53476,2.5L I4,Automatic,47530,New,105,New York,False,0,0
779,2023-11-09,Customer 779,555-251-8980,customer779@email.com,Chevrolet,Silverado,2024,White,SUV,50471,2.5L I4,Automatic,15580,Used,101,Houston,True,3368,48
780,2023-03-24,Customer 780,555-998-1858,customer780@email.com,Jeep,Cherokee,2018,Blue,SUV,13174,5.0L V8,Manual,54653,Used,104,San Jose,True,3690,36
781,2023-03-04,Customer 781,555-202-2973,customer781@email.com,Audi,A4,2019,Silver,Sedan,20430,2.5L I4,Automatic,37795,Used,108,New York,False,0,0
782,2024-01-03,Customer 782,555-327-6998,customer782@email.com,Honda,CR-V,2020,Red,Truck,41556,2.5L I4,CVT,55202,Used,109,Houston,False,0,0
783,2023-05-30,Customer 783,555-948-3543,customer783@email.com,Honda,Accord,2023,Green,Truck,42753,2.0L I4,Manual,55917,New,116,San Diego,True,1671,36
784,2023-06-26,Customer 784,555-535-3320,customer784@email.com,Mercedes,S-Class,2024,Gray,Truck,51859,2.5L I4,Manual,31950,New,110,New York,False,0,0
785,2023-06-03,Customer 785,555-552-4206,customer785@email.com,Ford,F-150,2022,Gray,SUV,55049,3.5L V6,Automatic,35985,Used,113,Chicago,False,0,0
786,2023-05-29,Customer 786,555-782-9639,customer786@email.com,Toyota,Tacoma,2024,Black,Sedan,46216,3.5L V6,Manual,47514,New,109,Dallas,False,0,0
787,2023-10-22,Customer 787,555-874-7356,customer787@email.com,Chevrolet,Traverse,2023,Gray,SUV,32437,3.5L V6,Manual,17073,New,105,Philadelphia,True,3289,48
788,2023-07-15,Customer 788,555-579-3173,customer788@email.com,Hyundai,Elantra,2022,Green,SUV,29722,2.0L I4,CVT,17862,New,116,San Antonio,False,0,0
789,2023-01-26,Customer 789,555-878-4572,customer789@email.com,Nissan,Rogue,2021,Blue,SUV,9146,3.6L V6,Automatic,29228,Used,114,Phoenix,False,0,0
790,2023-03-07,Customer 790,555-799-7059,customer790@email.com,Honda,Accord,2021,Red,SUV,23833,5.0L V8,Automatic,19298,New,107,San Diego,False,0,0
791,2023-01-11,Customer 791,555-261-6073,customer791@email.com,Toyota,Tacoma,2021,White,SUV,14800,3.6L V6,Automatic,27985,Used,108,Dallas,True,2368,48
792,2024-01-26,Customer 792,555-287-3889,customer792@email.com,Mercedes,E-Class,2019,White,Truck,45773,2.5L I4,CVT,49540,New,119,San Jose,False,0,0
793,2023-04-06,Customer 793,555-167-3165,customer793@email.com,Ford,F-150,2023,Blue,Sedan,17669,3.5L V6,CVT,58107,New,117,Los Angeles,False,0,0
794,2023-09-24,Customer 794,555-627-1877,customer794@email.com,BMW,5 Series,2020,Silver,Coupe,32016,3.6L V6,CVT,20302,New,116,Los Angeles,False,0,0
795,2024-01-08,Customer 795,555-677-4480,customer795@email.com,Honda,CR-V,2024,Gray,Truck,4280,2.0L I4,Manual,28407,Used,106,Phoenix,True,5947,72
796,2023-11-17,Customer 796,555-866-9302,customer796@email.com,Chevrolet,Equinox,2019,White,Coupe,27974,2.5L I4,Automatic,57318,New,106,Phoenix,False,0,0
797,2023-01-17,Customer 797,555-354-3729,customer797@email.com,Ford,Mustang,2021,Green,Truck,24812,5.0L V8,Automatic,40652,New,106,San Diego,True,5090,48
798,2023-11-13,Customer 798,555-650-8186,customer798@email.com,Nissan,Titan,2020,Red,Truck,57297,3.5L V6,Automatic,24184,New,101,Dallas,True,2567,72
799,2023-08-12,Customer 799,555-767-8143,customer799@email.com,Toyota,Camry,2019,Blue,Truck,30490,3.5L V6,Automatic,46227,New,120,Dallas,False,0,0
800,2023-10-12,Customer 800,555-217-8420,customer800@email.com,Toyota,Camry,2019,Silver,Sedan,35787,5.0L V8,Manual,34818,New,105,San Diego,True,4132,0
801,2023-09-25,Customer 801,555-769-7862,customer801@email.com,Chevrolet,Silverado,2023,Gray,Sedan,59912,3.5L V6,Automatic,30637,Used,101,San Jose,True,4700,36
802,2023-04-09,Customer 802,555-269-3467,customer802@email.com,Toyota,Tacoma,2024,Gray,Coupe,6676,5.0L V8,CVT,29562,New,117,Los Angeles,False,0,0
803,2023-01-28,Customer 803,555-132-2427,customer803@email.com,Nissan,Titan,2019,Gray,Coupe,57017,2.0L I4,CVT,31358,Used,110,San Jose,True,1028,48
804,2023-09-28,Customer 804,555-964-7541,customer804@email.com,Honda,Civic,2023,Gray,Truck,12123,5.0L V8,Manual,36441,New,119,San Jose,False,0,0
805,2023-10-12,Customer 805,555-834-7070,customer805@email.com,Ford,Mustang,2024,Blue,Sedan,55055,2.5L I4,Manual,18610,New,108,Philadelphia,False,0,0
806,2023-11-25,Customer 806,555-240-9241,customer806@email.com,Chevrolet,Silverado,2020,Blue,Sedan,35325,5.0L V8,CVT,49071,Used,116,New York,False,0,0
807,2023-06-09,Customer 807,555-519-7057,customer807@email.com,Chevrolet,Traverse,2022,Silver,SUV,34336,2.0L I4,Automatic,42936,Used,110,San Diego,True,3143,48
808,2023-01-11,Customer 808,555-378-9166,customer808@email.com,Mercedes,E-Class,2020,Silver,Coupe,28594,3.6L V6,Manual,28841,New,114,Houston,True,609,36
809,2023-11-10,Customer 809,555-927-4148,customer809@email.com,Toyota,Tacoma,2018,White,Sedan,45952,3.6L V6,Automatic,56464,New,114,San Jose,True,1540,60
810,2023-04-28,Customer 810,555-981-1717,customer810@email.com,BMW,X5,2020,Blue,Sedan,39697,3.5L V6,CVT,19109,Used,119,Chicago,True,2155,36
811,2023-03-17,Customer 811,555-217-1493,customer811@email.com,Hyundai,Elantra,2018,Red,SUV,7034,5.0L V8,Automatic,47249,Used,109,San Antonio,True,10475,60
812,2023-10-11,Customer 812,555-791-9386,customer812@email.com,Toyota,Tacoma,2018,Black,Coupe,25447,2.5L I4,Manual,24884,New,101,Los Angeles,False,0,0
813,2023-08-22,Customer 813,555-790-2890,customer813@email.com,Toyota,Tacoma,2023,Red,Sedan,11657,2.0L I4,Automatic,25409,New,115,New York,False,0,0
814,2023-03-05,Customer 814,555-697-1240,customer814@email.com,Toyota,RAV4,2022,Green,Truck,40521,2.0L I4,Automatic,21918,Used,104,Houston,False,0,0
815,2023-08-03,Customer 815,555-224-7204,customer815@email.com,Mercedes,E-Class,2021,Silver,Sedan,12119,3.5L V6,Automatic,28879,Used,116,San Jose,True,3093,0
816,2023-08-07,Customer 816,555-336-7301,customer816@email.com,Jeep,Cherokee,2018,Red,Truck,47794,5.0L V8,CVT,24049,New,120,Los Angeles,True,2440,60
817,2023-01-03,Customer 817,555-615-2436,customer817@email.com,Jeep,Cherokee,2022,Red,Truck,31405,2.0L I4,Manual,35125,New,107,San Diego,False,0,0
818,2023-05-28,Customer 818,555-376-7954,customer818@email.com,BMW,5 Series,2018,Silver,Coupe,30991,5.0L V8,Automatic,57806,New,110,Chicago,False,0,0
819,2023-12-27,Customer 819,555-815-7029,customer819@email.com,Toyota,Camry,2021,Red,Sedan,49819,3.5L V6,CVT,57137,New,106,San Antonio,False,0,0
820,2023-08-25,Customer 820,555-839-2281,customer820@email.com,Ford,Escape,2024,Gray,SUV,48492,3.5L V6,CVT,29109,New,104,Houston,True,2265,36
821,2023-02-20,Customer 821,555-968-3499,customer821@email.com,Toyota,Camry,2021,White,Coupe,49001,5.0L V8,Manual,50766,Used,119,San Diego,False,0,0
822,2024-01-24,Customer 822,555-999-2010,customer822@email.com,Nissan,Altima,2019,Blue,Truck,11790,2.0L I4,CVT,16871,New,119,Houston,False,0,0
823,2023-01-08,Customer 823,555-856-1401,customer823@email.com,Jeep,Cherokee,2023,Gray,Sedan,36620,3.5L V6,Manual,58549,New,107,Los Angeles,True,2906,0
824,2023-10-01,Customer 824,555-588-2793,customer824@email.com,Toyota,RAV4,2023,Gray,Coupe,9537,5.0L V8,CVT,16689,Used,102,Dallas,False,0,0
825,2023-09-16,Customer 825,555-188-2079,customer825@email.com,Nissan,Altima,2020,White,SUV,55766,3.6L V6,Manual,38943,Used,106,Philadelphia,False,0,0
826,2023-02-21,Customer 826,555-859-2624,customer826@email.com,Chevrolet,Traverse,2022,Red,Sedan,39790,3.5L V6,CVT,26491,Used,106,San Diego,True,366,60
827,2023-03-29,Customer 827,555-848-3314,customer827@email.com,Nissan,Rogue,2022,Red,SUV,37798,2.0L I4,Manual,44270,Used,102,Los Angeles,False,0,0
828,2023-07-30,Customer 828,555-369-4083,customer828@email.com,Chevrolet,Silverado,2021,White,Truck,59208,5.0L V8,Automatic,54618,Used,103,New York,False,0,0
829,2023-02-16,Customer 829,555-709-7863,customer829@email.com,Nissan,Altima,2021,Red,Coupe,11602,5.0L V8,Automatic,28820,New,104,Phoenix,True,1484,48
830,2023-02-18,Customer 830,555-235-4790,customer830@email.com,Hyundai,Sonata,2023,Silver,Coupe,36837,5.0L V8,Automatic,38638,New,103,San Antonio,True,8157,0
831,2023-10-11,Customer 831,555-933-3501,customer831@email.com,Mercedes,E-Class,2023,Gray,Sedan,48851,3.5L V6,Manual,22947,Used,110,San Diego,False,0,0
832,2023-02-14,Customer 832,555-471-5261,customer832@email.com,Hyundai,Tucson,2022,Black,SUV,12221,5.0L V8,CVT,44445,Used,116,Chicago,False,0,0
833,2023-01-04,Customer 833,555-973-7284,customer833@email.com,Honda,Civic,2020,Red,Truck,31517,2.5L I4,Manual,32394,Used,110,Philadelphia,False,0,0
834,2023-01-28,Customer 834,555-675-8503,customer834@email.com,Audi,A4,2024,Gray,Coupe,23891,2.0L I4,Automatic,31762,New,109,Dallas,True,3709,72
835,2023-02-24,Customer 835,555-221-7755,customer835@email.com,Nissan,Altima,2022,Green,SUV,37482,5.0L V8,Manual,35947,Used,101,Dallas,True,6263,48
836,2024-01-08,Customer 836,555-412-8620,customer836@email.com,Jeep,Grand Cherokee,2022,Red,SUV,40046,3.5L V6,Automatic,56412,New,103,Philadelphia,False,0,0
837,2023-11-12,Customer 837,555-698-4689,customer837@email.com,Ford,Escape,2021,Silver,Truck,18995,2.5L I4,Manual,44904,Used,113,Philadelphia,False,0,0
838,2023-04-12,Customer 838,555-679-2140,customer838@email.com,Toyota,Tacoma,2024,Green,Truck,12939,3.6L V6,Automatic,46842,New,111,San Diego,False,0,0
839,2024-01-15,Customer 839,555-319-9272,customer839@email.com,Chevrolet,Equinox,2018,Black,Sedan,20781,2.5L I4,CVT,26811,New,119,Phoenix,True,4280,0
840,2024-01-08,Customer 840,555-345-1732,customer840@email.com,Ford,Mustang,2024,Black,SUV,27368,3.6L V6,Automatic,18435,Used,107,Los Angeles,True,4450,36
841,2023-08-01,Customer 841,555-667-8510,customer841@email.com,Ford,Escape,2024,White,SUV,17582,2.5L I4,Automatic,36802,Used,107,Philadelphia,False,0,0
842,2023-10-28,Customer 842,555-893-9950,customer842@email.com,Nissan,Titan,2020,Red,Coupe,54146,2.0L I4,Automatic,36134,Used,101,Los Angeles,True,6221,72
843,2023-11-30,Customer 843,555-739-4072,customer843@email.com,Audi,Q5,2024,Silver,Coupe,31102,2.0L I4,Automatic,52999,New,105,San Antonio,False,0,0
844,2023-10-26,Customer 844,555-874-9179,customer844@email.com,Honda,Accord,2019,White,SUV,12171,5.0L V8,Automatic,53038,New,115,New York,False,0,0
845,2023-10-17,Customer 845,555-773-9329,customer845@email.com,Audi,A6,2020,Green,Coupe,40695,2.5L I4,Automatic,18892,New,101,San Diego,True,3257,0
846,2023-10-02,Customer 846,555-180-6741,customer846@email.com,Chevrolet,Silverado,2018,Silver,Coupe,56559,2.5L I4,CVT,44814,New,114,Philadelphia,True,9933,36
847,2023-04-01,Customer 847,555-695-5418,customer847@email.com,BMW,3 Series,2021,White,Truck,34966,2.5L I4,CVT,33831,Used,113,Phoenix,False,0,0
848,2023-08-13,Customer 848,555-401-8906,customer848@email.com,Ford,Mustang,2023,Black,Sedan,27604,2.0L I4,Automatic,20716,New,102,San Jose,False,0,0
849,2023-12-01,Customer 849,555-375-9458,customer849@email.com,Nissan,Altima,2024,Gray,Coupe,57242,3.6L V6,CVT,25582,New,113,San Antonio,False,0,0
850,2023-06-13,Customer 850,555-964-3385,customer850@email.com,Toyota,Camry,2018,Red,Truck,48710,3.6L V6,CVT,41926,New,119,San Jose,False,0,0
851,2023-03-03,Customer 851,555-948-8267,customer851@email.com,Ford,Mustang,2020,Black,SUV,7108,5.0L V8,Automatic,57150,New,101,Houston,False,0,0
852,2024-01-13,Customer 852,555-631-1152,customer852@email.com,Ford,Mustang,2024,Red,Sedan,32983,3.5L V6,CVT,53217,Used,116,New York,False,0,0
853,2023-12-22,Customer 853,555-211-9891,customer853@email.com,Nissan,Altima,2024,Gray,Coupe,11755,5.0L V8,Automatic,43556,New,102,San Jose,True,10230,0
854,2023-09-21,Customer 854,555-221-7005,customer854@email.com,Audi,A6,2023,White,Truck,14746,3.5L V6,Automatic,59939,Used,109,New York,True,5263,60
855,2023-11-13,Customer 855,555-915-3726,customer855@email.com,BMW,X5,2020,Green,SUV,42638,2.0L I4,CVT,23564,Used,105,Chicago,True,4554,36
856,2023-10-19,Customer 856,555-522-3213,customer856@email.com,Audi,A6,2023,Black,Sedan,33079,5.0L V8,CVT,18927,Used,114,Los Angeles,True,602,0
857,2023-01-28,Customer 857,555-806-3462,customer857@email.com,Audi,Q5,2018,Gray,Sedan,51922,3.5L V6,Manual,25411,New,104,San Diego,False,0,0
858,2023-05-20,Customer 858,555-865-2553,customer858@email.com,Mercedes,C-Class,2018,Black,Sedan,38352,5.0L V8,CVT,32373,Used,117,New York,True,1148,60
859,2023-09-01,Customer 859,555-846-2617,customer859@email.com,Chevrolet,Equinox,2019,Blue,Coupe,34681,3.6L V6,Automatic,22917,New,111,San Antonio,False,0,0
860,2024-01-20,Customer 860,555-441-8677,customer860@email.com,Toyota,Camry,2023,Silver,SUV,55143,2.0L I4,Manual,37070,Used,118,San Diego,False,0,0
861,2023-06-27,Customer 861,555-628-3144,customer861@email.com,Toyota,RAV4,2024,Red,Truck,41885,5.0L V8,Automatic,44536,New,107,Philadelphia,False,0,0
862,2023-03-23,Customer 862,555-231-6001,customer862@email.com,Chevrolet,Equinox,2022,Green,SUV,14116,5.0L V8,Manual,23521,New,101,Los Angeles,False,0,0
863,2023-11-03,Customer 863,555-767-9383,customer863@email.com,Nissan,Rogue,2018,Black,Truck,30009,2.0L I4,Automatic,50314,New,106,Chicago,True,11950,36
864,2023-12-06,Customer 864,555-218-2217,customer864@email.com,Ford,Mustang,2022,White,SUV,26431,3.6L V6,CVT,39324,New,113,New York,False,0,0
865,2023-08-14,Customer 865,555-963-7168,customer865@email.com,Audi,A4,2020,Gray,SUV,44312,2.5L I4,Automatic,57247,Used,110,Dallas,False,0,0
866,2023-11-12,Customer 866,555-938-3594,customer866@email.com,Nissan,Titan,2024,Silver,SUV,46221,3.5L V6,Manual,28407,Used,120,New York,True,1658,48
867,2023-01-02,Customer 867,555-518-4526,customer867@email.com,Chevrolet,Traverse,2023,Blue,Sedan,32315,2.0L I4,CVT,45152,Used,119,San Diego,True,10992,48
868,2023-03-14,Customer 868,555-799-4887,customer868@email.com,Ford,Mustang,2022,Blue,Sedan,43916,2.5L I4,CVT,27708,New,105,New York,True,6598,72
869,2023-09-02,Customer 869,555-683-8676,customer869@email.com,Chevrolet,Equinox,2018,Red,Sedan,16417,3.5L V6,Automatic,19429,New,103,Chicago,False,0,0
870,2023-03-29,Customer 870,555-545-3007,customer870@email.com,Nissan,Altima,2022,Blue,Truck,43146,2.5L I4,CVT,36244,New,105,Los Angeles,False,0,0
871,2023-01-17,Customer 871,555-359-4146,customer871@email.com,Honda,Accord,2018,White,Sedan,35306,5.0L V8,CVT,43479,Used,111,Philadelphia,True,4057,36
872,2023-11-25,Customer 872,555-347-6204,customer872@email.com,Honda,CR-V,2019,Black,Sedan,13034,2.0L I4,CVT,36241,Used,105,San Jose,False,0,0
873,2023-11-27,Customer 873,555-807-6843,customer873@email.com,BMW,3 Series,2024,Black,SUV,12846,3.5L V6,Automatic,57679,Used,117,Chicago,False,0,0
874,2023-02-18,Customer 874,555-971-8564,customer874@email.com,Audi,Q5,2022,Green,Truck,39146,2.5L I4,Automatic,38730,New,109,Los Angeles,True,2886,48
875,2023-08-05,Customer 875,555-892-2590,customer875@email.com,Jeep,Wrangler,2023,Blue,Sedan,35994,2.5L I4,CVT,30900,Used,117,Phoenix,False,0,0
876,2023-11-10,Customer 876,555-505-6514,customer876@email.com,Chevrolet,Equinox,2021,Green,Coupe,53301,5.0L V8,Automatic,40824,Used,119,Phoenix,False,0,0
877,2023-08-12,Customer 877,555-822-8861,customer877@email.com,Jeep,Wrangler,2020,Blue,SUV,51453,2.5L I4,CVT,20158,New,101,San Antonio,True,280,72
878,2023-01-08,Customer 878,555-154-6549,customer878@email.com,Jeep,Wrangler,2024,Green,Sedan,51272,5.0L V8,Manual,25758,New,116,Phoenix,True,5731,0
879,2024-01-11,Customer 879,555-410-2554,customer879@email.com,Hyundai,Tucson,2020,White,Truck,56275,3.6L V6,Automatic,47672,New,102,San Diego,False,0,0
880,2023-03-17,Customer 880,555-293-4113,customer880@email.com,BMW,5 Series,2020,Black,Truck,11239,2.5L I4,CVT,29969,Used,109,San Diego,False,0,0
881,2023-01-10,Customer 881,555-953-1353,customer881@email.com,Nissan,Altima,2023,Silver,Truck,48253,5.0L V8,Automatic,47142,Used,111,Houston,True,4914,0
882,2023-06-26,Customer 882,555-596-8716,customer882@email.com,Nissan,Titan,2019,Gray,Coupe,50009,2.0L I4,Automatic,19284,Used,111,New York,True,2508,60
883,2024-01-14,Customer 883,555-706-1351,customer883@email.com,Chevrolet,Traverse,2020,Silver,SUV,18114,5.0L V8,CVT,28121,New,112,Philadelphia,False,0,0
884,2023-03-02,Customer 884,555-856-1071,customer884@email.com,Hyundai,Tucson,2018,Silver,Coupe,14154,2.0L I4,Manual,39523,New,101,San Antonio,False,0,0
885,2023-01-30,Customer 885,555-548-3820,customer885@email.com,Chevrolet,Silverado,2020,Green,Sedan,6044,2.0L I4,Manual,24465,Used,102,San Diego,True,1636,0
886,2023-04-16,Customer 886,555-271-6803,customer886@email.com,Chevrolet,Silverado,2018,Red,Coupe,29384,2.0L I4,Manual,37145,New,107,Los Angeles,True,4214,72
887,2023-01-13,Customer 887,555-883-9788,customer887@email.com,Chevrolet,Traverse,2022,Gray,SUV,52814,2.0L I4,Manual,30752,Used,114,Chicago,False,0,0
888,2023-06-14,Customer 888,555-721-3990,customer888@email.com,Chevrolet,Silverado,2024,Blue,Sedan,57851,5.0L V8,Automatic,28046,Used,109,San Antonio,True,5238,48
889,2023-02-09,Customer 889,555-981-4781,customer889@email.com,Ford,Mustang,2024,Gray,Coupe,23375,2.0L I4,Automatic,54113,Used,105,Dallas,False,0,0
890,2023-01-06,Customer 890,555-810-4499,customer890@email.com,Toyota,RAV4,2024,Black,Truck,25415,3.5L V6,CVT,25204,Used,116,Houston,True,1917,0
891,2023-09-24,Customer 891,555-990-1794,customer891@email.com,Toyota,RAV4,2024,Blue,Sedan,12720,2.0L I4,Automatic,48313,New,112,Houston,True,3939,72
892,2023-01-27,Customer 892,555-464-1265,customer892@email.com,Ford,Escape,2021,White,Truck,7653,3.5L V6,Automatic,32878,New,102,San Diego,False,0,0
893,2023-03-16,Customer 893,555-949-1010,customer893@email.com,Mercedes,S-Class,2018,Silver,Coupe,51547,2.0L I4,CVT,37428,Used,102,Phoenix,False,0,0
894,2023-07-19,Customer 894,555-386-9374,customer894@email.com,Audi,Q5,2024,Silver,SUV,37438,2.5L I4,Automatic,38435,New,101,Philadelphia,False,0,0
895,2023-05-22,Customer 895,555-361-3810,customer895@email.com,Mercedes,S-Class,2023,Silver,Truck,37020,3.6L V6,Manual,55364,New,109,San Diego,True,5470,48
896,2023-05-06,Customer 896,555-338-7964,customer896@email.com,Audi,Q5,2024,Red,Coupe,31381,2.0L I4,Manual,53823,New,103,Dallas,True,12174,60
897,2023-06-16,Customer 897,555-263-3421,customer897@email.com,Audi,A4,2020,Red,Truck,11950,2.5L I4,CVT,41674,Used,115,Phoenix,True,8652,36
898,2023-11-28,Customer 898,555-832-5392,customer898@email.com,Ford,Escape,2022,Gray,SUV,19693,5.0L V8,Automatic,37843,Used,103,Chicago,False,0,0
899,2023-02-15,Customer 899,555-639-7146,customer899@email.com,Ford,Mustang,2024,Silver,Sedan,21049,2.0L I4,Manual,58984,Used,117,Chicago,True,8972,60
900,2023-07-08,Customer 900,555-995-4090,customer900@email.com,Jeep,Wrangler,2020,Black,Sedan,11767,3.5L V6,Manual,38207,New,103,San Jose,False,0,0
901,2023-02-23,Customer 901,555-797-8395,customer901@email.com,Audi,Q5,2020,White,Coupe,52247,3.5L V6,CVT,29247,New,119,San Antonio,False,0,0
902,2023-12-06,Customer 902,555-827-4078,customer902@email.com,Chevrolet,Silverado,2019,White,Sedan,40064,2.0L I4,Automatic,40806,Used,102,San Jose,True,4582,60
903,2023-04-20,Customer 903,555-266-7349,customer903@email.com,Toyota,Tacoma,2018,Green,Truck,47871,2.0L I4,Manual,15701,New,113,Philadelphia,False,0,0
904,2023-11-20,Customer 904,555-248-8634,customer904@email.com,Toyota,RAV4,2018,Black,Coupe,36612,3.5L V6,CVT,57291,New,112,San Antonio,True,11935,72
905,2023-07-27,Customer 905,555-372-7783,customer905@email.com,Ford,F-150,2018,Red,Coupe,32985,2.0L I4,Automatic,59621,Used,101,Dallas,True,12101,36
906,2023-09-28,Customer 906,555-267-2637,customer906@email.com,Ford,Mustang,2020,Black,SUV,10372,2.5L I4,CVT,40438,New,110,Los Angeles,True,1457,72
907,2023-12-09,Customer 907,555-479-5262,customer907@email.com,Toyota,RAV4,2022,Red,Sedan,51959,2.5L I4,CVT,49627,Used,110,New York,False,0,0
908,2023-02-07,Customer 908,555-636-9206,customer908@email.com,Jeep,Grand Cherokee,2023,Silver,Truck,47878,5.0L V8,Manual,22489,Used,117,San Diego,True,2700,60
909,2023-09-23,Customer 909,555-257-1282,customer909@email.com,Ford,F-150,2021,Black,SUV,23706,3.6L V6,Automatic,33069,New,111,San Jose,False,0,0
910,2023-01-22,Customer 910,555-388-7255,customer910@email.com,Jeep,Cherokee,2019,Gray,Sedan,8966,5.0L V8,Manual,47406,New,111,San Diego,False,0,0
911,2024-01-01,Customer 911,555-282-9014,customer911@email.com,Mercedes,C-Class,2020,Blue,Coupe,50299,5.0L V8,CVT,44088,New,118,Phoenix,True,6008,60
912,2023-06-05,Customer 912,555-404-8775,customer912@email.com,Audi,A4,2019,Green,Sedan,42360,5.0L V8,CVT,59554,Used,103,New York,True,13852,36
913,2023-09-09,Customer 913,555-840-3016,customer913@email.com,Ford,Mustang,2024,Red,Coupe,11553,3.5L V6,Manual,43328,New,110,Los Angeles,True,3270,72
914,2023-12-26,Customer 914,555-237-1363,customer914@email.com,Ford,Mustang,2019,Silver,SUV,6476,2.5L I4,CVT,52694,New,115,New York,False,0,0
915,2023-02-16,Customer 915,555-371-7398,customer915@email.com,Toyota,RAV4,2021,Red,Truck,33842,2.5L I4,Automatic,33385,Used,101,Phoenix,False,0,0
916,2023-05-08,Customer 916,555-637-2035,customer916@email.com,Jeep,Wrangler,2018,Gray,Coupe,44082,5.0L V8,Manual,28407,Used,102,New York,False,0,0
917,2023-05-01,Customer 917,555-895-4668,customer917@email.com,Audi,A4,2021,Black,Coupe,45038,3.5L V6,Automatic,26006,New,102,Houston,False,0,0
918,2023-07-17,Customer 918,555-997-6408,customer918@email.com,Hyundai,Tucson,2022,Black,SUV,33630,3.6L V6,Automatic,51799,New,110,New York,True,9999,72
919,2023-12-08,Customer 919,555-971-5195,customer919@email.com,Mercedes,E-Class,2022,Silver,Coupe,53164,3.5L V6,Automatic,46160,Used,113,San Diego,True,10,72
920,2023-06-05,Customer 920,555-673-5820,customer920@email.com,Toyota,Tacoma,2024,Gray,Coupe,43953,3.6L V6,CVT,54285,New,107,Chicago,False,0,0
921,2023-03-28,Customer 921,555-908-2906,customer921@email.com,Mercedes,E-Class,2019,Blue,Coupe,23873,3.6L V6,Manual,55279,Used,107,Chicago,True,10592,48
922,2023-07-12,Customer 922,555-960-6854,customer922@email.com,Hyundai,Tucson,2020,White,Coupe,39583,3.6L V6,CVT,39990,New,101,Dallas,False,0,0
923,2023-01-24,Customer 923,555-319-4730,customer923@email.com,Audi,Q5,2018,Green,Coupe,20707,2.0L I4,Automatic,25002,Used,117,San Jose,True,960,48
924,2023-12-15,Customer 924,555-575-3782,customer924@email.com,Ford,Mustang,2023,Blue,Coupe,56291,2.0L I4,Automatic,33430,Used,117,San Diego,False,0,0
925,2023-08-20,Customer 925,555-859-6942,customer925@email.com,Mercedes,E-Class,2018,Silver,SUV,17795,3.5L V6,Manual,17276,New,104,Houston,False,0,0
926,2023-05-21,Customer 926,555-956-9988,customer926@email.com,Hyundai,Tucson,2018,Red,Sedan,51694,3.5L V6,Automatic,19566,Used,117,Chicago,True,1875,48
927,2023-08-31,Customer 927,555-146-2418,customer927@email.com,Honda,Accord,2023,Silver,Coupe,39365,3.5L V6,CVT,38442,Used,107,Phoenix,False,0,0
928,2023-04-23,Customer 928,555-916-4495,customer928@email.com,Chevrolet,Traverse,2020,Green,SUV,59126,3.6L V6,Manual,35001,Used,110,San Diego,False,0,0
929,2023-06-21,Customer 929,555-153-6355,customer929@email.com,Chevrolet,Equinox,2020,Gray,SUV,6566,2.5L I4,Automatic,25653,New,101,San Jose,True,1660,48
930,2023-10-15,Customer 930,555-117-6374,customer930@email.com,Toyota,Tacoma,2024,White,Truck,51539,3.5L V6,Automatic,29853,Used,106,Houston,True,5297,72
931,2023-06-03,Customer 931,555-831-1930,customer931@email.com,BMW,5 Series,2019,Red,Coupe,9466,2.0L I4,Manual,58235,Used,116,San Antonio,True,4088,60
932,2023-11-23,Customer 932,555-497-8184,customer932@email.com,Mercedes,S-Class,2024,Red,Truck,1177,2.0L I4,Manual,36801,New,117,Phoenix,True,1528,48
933,2023-08-16,Customer 933,555-995-6716,customer933@email.com,Jeep,Wrangler,2023,Black,Sedan,52935,3.5L V6,CVT,35990,Used,104,San Antonio,True,7552,60
934,2023-09-26,Customer 934,555-478-2076,customer934@email.com,Audi,Q5,2019,Blue,Coupe,17684,3.5L V6,Automatic,30693,New,117,Philadelphia,False,0,0
935,2023-10-18,Customer 935,555-312-5602,customer935@email.com,Chevrolet,Traverse,2024,Green,Truck,21823,5.0L V8,CVT,33567,Used,113,Dallas,True,6475,48
936,2023-03-31,Customer 936,555-677-5128,customer936@email.com,Honda,CR-V,2021,Green,Coupe,26985,3.5L V6,Automatic,25539,Used,115,Chicago,False,0,0
937,2023-12-19,Customer 937,555-451-5150,customer937@email.com,Nissan,Rogue,2022,Silver,Sedan,41388,3.5L V6,Automatic,59884,New,114,Los Angeles,True,2484,72
938,2023-10-27,Customer 938,555-681-2023,customer938@email.com,Honda,CR-V,2024,Blue,Sedan,13520,3.5L V6,CVT,16740,Used,117,San Jose,True,3846,48
939,2023-03-21,Customer 939,555-448-4719,customer939@email.com,BMW,5 Series,2020,Red,Coupe,54635,3.5L V6,CVT,35647,New,102,Los Angeles,True,2876,72
940,2023-03-01,Customer 940,555-604-6937,customer940@email.com,Mercedes,S-Class,2023,Blue,Sedan,6162,3.6L V6,Manual,45153,New,101,Los Angeles,True,1714,36
941,2024-01-29,Customer 941,555-703-3214,customer941@email.com,Mercedes,E-Class,2019,Blue,SUV,17694,2.0L I4,Manual,53940,New,105,New York,False,0,0
942,2023-02-23,Customer 942,555-835-6323,customer942@email.com,Honda,CR-V,2024,Blue,SUV,9579,5.0L V8,Automatic,35294,Used,101,Houston,False,0,0
943,2023-08-12,Customer 943,555-501-9312,customer943@email.com,BMW,X5,2019,White,SUV,21131,3.5L V6,Automatic,18336,Used,101,San Jose,False,0,0
944,2023-04-06,Customer 944,555-603-2850,customer944@email.com,Hyundai,Sonata,2019,Red,Coupe,19869,5.0L V8,CVT,18410,Used,117,Philadelphia,False,0,0
945,2023-02-17,Customer 945,555-340-7457,customer945@email.com,Ford,Escape,2018,White,Truck,50076,3.6L V6,CVT,58298,New,117,Philadelphia,False,0,0
946,2023-08-17,Customer 946,555-999-2057,customer946@email.com,Ford,F-150,2022,Silver,SUV,33909,2.5L I4,Manual,58437,New,114,San Jose,True,6235,0
947,2024-01-16,Customer 947,555-340-4995,customer947@email.com,Chevrolet,Silverado,2020,Silver,SUV,49556,2.0L I4,Manual,24146,Used,107,Los Angeles,True,4634,60
948,2023-03-10,Customer 948,555-480-8722,customer948@email.com,Ford,Mustang,2023,Red,SUV,9068,2.0L I4,CVT,25516,New,115,Dallas,False,0,0
949,2023-01-04,Customer 949,555-538-2005,customer949@email.com,Toyota,Camry,2024,Blue,Sedan,51378,3.6L V6,CVT,44708,Used,104,New York,False,0,0
950,2023-10-12,Customer 950,555-214-9110,customer950@email.com,Honda,CR-V,2024,White,Coupe,29920,5.0L V8,CVT,21117,New,120,Phoenix,False,0,0
951,2023-09-26,Customer 951,555-736-3994,customer951@email.com,Jeep,Grand Cherokee,2020,Blue,Sedan,45802,2.5L I4,CVT,27611,Used,110,Los Angeles,True,6705,60
952,2023-09-07,Customer 952,555-786-3257,customer952@email.com,Mercedes,S-Class,2020,Silver,Truck,25313,5.0L V8,CVT,58145,Used,102,San Jose,False,0,0
953,2023-01-02,Customer 953,555-239-4579,customer953@email.com,Honda,CR-V,2023,Gray,Coupe,52436,3.6L V6,CVT,15147,Used,113,Dallas,False,0,0
954,2023-03-04,Customer 954,555-911-1466,customer954@email.com,Hyundai,Tucson,2021,Gray,SUV,40805,3.6L V6,Automatic,54988,New,107,Chicago,False,0,0
955,2023-08-04,Customer 955,555-871-3556,customer955@email.com,Hyundai,Tucson,2022,White,Coupe,19667,3.5L V6,Manual,25833,New,102,Phoenix,True,3098,60
956,2023-04-03,Customer 956,555-937-3816,customer956@email.com,Jeep,Grand Cherokee,2023,Black,Truck,43278,5.0L V8,CVT,27605,Used,102,Philadelphia,False,0,0
957,2023-03-14,Customer 957,555-375-4870,customer957@email.com,Jeep,Cherokee,2022,Black,Sedan,30678,2.0L I4,CVT,56176,Used,110,New York,True,4629,48
958,2023-03-17,Customer 958,555-870-8633,customer958@email.com,Ford,F-150,2021,Red,Truck,44489,2.0L I4,CVT,19519,New,104,Dallas,True,3685,48
959,2023-12-21,Customer 959,555-942-6146,customer959@email.com,Audi,A4,2021,Blue,SUV,23557,3.6L V6,Automatic,47248,Used,116,Los Angeles,True,10043,60
960,2023-08-23,Customer 960,555-783-2280,customer960@email.com,Ford,Escape,2022,Gray,Sedan,44232,2.5L I4,Manual,22164,New,118,Los Angeles,False,0,0
961,2023-12-25,Customer 961,555-454-6510,customer961@email.com,Audi,A4,2020,Red,Sedan,19445,3.6L V6,CVT,18355,New,114,San Antonio,False,0,0
962,2023-09-18,Customer 962,555-265-5660,customer962@email.com,Jeep,Wrangler,2019,Silver,Sedan,35859,3.5L V6,Automatic,29361,Used,110,San Diego,True,2606,48
963,2023-01-17,Customer 963,555-295-8906,customer963@email.com,Chevrolet,Traverse,2019,Gray,SUV,56728,2.5L I4,Automatic,52076,Used,110,Philadelphia,True,4378,36
964,2023-07-12,Customer 964,555-350-1907,customer964@email.com,Hyundai,Elantra,2022,Blue,SUV,42419,2.0L I4,Manual,50100,Used,102,Phoenix,False,0,0
965,2023-09-23,Customer 965,555-668-3385,customer965@email.com,BMW,5 Series,2022,Gray,Truck,18028,2.5L I4,CVT,42076,Used,104,San Jose,True,7613,60
966,2023-11-26,Customer 966,555-103-4153,customer966@email.com,Hyundai,Elantra,2020,Gray,SUV,25651,3.5L V6,Automatic,17344,Used,115,Philadelphia,False,0,0
967,2024-01-11,Customer 967,555-951-1733,customer967@email.com,Nissan,Titan,2023,Black,Truck,48188,2.5L I4,CVT,20497,Used,119,Phoenix,False,0,0
968,2023-04-05,Customer 968,555-636-2976,customer968@email.com,Hyundai,Sonata,2024,White,Truck,31750,3.5L V6,Manual,45873,New,118,Los Angeles,False,0,0
969,2023-05-17,Customer 969,555-763-7516,customer969@email.com,Toyota,Tacoma,2024,Red,Truck,5486,5.0L V8,CVT,25757,Used,117,Los Angeles,False,0,0
970,2023-04-24,Customer 970,555-995-4570,customer970@email.com,Hyundai,Sonata,2024,Green,Sedan,15636,3.6L V6,CVT,53334,New,101,San Antonio,False,0,0
971,2023-09-28,Customer 971,555-777-7981,customer971@email.com,Mercedes,C-Class,2024,Red,Sedan,10786,2.5L I4,Automatic,34933,New,115,Los Angeles,True,7590,0
972,2023-09-05,Customer 972,555-738-7849,customer972@email.com,Toyota,RAV4,2022,Black,Sedan,5320,5.0L V8,CVT,46481,New,119,Los Angeles,True,2953,72
973,2023-07-23,Customer 973,555-733-8781,customer973@email.com,BMW,5 Series,2023,Blue,SUV,51541,5.0L V8,Manual,48344,New,109,Chicago,True,3635,36
974,2023-09-25,Customer 974,555-330-8386,customer974@email.com,Mercedes,E-Class,2022,Green,Truck,14794,5.0L V8,Manual,42024,New,118,San Antonio,True,3384,48
975,2023-06-26,Customer 975,555-137-1886,customer975@email.com,Mercedes,E-Class,2023,Blue,Truck,13530,3.5L V6,Manual,45226,Used,103,Chicago,True,5308,0
976,2023-03-19,Customer 976,555-430-4807,customer976@email.com,Chevrolet,Traverse,2022,Green,Coupe,45098,5.0L V8,Automatic,29661,Used,120,San Jose,False,0,0
977,2023-02-02,Customer 977,555-809-6286,customer977@email.com,Jeep,Wrangler,2020,Blue,Coupe,14947,3.5L V6,CVT,53177,New,119,Dallas,True,7262,36
978,2023-12-11,Customer 978,555-135-4019,customer978@email.com,Toyota,Camry,2021,Silver,Truck,7569,3.5L V6,Automatic,41048,Used,108,Los Angeles,False,0,0
979,2023-02-10,Customer 979,555-957-6396,customer979@email.com,Chevrolet,Traverse,2023,Gray,Coupe,5366,3.6L V6,CVT,25128,New,102,San Antonio,True,755,48
980,2023-04-06,Customer 980,555-771-5744,customer980@email.com,Mercedes,C-Class,2023,Black,Truck,19760,2.5L I4,Manual,24408,Used,118,Phoenix,True,5839,72
981,2023-04-28,Customer 981,555-203-8729,customer981@email.com,Ford,F-150,2022,Black,Sedan,10464,2.0L I4,CVT,55941,New,117,Phoenix,False,0,0
982,2023-01-17,Customer 982,555-518-5453,customer982@email.com,Nissan,Rogue,2022,Blue,Truck,18517,2.5L I4,Manual,30216,Used,117,Chicago,False,0,0
983,2023-06-22,Customer 983,555-874-1215,customer983@email.com,Jeep,Wrangler,2024,Blue,Coupe,1589,2.5L I4,Manual,59374,Used,111,San Diego,True,7476,0
984,2023-10-26,Customer 984,555-983-1758,customer984@email.com,Mercedes,C-Class,2021,Silver,Coupe,40572,2.0L I4,CVT,21724,Used,104,New York,True,2084,36
985,2023-01-01,Customer 985,555-220-7535,customer985@email.com,Mercedes,E-Class,2018,Green,SUV,32541,2.0L I4,CVT,25712,New,116,Chicago,False,0,0
986,2023-10-19,Customer 986,555-295-5458,customer986@email.com,Jeep,Wrangler,2024,Green,SUV,13311,2.0L I4,CVT,59997,Used,108,San Jose,False,0,0
987,2023-02-19,Customer 987,555-510-7596,customer987@email.com,Ford,F-150,2022,Silver,Truck,25741,5.0L V8,Automatic,37641,Used,107,Phoenix,False,0,0
988,2023-11-27,Customer 988,555-859-3224,customer988@email.com,Audi,A6,2024,Red,Truck,17252,2.0L I4,Manual,25233,New,117,San Antonio,True,309,0
989,2023-08-10,Customer 989,555-158-2638,customer989@email.com,Ford,Mustang,2021,Blue,Truck,19054,3.5L V6,Manual,39412,Used,107,Chicago,True,4869,0
990,2023-09-14,Customer 990,555-175-1418,customer990@email.com,Nissan,Titan,2019,Green,Sedan,43172,3.5L V6,Automatic,47905,Used,117,Houston,True,2379,0
991,2023-03-19,Customer 991,555-873-3861,customer991@email.com,Jeep,Wrangler,2020,Gray,Truck,12188,2.0L I4,CVT,45505,Used,112,Chicago,False,0,0
992,2023-08-01,Customer 992,555-899-8364,customer992@email.com,Audi,Q5,2019,Green,Coupe,55670,3.5L V6,Manual,45633,Used,119,Phoenix,True,7647,48
993,2023-08-18,Customer 993,555-886-2673,customer993@email.com,Toyota,Camry,2018,Green,SUV,51276,5.0L V8,CVT,37763,New,102,Los Angeles,True,9157,48
994,2023-09-16,Customer 994,555-181-9172,customer994@email.com,Nissan,Rogue,2019,Gray,SUV,23168,3.5L V6,Manual,36236,Used,102,Dallas,True,4315,60
995,2023-03-17,Customer 995,555-391-3891,customer995@email.com,Jeep,Wrangler,2022,Green,Truck,54185,3.5L V6,CVT,48918,Used,107,Chicago,True,2635,36
996,2023-07-27,Customer 996,555-291-1686,customer996@email.com,Hyundai,Sonata,2020,Red,SUV,9182,5.0L V8,CVT,48240,Used,112,San Jose,True,6015,36
997,2024-01-04,Customer 997,555-721-2198,customer997@email.com,Jeep,Cherokee,2018,Blue,SUV,40703,3.6L V6,Manual,17816,New,118,Phoenix,False,0,0
998,2023-06-10,Customer 998,555-516-2186,customer998@email.com,Mercedes,C-Class,2022,Silver,Truck,26651,3.5L V6,CVT,35411,New,109,New York,False,0,0
999,2023-04-18,Customer 999,555-904-5677,customer999@email.com,Toyota,RAV4,2020,Green,Coupe,55046,2.5L I4,CVT,46393,Used,105,Dallas,False,0,0
1000,2023-07-01,Customer 1000,555-912-8094,customer1000@email.com,Nissan,Altima,2020,Red,Sedan,54621,5.0L V8,CVT,19040,Used,106,San Antonio,True,2467,0
1001,2024-01-07,Customer 1001,555-830-7893,customer1001@email.com,Jeep,Grand Cherokee,2019,Green,Truck,48305,3.6L V6,Manual,48696,Used,111,New York,True,4997,48
1002,2023-08-25,Customer 1002,555-563-6521,customer1002@email.com,Audi,A4,2021,White,SUV,43924,2.0L I4,Automatic,31102,New,120,Los Angeles,True,1007,60
1003,2023-02-14,Customer 1003,555-736-5293,customer1003@email.com,Chevrolet,Traverse,2019,Black,Truck,37503,2.0L I4,Automatic,27026,New,116,Chicago,False,0,0
1004,2023-04-20,Customer 1004,555-908-3764,customer1004@email.com,Mercedes,C-Class,2020,Red,SUV,25943,2.5L I4,Manual,34736,Used,118,Philadelphia,False,0,0
1005,2023-01-18,Customer 1005,555-434-9121,customer1005@email.com,Ford,Escape,2020,White,Truck,44705,3.6L V6,CVT,22956,New,108,New York,False,0,0
1006,2023-10-13,Customer 1006,555-871-1796,customer1006@email.com,Nissan,Altima,2020,Silver,SUV,36045,3.5L V6,Automatic,39030,New,114,Phoenix,True,7623,48
1007,2023-09-06,Customer 1007,555-788-4673,customer1007@email.com,Audi,A4,2023,Gray,SUV,52905,3.5L V6,Automatic,19337,New,108,Los Angeles,True,176,60
1008,2023-09-04,Customer 1008,555-798-5227,customer1008@email.com,Nissan,Rogue,2019,Green,Sedan,59524,5.0L V8,Manual,57158,Used,110,San Diego,True,8040,72
1009,2023-06-13,Customer 1009,555-817-4790,customer1009@email.com,Audi,A4,2022,Green,Truck,19413,3.6L V6,CVT,52888,New,102,Houston,False,0,0
1010,2023-07-24,Customer 1010,555-840-2868,customer1010@email.com,Honda,Accord,2022,Black,Sedan,44323,2.0L I4,Manual,57009,New,112,San Antonio,True,13947,72
1011,2023-04-18,Customer 1011,555-503-7599,customer1011@email.com,Ford,Escape,2021,Gray,SUV,23163,5.0L V8,CVT,26010,Used,105,San Diego,True,981,60
1012,2024-01-25,Customer 1012,555-758-4449,customer1012@email.com,Chevrolet,Silverado,2020,Silver,SUV,19308,2.5L I4,Manual,22076,New,115,Los Angeles,True,5245,60
1013,2023-05-12,Customer 1013,555-705-8540,customer1013@email.com,Hyundai,Elantra,2022,Black,Truck,44697,2.5L I4,Manual,55210,Used,117,Chicago,False,0,0
1014,2023-01-25,Customer 1014,555-866-6167,customer1014@email.com,Mercedes,C-Class,2024,Green,Coupe,48984,3.6L V6,Manual,55809,New,102,San Jose,True,11375,60
1015,2023-10-05,Customer 1015,555-741-1686,customer1015@email.com,Jeep,Cherokee,2021,Red,SUV,58484,5.0L V8,CVT,40171,New,110,Houston,False,0,0
1016,2023-12-16,Customer 1016,555-232-4057,customer1016@email.com,Mercedes,S-Class,2024,Black,Sedan,15354,3.5L V6,Manual,16290,New,117,Philadelphia,False,0,0
1017,2023-09-19,Customer 1017,555-321-2355,customer1017@email.com,Honda,Accord,2019,Red,Sedan,8619,3.5L V6,Automatic,57904,Used,115,San Antonio,True,13191,72
1018,2023-03-26,Customer 1018,555-158-3177,customer1018@email.com,Chevrolet,Silverado,2020,White,Sedan,54261,2.0L I4,CVT,56166,New,115,San Antonio,False,0,0
1019,2023-05-23,Customer 1019,555-957-1600,customer1019@email.com,Hyundai,Elantra,2020,Blue,Truck,31086,3.5L V6,Manual,48083,Used,107,San Antonio,False,0,0
1020,2023-07-17,Customer 1020,555-385-6029,customer1020@email.com,Nissan,Rogue,2021,Silver,Coupe,40912,5.0L V8,Automatic,28862,Used,108,San Antonio,True,5222,0
1021,2023-01-16,Customer 1021,555-592-1475,customer1021@email.com,Hyundai,Tucson,2020,Black,Coupe,49013,3.6L V6,Automatic,19774,New,112,San Jose,True,3267,60
1022,2023-02-19,Customer 1022,555-530-2762,customer1022@email.com,Hyundai,Elantra,2022,White,SUV,56010,2.5L I4,Automatic,19614,Used,111,Phoenix,True,2226,0
1023,2023-12-30,Customer 1023,555-689-5124,customer1023@email.com,Hyundai,Elantra,2022,Green,Coupe,10471,2.5L I4,Manual,27234,Used,120,Philadelphia,False,0,0
1024,2023-09-07,Customer 1024,555-982-3780,customer1024@email.com,Ford,Mustang,2021,Blue,Truck,52841,3.5L V6,Manual,59175,Used,102,Dallas,False,0,0
1025,2023-03-10,Customer 1025,555-364-8901,customer1025@email.com,Ford,F-150,2023,Silver,Truck,44924,3.6L V6,Automatic,24570,New,113,Dallas,True,5793,36
1026,2024-01-24,Customer 1026,555-537-7625,customer1026@email.com,Chevrolet,Equinox,2021,Gray,Truck,40146,2.0L I4,CVT,38840,Used,119,San Antonio,False,0,0
1027,2023-10-01,Customer 1027,555-922-1094,customer1027@email.com,Jeep,Grand Cherokee,2023,Black,Coupe,30567,3.6L V6,Manual,49831,New,102,Dallas,True,6391,48
1028,2023-06-22,Customer 1028,555-353-8140,customer1028@email.com,Jeep,Wrangler,2021,Blue,SUV,28485,2.5L I4,Automatic,15057,New,114,San Jose,False,0,0
1029,2023-01-06,Customer 1029,555-279-2277,customer1029@email.com,Toyota,Tacoma,2022,Silver,Coupe,33942,2.0L I4,Automatic,16171,Used,119,San Jose,False,0,0
1030,2023-09-20,Customer 1030,555-302-6487,customer1030@email.com,Ford,Mustang,2022,Red,Sedan,25785,2.0L I4,Manual,32970,Used,120,Phoenix,False,0,0
1031,2023-12-17,Customer 1031,555-958-8994,customer1031@email.com,Audi,A4,2024,White,SUV,48499,3.5L V6,Automatic,51831,New,115,San Jose,True,9614,72
1032,2023-10-08,Customer 1032,555-897-6641,customer1032@email.com,Toyota,Tacoma,2018,Green,Coupe,52613,5.0L V8,CVT,45681,New,117,Chicago,False,0,0
1033,2023-05-28,Customer 1033,555-148-9259,customer1033@email.com,Audi,A6,2024,Silver,Coupe,12227,3.5L V6,Manual,53372,Used,104,Phoenix,True,1703,72
1034,2024-01-19,Customer 1034,555-337-9042,customer1034@email.com,Hyundai,Elantra,2022,Green,SUV,59951,5.0L V8,Manual,58144,New,119,New York,False,0,0
1035,2024-01-30,Customer 1035,555-963-6815,customer1035@email.com,Jeep,Cherokee,2020,Gray,Coupe,14615,5.0L V8,Automatic,53363,New,119,Philadelphia,False,0,0
1036,2023-08-23,Customer 1036,555-633-4961,customer1036@email.com,Nissan,Altima,2019,Green,Sedan,29058,3.5L V6,Automatic,34374,Used,106,Los Angeles,False,0,0
1037,2023-04-21,Customer 1037,555-439-6317,customer1037@email.com,Ford,Mustang,2022,White,Truck,25804,3.5L V6,Manual,39298,New,120,Los Angeles,True,2310,36
1038,2023-09-26,Customer 1038,555-113-2858,customer1038@email.com,Honda,CR-V,2019,Black,Truck,44080,2.5L I4,Automatic,44511,Used,102,New York,True,4090,0
1039,2023-12-10,Customer 1039,555-271-4420,customer1039@email.com,Audi,A4,2024,White,Coupe,43095,3.5L V6,Automatic,35228,New,114,San Diego,True,7364,0
1040,2023-06-23,Customer 1040,555-881-7001,customer1040@email.com,Toyota,RAV4,2022,Silver,Sedan,35411,5.0L V8,Manual,50542,New,102,Philadelphia,True,4799,36
1041,2023-10-06,Customer 1041,555-469-7914,customer1041@email.com,Chevrolet,Traverse,2021,White,Sedan,17236,2.5L I4,Manual,49386,New,103,Houston,False,0,0
1042,2023-01-04,Customer 1042,555-496-7845,customer1042@email.com,BMW,3 Series,2022,Red,Truck,59243,5.0L V8,Manual,43170,Used,116,Houston,False,0,0
1043,2023-12-05,Customer 1043,555-591-9916,customer1043@email.com,Jeep,Cherokee,2023,White,Sedan,44856,3.5L V6,Automatic,47711,New,113,New York,True,6426,60
1044,2023-08-30,Customer 1044,555-516-1949,customer1044@email.com,Jeep,Wrangler,2022,Red,Sedan,31906,2.5L I4,Automatic,33110,Used,101,Chicago,True,6675,48
1045,2023-11-13,Customer 1045,555-843-2888,customer1045@email.com,Honda,CR-V,2022,Silver,Truck,25147,5.0L V8,CVT,37423,New,119,New York,True,1250,72
1046,2023-10-18,Customer 1046,555-507-8079,customer1046@email.com,Audi,Q5,2023,Blue,Truck,37757,2.0L I4,Manual,38770,New,120,Dallas,True,7900,60
1047,2023-12-07,Customer 1047,555-107-5808,customer1047@email.com,BMW,X5,2023,Silver,Truck,46418,5.0L V8,Automatic,18838,New,107,Dallas,True,697,0
1048,2023-02-25,Customer 1048,555-332-8033,customer1048@email.com,BMW,5 Series,2020,Black,Sedan,52138,3.5L V6,Automatic,25238,New,109,San Jose,True,1353,36
1049,2023-11-29,Customer 1049,555-787-4499,customer1049@email.com,Honda,Civic,2020,Green,Sedan,43966,2.0L I4,CVT,21689,Used,103,San Jose,True,1846,48
1050,2023-03-24,Customer 1050,555-958-6916,customer1050@email.com,Hyundai,Elantra,2021,Blue,Sedan,52160,2.5L I4,CVT,27576,Used,107,San Antonio,False,0,0
1051,2023-04-19,Customer 1051,555-582-8886,customer1051@email.com,Chevrolet,Traverse,2022,Silver,Sedan,32139,5.0L V8,CVT,22474,Used,108,San Jose,False,0,0
1052,2023-06-11,Customer 1052,555-107-7835,customer1052@email.com,Hyundai,Sonata,2019,Blue,Coupe,11692,2.0L I4,Automatic,54775,Used,108,San Diego,False,0,0
1053,2023-06-16,Customer 1053,555-190-2638,customer1053@email.com,Chevrolet,Traverse,2021,Blue,Coupe,23631,3.5L V6,Manual,42768,New,104,New York,True,10307,36
1054,2023-08-04,Customer 1054,555-346-7232,customer1054@email.com,Honda,Accord,2019,Blue,Coupe,23957,3.6L V6,Manual,33424,Used,103,Houston,True,5485,72
1055,2023-03-27,Customer 1055,555-227-6129,customer1055@email.com,Ford,Escape,2024,Gray,Sedan,3537,3.5L V6,CVT,18800,Used,120,San Antonio,True,3083,60
1056,2023-05-26,Customer 1056,555-712-7178,customer1056@email.com,Toyota,Camry,2020,Green,Coupe,54756,5.0L V8,Manual,19750,New,109,San Diego,True,2897,48
1057,2024-01-23,Customer 1057,555-573-9264,customer1057@email.com,Mercedes,E-Class,2020,Silver,Truck,12131,3.6L V6,Automatic,55702,New,103,Phoenix,False,0,0
1058,2023-02-16,Customer 1058,555-365-6768,customer1058@email.com,Jeep,Wrangler,2018,Silver,Truck,8283,3.6L V6,CVT,16009,Used,107,Chicago,False,0,0
1059,2023-04-12,Customer 1059,555-580-4771,customer1059@email.com,Mercedes,C-Class,2018,Blue,Coupe,33747,2.5L I4,Manual,29259,New,106,Los Angeles,True,1755,36
1060,2023-03-19,Customer 1060,555-892-1915,customer1060@email.com,Ford,F-150,2022,Green,Coupe,50739,3.5L V6,CVT,34513,Used,107,Los Angeles,False,0,0
1061,2023-09-09,Customer 1061,555-654-6746,customer1061@email.com,Honda,Accord,2023,Silver,Sedan,29401,3.6L V6,CVT,26029,New,102,San Jose,False,0,0
1062,2023-05-13,Customer 1062,555-140-4907,customer1062@email.com,Jeep,Wrangler,2022,Silver,Truck,32508,2.5L I4,Automatic,48846,Used,117,New York,True,6688,0
1063,2023-02-17,Customer 1063,555-397-5634,customer1063@email.com,Jeep,Grand Cherokee,2022,Green,Coupe,42053,3.6L V6,Manual,28149,Used,106,Los Angeles,False,0,0
1064,2023-06-08,Customer 1064,555-668-8402,customer1064@email.com,Jeep,Grand Cherokee,2024,Gray,Coupe,31192,3.6L V6,CVT,55186,Used,107,New York,False,0,0
1065,2023-05-05,Customer 1065,555-994-2815,customer1065@email.com,Audi,A4,2018,Blue,Coupe,26612,5.0L V8,Manual,17814,New,111,Dallas,True,828,0
1066,2023-04-09,Customer 1066,555-841-9250,customer1066@email.com,Audi,A6,2019,Green,Truck,53694,2.5L I4,Automatic,30370,New,105,San Jose,True,2796,72
1067,2023-12-13,Customer 1067,555-954-8945,customer1067@email.com,Hyundai,Elantra,2022,Blue,SUV,14117,3.6L V6,Automatic,16320,Used,116,San Diego,True,4,48
1068,2023-12-07,Customer 1068,555-498-7744,customer1068@email.com,BMW,3 Series,2024,Gray,Truck,32049,2.0L I4,Automatic,52756,New,104,San Jose,False,0,0
1069,2023-01-18,Customer 1069,555-905-1297,customer1069@email.com,Chevrolet,Equinox,2021,Silver,Sedan,39795,2.5L I4,CVT,49376,New,107,Houston,True,5234,0
1070,2023-10-03,Customer 1070,555-888-1528,customer1070@email.com,Hyundai,Elantra,2019,Red,Sedan,24845,2.0L I4,CVT,32234,Used,111,San Antonio,True,5154,0
1071,2023-03-20,Customer 1071,555-393-9894,customer1071@email.com,Chevrolet,Traverse,2022,Blue,Sedan,26386,2.5L I4,Automatic,35358,New,115,Phoenix,True,1074,60
1072,2024-01-26,Customer 1072,555-430-2492,customer1072@email.com,Toyota,RAV4,2020,Blue,Sedan,25834,2.5L I4,Manual,30883,New,116,Chicago,True,5458,0
1073,2023-08-31,Customer 1073,555-873-3612,customer1073@email.com,Nissan,Titan,2019,Blue,Coupe,38995,2.5L I4,Automatic,58564,Used,104,Houston,False,0,0
1074,2023-01-02,Customer 1074,555-607-6848,customer1074@email.com,Chevrolet,Equinox,2018,White,SUV,10445,5.0L V8,CVT,43212,Used,118,San Jose,True,3580,48
1075,2023-09-17,Customer 1075,555-410-8599,customer1075@email.com,Mercedes,C-Class,2020,Black,Truck,29079,2.0L I4,CVT,59901,New,116,San Diego,False,0,0
1076,2023-10-19,Customer 1076,555-712-2461,customer1076@email.com,Audi,Q5,2022,Red,Sedan,43051,3.6L V6,CVT,57796,Used,114,Philadelphia,True,8677,72
1077,2023-10-09,Customer 1077,555-206-9442,customer1077@email.com,Audi,A4,2019,Gray,Sedan,33131,5.0L V8,Manual,56366,New,109,Dallas,False,0,0
1078,2023-10-11,Customer 1078,555-258-6894,customer1078@email.com,Jeep,Cherokee,2021,Red,Coupe,12292,3.5L V6,CVT,45027,New,111,New York,True,1893,72
1079,2023-04-25,Customer 1079,555-743-8755,customer1079@email.com,BMW,5 Series,2019,Blue,Truck,55184,2.5L I4,Automatic,39217,Used,107,Houston,True,2973,48
1080,2023-11-05,Customer 1080,555-517-2072,customer1080@email.com,Toyota,Tacoma,2018,Black,SUV,47506,3.5L V6,Manual,40492,New,117,Houston,False,0,0
1081,2023-03-07,Customer 1081,555-187-4901,customer1081@email.com,Ford,Escape,2023,Red,Coupe,25106,2.5L I4,CVT,19251,New,101,Phoenix,True,2581,72
1082,2023-01-27,Customer 1082,555-587-6084,customer1082@email.com,Chevrolet,Equinox,2021,White,Truck,35142,3.5L V6,CVT,51907,New,101,Los Angeles,False,0,0
1083,2023-04-20,Customer 1083,555-261-9676,customer1083@email.com,Mercedes,S-Class,2023,White,Sedan,55699,5.0L V8,CVT,41333,Used,105,New York,True,1535,0
1084,2023-12-11,Customer 1084,555-964-6274,customer1084@email.com,Hyundai,Elantra,2019,Black,Truck,46824,3.6L V6,Manual,48346,New,119,New York,True,5611,0
1085,2023-05-02,Customer 1085,555-727-1019,customer1085@email.com,Mercedes,E-Class,2024,Green,Sedan,23309,2.0L I4,Manual,55170,Used,114,New York,False,0,0
1086,2023-06-11,Customer 1086,555-645-2180,customer1086@email.com,Chevrolet,Silverado,2019,Green,Coupe,9870,2.0L I4,Manual,33598,New,111,Philadelphia,True,6303,0
1087,2023-11-11,Customer 1087,555-490-7454,customer1087@email.com,Audi,A4,2022,Black,SUV,36849,5.0L V8,Automatic,49253,New,102,San Antonio,True,3064,36
1088,2024-01-27,Customer 1088,555-682-9674,customer1088@email.com,Mercedes,C-Class,2019,Red,Truck,7810,3.5L V6,Automatic,46639,Used,104,Los Angeles,True,10848,0
1089,2023-10-10,Customer 1089,555-834-8897,customer1089@email.com,Audi,Q5,2021,Black,Truck,46132,2.0L I4,CVT,17384,Used,114,Phoenix,True,19,0
1090,2023-04-05,Customer 1090,555-971-2909,customer1090@email.com,Audi,Q5,2021,Blue,SUV,53624,5.0L V8,Manual,29672,New,120,San Diego,True,4352,0
1091,2023-05-27,Customer 1091,555-118-9603,customer1091@email.com,Ford,Mustang,2019,Blue,Sedan,23370,2.0L I4,Automatic,21215,Used,104,Los Angeles,True,804,72
1092,2023-02-15,Customer 1092,555-990-9039,customer1092@email.com,Chevrolet,Equinox,2024,Blue,Coupe,18754,2.0L I4,Automatic,19809,New,107,Philadelphia,False,0,0
1093,2023-04-27,Customer 1093,555-477-7068,customer1093@email.com,Hyundai,Sonata,2019,White,Truck,29551,2.0L I4,Manual,50860,New,112,Dallas,False,0,0
1094,2023-03-16,Customer 1094,555-195-7521,customer1094@email.com,Chevrolet,Silverado,2024,Green,Coupe,39412,3.6L V6,CVT,47426,New,104,Houston,True,3378,72
1095,2023-01-20,Customer 1095,555-335-6786,customer1095@email.com,Honda,Accord,2018,Gray,Sedan,45012,2.5L I4,Manual,21781,Used,112,Phoenix,False,0,0
1096,2023-08-09,Customer 1096,555-933-4387,customer1096@email.com,Jeep,Wrangler,2020,Gray,Sedan,55881,2.0L I4,Automatic,51540,Used,114,New York,True,2301,0
1097,2023-02-09,Customer 1097,555-187-7428,customer1097@email.com,Mercedes,C-Class,2020,Gray,Sedan,39852,2.0L I4,Manual,33647,Used,106,Philadelphia,False,0,0
1098,2023-01-03,Customer 1098,555-127-7562,customer1098@email.com,Toyota,Tacoma,2019,Red,Truck,58465,2.0L I4,Manual,30328,Used,101,Phoenix,False,0,0
1099,2024-01-06,Customer 1099,555-896-4024,customer1099@email.com,Honda,Accord,2019,Silver,Coupe,22669,2.5L I4,Automatic,50128,New,110,San Jose,True,12440,48
1100,2023-04-29,Customer 1100,555-633-6974,customer1100@email.com,Jeep,Grand Cherokee,2021,White,Coupe,16451,3.5L V6,CVT,34242,Used,117,Philadelphia,False,0,0
1101,2023-08-20,Customer 1101,555-471-9638,customer1101@email.com,Honda,Civic,2021,Black,Coupe,31578,3.5L V6,Manual,36903,Used,104,San Antonio,True,6336,36
1102,2023-10-05,Customer 1102,555-570-7669,customer1102@email.com,BMW,3 Series,2024,Red,Coupe,42558,3.5L V6,CVT,34222,New,110,San Diego,False,0,0
1103,2023-01-26,Customer 1103,555-197-8855,customer1103@email.com,Audi,Q5,2023,Black,SUV,32469,3.6L V6,Manual,15974,Used,103,Chicago,True,847,36
1104,2023-01-02,Customer 1104,555-977-7511,customer1104@email.com,Chevrolet,Traverse,2020,White,Coupe,14382,2.5L I4,Automatic,56860,New,101,Chicago,True,544,60
1105,2023-10-23,Customer 1105,555-660-7718,customer1105@email.com,Honda,Civic,2019,White,Truck,12938,2.5L I4,CVT,51072,Used,120,San Antonio,False,0,0
1106,2023-10-26,Customer 1106,555-618-7771,customer1106@email.com,Nissan,Titan,2021,Red,Sedan,44697,3.6L V6,CVT,53052,New,103,San Diego,False,0,0
1107,2024-01-21,Customer 1107,555-962-9826,customer1107@email.com,Nissan,Titan,2021,Black,SUV,58790,3.5L V6,Automatic,40348,Used,108,San Jose,True,296,36
1108,2023-02-09,Customer 1108,555-572-6056,customer1108@email.com,BMW,X5,2023,Black,SUV,55220,2.0L I4,CVT,58701,Used,102,Chicago,False,0,0
1109,2023-09-20,Customer 1109,555-272-7793,customer1109@email.com,Chevrolet,Equinox,2023,Black,Truck,54718,2.0L I4,Manual,51198,New,108,New York,True,6889,72
1110,2023-02-23,Customer 1110,555-321-5295,customer1110@email.com,Chevrolet,Equinox,2021,White,Coupe,28421,2.0L I4,Automatic,56670,Used,116,San Jose,False,0,0
1111,2024-01-13,Customer 1111,555-903-5694,customer1111@email.com,Ford,F-150,2019,White,Coupe,37291,2.5L I4,Manual,35442,New,117,Los Angeles,True,44,0
1112,2023-08-24,Customer 1112,555-549-5256,customer1112@email.com,Hyundai,Elantra,2018,Black,Truck,15371,2.0L I4,Manual,34435,Used,117,Chicago,False,0,0
1113,2023-01-10,Customer 1113,555-536-8534,customer1113@email.com,Audi,A6,2020,Black,SUV,24305,2.0L I4,CVT,30491,New,114,Philadelphia,False,0,0
1114,2023-06-15,Customer 1114,555-170-2316,customer1114@email.com,Ford,F-150,2019,Gray,SUV,35691,3.5L V6,CVT,49533,New,120,Chicago,True,9612,48
1115,2023-09-13,Customer 1115,555-865-1373,customer1115@email.com,Toyota,Tacoma,2019,Red,Sedan,39569,2.5L I4,Manual,38068,Used,113,Chicago,True,7472,36
1116,2023-01-12,Customer 1116,555-292-3373,customer1116@email.com,Honda,Accord,2019,Red,Truck,32421,2.5L I4,Manual,28461,Used,102,Philadelphia,True,4190,48
1117,2023-11-26,Customer 1117,555-931-1303,customer1117@email.com,Jeep,Grand Cherokee,2020,Red,Truck,47332,2.0L I4,Automatic,36591,Used,113,San Diego,False,0,0
1118,2023-04-25,Customer 1118,555-497-4212,customer1118@email.com,Nissan,Titan,2021,Silver,Coupe,31163,2.5L I4,Manual,43178,New,101,Philadelphia,False,0,0
1119,2023-04-02,Customer 1119,555-614-3865,customer1119@email.com,Nissan,Rogue,2023,Red,SUV,13513,5.0L V8,CVT,32385,Used,104,Phoenix,True,5408,72
1120,2023-01-01,Customer 1120,555-835-7305,customer1120@email.com,Hyundai,Sonata,2024,Green,Sedan,51477,3.6L V6,Automatic,15748,Used,103,Los Angeles,False,0,0
1121,2023-12-15,Customer 1121,555-200-6862,customer1121@email.com,Nissan,Rogue,2022,Black,Truck,54065,3.5L V6,CVT,37852,New,119,New York,True,7535,0
1122,2023-07-22,Customer 1122,555-341-9425,customer1122@email.com,Mercedes,S-Class,2018,Red,Coupe,9600,3.6L V6,CVT,48173,Used,118,Phoenix,False,0,0
1123,2023-02-12,Customer 1123,555-589-9979,customer1123@email.com,BMW,X5,2021,Green,SUV,24725,3.6L V6,Automatic,30063,Used,120,Houston,True,6397,72
1124,2024-01-05,Customer 1124,555-662-4472,customer1124@email.com,Nissan,Rogue,2019,Black,SUV,24516,2.5L I4,Automatic,53937,New,117,Dallas,True,12223,72
1125,2023-03-29,Customer 1125,555-981-2004,customer1125@email.com,Nissan,Titan,2022,Black,Truck,31767,3.5L V6,Automatic,31226,Used,116,Los Angeles,False,0,0
1126,2023-03-28,Customer 1126,555-713-4274,customer1126@email.com,Nissan,Rogue,2018,Gray,Sedan,57697,5.0L V8,Automatic,41569,Used,116,Dallas,False,0,0
1127,2023-03-05,Customer 1127,555-987-8146,customer1127@email.com,Chevrolet,Traverse,2023,Gray,Sedan,27109,2.0L I4,Manual,52021,New,113,Los Angeles,True,5803,36
1128,2023-09-07,Customer 1128,555-549-9979,customer1128@email.com,Hyundai,Elantra,2022,White,SUV,29807,5.0L V8,Manual,17078,Used,119,Houston,False,0,0
1129,2023-07-26,Customer 1129,555-908-4823,customer1129@email.com,Honda,Civic,2023,Blue,Coupe,53338,2.5L I4,Automatic,40108,New,117,Houston,True,6819,60
1130,2023-05-31,Customer 1130,555-482-1651,customer1130@email.com,Audi,A4,2020,Black,Sedan,18819,5.0L V8,CVT,46448,New,109,San Antonio,True,6353,72
1131,2023-11-16,Customer 1131,555-843-5238,customer1131@email.com,Toyota,Camry,2019,White,Truck,51283,3.6L V6,Automatic,55586,Used,115,Philadelphia,False,0,0
1132,2023-03-14,Customer 1132,555-381-7924,customer1132@email.com,Hyundai,Sonata,2024,Red,Sedan,43762,3.5L V6,CVT,53378,Used,115,Los Angeles,True,10652,36
1133,2023-04-22,Customer 1133,555-583-8667,customer1133@email.com,Ford,Escape,2024,Black,Truck,33776,3.6L V6,Automatic,41863,Used,108,New York,True,855,0
1134,2023-12-17,Customer 1134,555-390-6482,customer1134@email.com,Jeep,Wrangler,2024,Blue,Sedan,57605,3.6L V6,Manual,28781,Used,111,Philadelphia,True,70,72
1135,2024-01-02,Customer 1135,555-837-5467,customer1135@email.com,Mercedes,C-Class,2018,Silver,SUV,14176,3.5L V6,Automatic,33176,New,115,San Antonio,False,0,0
1136,2023-04-30,Customer 1136,555-949-3772,customer1136@email.com,Hyundai,Sonata,2019,Gray,Sedan,32207,3.5L V6,CVT,32474,Used,103,San Diego,True,316,0
1137,2023-07-03,Customer 1137,555-794-3852,customer1137@email.com,Ford,F-150,2022,White,Coupe,54863,5.0L V8,Manual,22513,Used,113,Houston,True,3667,72
1138,2023-03-04,Customer 1138,555-359-9283,customer1138@email.com,Nissan,Altima,2018,Blue,Sedan,32596,2.5L I4,Automatic,21305,Used,106,Phoenix,False,0,0
1139,2023-06-27,Customer 1139,555-975-7187,customer1139@email.com,Hyundai,Elantra,2019,Blue,SUV,17210,3.5L V6,CVT,56573,Used,102,New York,True,2817,48
1140,2023-07-18,Customer 1140,555-128-3390,customer1140@email.com,Toyota,RAV4,2024,Red,SUV,6551,5.0L V8,Manual,50844,Used,105,Chicago,False,0,0
1141,2023-08-07,Customer 1141,555-264-8713,customer1141@email.com,Honda,CR-V,2020,Blue,SUV,56521,2.0L I4,Automatic,36815,Used,115,Houston,False,0,0
1142,2023-11-11,Customer 1142,555-689-4288,customer1142@email.com,Hyundai,Tucson,2019,Green,SUV,53809,5.0L V8,Manual,48122,Used,102,Houston,True,8625,48
1143,2023-04-05,Customer 1143,555-297-6765,customer1143@email.com,Honda,Accord,2020,Green,SUV,11396,5.0L V8,Manual,49336,Used,110,Los Angeles,False,0,0
1144,2023-01-15,Customer 1144,555-735-3912,customer1144@email.com,Nissan,Altima,2018,Silver,Truck,45893,2.0L I4,Manual,54021,Used,101,San Diego,False,0,0
1145,2023-12-01,Customer 1145,555-308-6137,customer1145@email.com,Audi,Q5,2019,Green,Truck,16099,3.6L V6,Manual,54227,New,111,Los Angeles,True,12501,0
1146,2023-05-01,Customer 1146,555-496-1269,customer1146@email.com,Mercedes,E-Class,2018,Green,Sedan,35492,3.5L V6,Manual,49270,New,116,San Antonio,False,0,0
1147,2023-09-12,Customer 1147,555-447-7598,customer1147@email.com,Chevrolet,Silverado,2018,Gray,Truck,7164,2.0L I4,Automatic,47279,New,112,San Jose,True,4664,0
1148,2023-01-29,Customer 1148,555-614-9630,customer1148@email.com,Toyota,RAV4,2021,White,Truck,14014,5.0L V8,Manual,56500,Used,105,San Diego,True,2113,48
1149,2023-06-29,Customer 1149,555-121-5752,customer1149@email.com,Ford,F-150,2022,Red,Coupe,32105,2.5L I4,Manual,25838,New,103,Philadelphia,True,1842,72
1150,2023-08-28,Customer 1150,555-298-5953,customer1150@email.com,BMW,X5,2021,Red,Coupe,26650,2.5L I4,CVT,15824,Used,114,Phoenix,False,0,0
1151,2024-01-03,Customer 1151,555-375-6633,customer1151@email.com,Toyota,Camry,2019,Gray,Sedan,56553,3.5L V6,CVT,46082,New,109,San Diego,True,5803,72
1152,2023-01-01,Customer 1152,555-975-4677,customer1152@email.com,BMW,X5,2021,White,Sedan,19193,2.5L I4,CVT,29310,Used,118,Dallas,True,1306,72
1153,2023-08-16,Customer 1153,555-708-9714,customer1153@email.com,Honda,CR-V,2021,Silver,SUV,11717,3.6L V6,CVT,17028,Used,103,San Antonio,True,3087,60
1154,2023-05-02,Customer 1154,555-431-2758,customer1154@email.com,Hyundai,Elantra,2020,Black,Truck,25987,2.5L I4,Manual,17646,Used,110,Philadelphia,False,0,0
1155,2023-10-09,Customer 1155,555-466-5702,customer1155@email.com,Chevrolet,Silverado,2022,Blue,Truck,31789,2.5L I4,CVT,21253,Used,112,San Antonio,True,1164,36
1156,2023-03-09,Customer 1156,555-513-6930,customer1156@email.com,Hyundai,Elantra,2018,Green,Truck,19085,3.6L V6,CVT,22867,Used,104,New York,False,0,0
1157,2023-03-11,Customer 1157,555-774-1053,customer1157@email.com,Toyota,Tacoma,2020,Green,Truck,7918,5.0L V8,Manual,52102,New,116,Dallas,True,6515,60
1158,2023-08-27,Customer 1158,555-187-1058,customer1158@email.com,Audi,A6,2021,Green,Coupe,6171,2.0L I4,Manual,54995,Used,117,Philadelphia,False,0,0
1159,2024-01-05,Customer 1159,555-456-5675,customer1159@email.com,Nissan,Titan,2018,Gray,Sedan,31442,5.0L V8,CVT,23450,New,105,Dallas,False,0,0
1160,2024-01-06,Customer 1160,555-532-8345,customer1160@email.com,Nissan,Rogue,2021,White,SUV,25419,3.5L V6,Manual,19847,Used,117,Dallas,False,0,0
1161,2023-11-22,Customer 1161,555-558-5757,customer1161@email.com,Audi,Q5,2022,Blue,Truck,50052,5.0L V8,CVT,17248,New,110,New York,True,2728,60
1162,2023-12-15,Customer 1162,555-599-3320,customer1162@email.com,BMW,3 Series,2023,White,Coupe,57801,2.0L I4,Manual,51010,Used,104,Chicago,False,0,0
1163,2023-04-29,Customer 1163,555-913-2333,customer1163@email.com,Nissan,Altima,2024,Gray,Coupe,4726,3.6L V6,CVT,49978,Used,105,Philadelphia,True,6061,36
1164,2023-04-03,Customer 1164,555-241-9676,customer1164@email.com,Chevrolet,Silverado,2019,Green,Truck,58252,2.0L I4,Automatic,48945,New,115,Houston,False,0,0
1165,2023-08-06,Customer 1165,555-414-9073,customer1165@email.com,Jeep,Grand Cherokee,2024,Red,SUV,21508,2.0L I4,Automatic,26002,New,107,Los Angeles,True,1897,72
1166,2023-05-13,Customer 1166,555-434-9609,customer1166@email.com,Nissan,Titan,2021,White,SUV,28117,3.5L V6,Manual,46763,Used,114,Houston,False,0,0
1167,2023-10-15,Customer 1167,555-408-8173,customer1167@email.com,BMW,5 Series,2021,Red,Sedan,9706,2.0L I4,Manual,48101,New,113,San Antonio,True,11366,72
1168,2023-03-17,Customer 1168,555-206-7401,customer1168@email.com,Chevrolet,Silverado,2019,Green,Coupe,51999,5.0L V8,Manual,30552,New,115,Dallas,False,0,0
1169,2023-09-06,Customer 1169,555-632-1239,customer1169@email.com,Jeep,Grand Cherokee,2019,Green,Truck,51673,3.5L V6,Manual,29582,Used,102,Chicago,True,4921,48
1170,2023-09-12,Customer 1170,555-684-4845,customer1170@email.com,Mercedes,S-Class,2022,Black,Sedan,51644,3.6L V6,Automatic,18281,New,115,Dallas,False,0,0
1171,2023-03-02,Customer 1171,555-189-2348,customer1171@email.com,Nissan,Titan,2021,Blue,Coupe,23387,2.5L I4,Automatic,52831,Used,109,San Antonio,True,7283,36
1172,2024-01-04,Customer 1172,555-418-2690,customer1172@email.com,Ford,F-150,2024,Green,Truck,4464,2.0L I4,CVT,55355,Used,117,Houston,False,0,0
1173,2023-08-21,Customer 1173,555-924-8923,customer1173@email.com,Audi,Q5,2024,Red,SUV,25847,5.0L V8,Manual,48006,New,104,San Jose,True,3935,60
1174,2023-05-27,Customer 1174,555-928-9443,customer1174@email.com,Ford,Mustang,2023,Black,Sedan,17724,2.0L I4,Automatic,22569,New,113,San Antonio,True,4112,48
1175,2023-02-28,Customer 1175,555-795-8957,customer1175@email.com,BMW,5 Series,2018,Blue,SUV,26509,2.0L I4,Manual,48015,Used,105,San Jose,False,0,0
1176,2024-01-10,Customer 1176,555-240-9462,customer1176@email.com,Hyundai,Tucson,2019,Red,Truck,38051,5.0L V8,Manual,44896,Used,113,Houston,False,0,0
1177,2023-11-22,Customer 1177,555-157-2637,customer1177@email.com,Honda,Civic,2020,Red,Truck,38510,3.6L V6,CVT,43199,New,119,Houston,False,0,0
1178,2023-05-11,Customer 1178,555-760-3750,customer1178@email.com,Ford,F-150,2021,Green,Coupe,23418,3.5L V6,Manual,30289,Used,101,San Antonio,False,0,0
1179,2023-01-25,Customer 1179,555-484-9889,customer1179@email.com,Nissan,Titan,2023,Black,Sedan,9712,3.6L V6,CVT,33547,Used,109,San Diego,True,4430,36
1180,2023-02-09,Customer 1180,555-770-2106,customer1180@email.com,Ford,Mustang,2024,White,Coupe,40502,3.5L V6,Automatic,33104,Used,111,Los Angeles,True,219,36
1181,2023-11-28,Customer 1181,555-834-1102,customer1181@email.com,Toyota,Tacoma,2022,Blue,SUV,56383,3.5L V6,CVT,21439,New,120,Chicago,True,3677,48
1182,2023-12-14,Customer 1182,555-303-2011,customer1182@email.com,Ford,Mustang,2019,Green,Sedan,57929,2.0L I4,CVT,40769,Used,120,New York,False,0,0
1183,2023-06-05,Customer 1183,555-775-2118,customer1183@email.com,Mercedes,C-Class,2022,Green,SUV,35033,2.5L I4,Automatic,18270,Used,103,Chicago,True,4009,48
1184,2023-06-06,Customer 1184,555-835-2481,customer1184@email.com,Honda,Civic,2023,Black,Truck,49122,3.6L V6,Manual,47210,New,119,Chicago,False,0,0
1185,2023-11-24,Customer 1185,555-306-2995,customer1185@email.com,BMW,3 Series,2022,Black,Coupe,19483,3.6L V6,CVT,33412,Used,107,Los Angeles,False,0,0
1186,2023-03-29,Customer 1186,555-125-9216,customer1186@email.com,Toyota,Camry,2023,Red,Truck,58528,3.5L V6,Automatic,27097,Used,111,Los Angeles,True,3996,48
1187,2023-10-08,Customer 1187,555-289-1171,customer1187@email.com,Nissan,Titan,2020,Silver,SUV,21339,2.0L I4,CVT,21533,Used,113,Philadelphia,False,0,0
1188,2023-08-20,Customer 1188,555-621-8504,customer1188@email.com,Chevrolet,Traverse,2024,Gray,Truck,15781,3.6L V6,CVT,38352,New,120,Dallas,False,0,0
1189,2023-09-08,Customer 1189,555-299-1978,customer1189@email.com,Ford,F-150,2022,Black,Truck,20478,2.0L I4,CVT,34674,Used,112,Houston,True,6013,36
1190,2023-10-20,Customer 1190,555-949-4875,customer1190@email.com,Toyota,Tacoma,2020,Green,Coupe,39091,2.5L I4,CVT,15467,New,103,Los Angeles,True,988,72
1191,2023-11-04,Customer 1191,555-676-1698,customer1191@email.com,Mercedes,C-Class,2024,Gray,SUV,382,3.5L V6,Manual,25940,New,115,San Diego,False,0,0
1192,2023-07-07,Customer 1192,555-752-9359,customer1192@email.com,Chevrolet,Equinox,2021,Red,Truck,16375,2.0L I4,Manual,44124,Used,114,New York,False,0,0
1193,2023-08-16,Customer 1193,555-866-9604,customer1193@email.com,Ford,Escape,2019,Gray,Sedan,15362,5.0L V8,Automatic,29778,New,118,Houston,False,0,0
1194,2023-01-18,Customer 1194,555-208-5592,customer1194@email.com,Hyundai,Sonata,2023,Gray,Sedan,55320,2.0L I4,Manual,59696,New,107,Houston,True,5239,48
1195,2023-07-08,Customer 1195,555-557-4051,customer1195@email.com,Chevrolet,Silverado,2020,Silver,Sedan,46645,2.5L I4,CVT,29414,Used,116,Dallas,True,1837,60
1196,2023-03-03,Customer 1196,555-272-6001,customer1196@email.com,Nissan,Titan,2021,White,Truck,5665,2.5L I4,CVT,48977,New,111,San Diego,True,583,72
1197,2024-01-18,Customer 1197,555-836-9694,customer1197@email.com,Nissan,Altima,2024,Green,Sedan,44941,5.0L V8,Manual,40854,New,116,San Antonio,True,8487,72
1198,2023-11-16,Customer 1198,555-888-8353,customer1198@email.com,Chevrolet,Equinox,2024,Red,Coupe,34206,5.0L V8,CVT,25079,Used,107,Phoenix,True,3097,48
1199,2024-01-24,Customer 1199,555-862-2573,customer1199@email.com,Ford,Mustang,2024,Green,Coupe,7125,2.0L I4,Manual,40308,New,115,Chicago,False,0,0
1200,2023-06-15,Customer 1200,555-970-6585,customer1200@email.com,Mercedes,C-Class,2021,Black,Sedan,35281,3.6L V6,CVT,56380,New,111,Dallas,False,0,0
1201,2024-01-20,Customer 1201,555-681-2512,customer1201@email.com,Hyundai,Tucson,2020,Green,Coupe,40378,5.0L V8,Manual,42896,Used,117,San Antonio,False,0,0
1202,2023-10-24,Customer 1202,555-852-7038,customer1202@email.com,Mercedes,C-Class,2021,Gray,Truck,40082,3.5L V6,Manual,36869,Used,116,Philadelphia,False,0,0
1203,2023-02-21,Customer 1203,555-305-7446,customer1203@email.com,Jeep,Wrangler,2019,Gray,Sedan,19021,2.5L I4,Automatic,18933,Used,116,Chicago,False,0,0
1204,2023-09-08,Customer 1204,555-177-5246,customer1204@email.com,Chevrolet,Silverado,2024,Blue,SUV,41798,5.0L V8,CVT,22656,New,116,Houston,True,5633,36
1205,2024-01-11,Customer 1205,555-606-8152,customer1205@email.com,BMW,5 Series,2020,Black,Sedan,7970,2.5L I4,CVT,35289,New,104,San Antonio,True,3194,36
1206,2023-12-09,Customer 1206,555-998-3323,customer1206@email.com,Nissan,Titan,2018,Gray,SUV,16387,5.0L V8,Manual,17982,New,105,San Antonio,False,0,0
1207,2023-09-02,Customer 1207,555-305-5239,customer1207@email.com,Toyota,Camry,2020,Green,SUV,42620,2.0L I4,CVT,18612,Used,119,Dallas,True,2509,36
1208,2023-10-12,Customer 1208,555-859-1053,customer1208@email.com,BMW,5 Series,2022,Red,Coupe,49787,3.5L V6,CVT,33702,New,118,Dallas,False,0,0
1209,2023-06-02,Customer 1209,555-674-2626,customer1209@email.com,Ford,F-150,2023,Green,Coupe,13720,5.0L V8,Automatic,22512,New,112,New York,True,3216,48
1210,2023-10-20,Customer 1210,555-676-8285,customer1210@email.com,Mercedes,C-Class,2018,White,Sedan,44064,2.5L I4,Manual,46692,New,114,New York,False,0,0
1211,2023-12-18,Customer 1211,555-371-6759,customer1211@email.com,Chevrolet,Equinox,2021,White,SUV,7028,3.6L V6,Manual,55772,New,116,San Diego,True,10345,72
1212,2023-03-30,Customer 1212,555-234-1665,customer1212@email.com,Chevrolet,Traverse,2022,Gray,Coupe,28407,2.5L I4,CVT,52795,Used,110,New York,True,9367,36
1213,2023-05-20,Customer 1213,555-140-5395,customer1213@email.com,Nissan,Titan,2023,White,Coupe,54767,3.6L V6,Automatic,39187,Used,115,San Diego,True,7083,48
1214,2023-06-26,Customer 1214,555-133-1972,customer1214@email.com,Mercedes,E-Class,2023,Gray,Sedan,27617,3.6L V6,Automatic,37785,New,113,San Jose,False,0,0
1215,2023-09-27,Customer 1215,555-316-9483,customer1215@email.com,Hyundai,Tucson,2020,Green,Coupe,52009,2.5L I4,Manual,53374,Used,105,Dallas,True,11634,60
1216,2023-09-07,Customer 1216,555-331-7884,customer1216@email.com,Jeep,Wrangler,2022,Silver,Sedan,44461,5.0L V8,CVT,24768,Used,112,San Diego,False,0,0
1217,2023-10-18,Customer 1217,555-862-3391,customer1217@email.com,Toyota,RAV4,2018,Black,Coupe,52284,3.5L V6,Manual,46423,Used,109,New York,True,500,60
1218,2023-08-01,Customer 1218,555-523-1860,customer1218@email.com,Mercedes,E-Class,2020,Silver,Truck,47367,2.5L I4,CVT,31894,Used,119,Houston,False,0,0
1219,2023-11-08,Customer 1219,555-834-7226,customer1219@email.com,Honda,Accord,2024,Green,Coupe,37365,3.6L V6,Automatic,31101,Used,103,San Diego,True,5641,48
1220,2024-01-11,Customer 1220,555-212-4698,customer1220@email.com,Hyundai,Elantra,2020,Green,SUV,31388,2.5L I4,Automatic,16555,Used,101,Los Angeles,True,160,72
1221,2023-03-25,Customer 1221,555-489-8132,customer1221@email.com,Ford,Escape,2021,Red,Sedan,22167,3.5L V6,CVT,32973,Used,120,San Diego,True,239,60
1222,2023-10-30,Customer 1222,555-496-5345,customer1222@email.com,Jeep,Grand Cherokee,2019,Gray,Truck,41057,3.5L V6,Automatic,46945,Used,114,San Diego,False,0,0
1223,2023-08-24,Customer 1223,555-554-1162,customer1223@email.com,Ford,Escape,2024,Blue,Sedan,33480,3.5L V6,Automatic,40494,Used,104,New York,False,0,0
1224,2023-03-21,Customer 1224,555-818-6712,customer1224@email.com,Jeep,Wrangler,2019,Gray,SUV,29484,5.0L V8,Automatic,20900,New,115,Phoenix,False,0,0
1225,2023-09-12,Customer 1225,555-185-2042,customer1225@email.com,Audi,A6,2019,Red,Sedan,34570,3.6L V6,Manual,54884,Used,112,Philadelphia,False,0,0
1226,2023-02-23,Customer 1226,555-696-5731,customer1226@email.com,Audi,Q5,2022,Red,Truck,20372,3.5L V6,Manual,19741,New,101,Houston,True,3775,72
1227,2023-11-04,Customer 1227,555-663-4046,customer1227@email.com,Chevrolet,Equinox,2023,Red,Sedan,43709,3.6L V6,CVT,24612,Used,107,San Jose,False,0,0
1228,2023-01-07,Customer 1228,555-913-8896,customer1228@email.com,BMW,X5,2023,White,Truck,42195,2.5L I4,CVT,53215,New,110,New York,False,0,0
1229,2023-06-22,Customer 1229,555-100-4734,customer1229@email.com,Honda,CR-V,2019,Gray,Sedan,7836,3.5L V6,CVT,50876,New,118,San Antonio,False,0,0
1230,2023-02-02,Customer 1230,555-476-4818,customer1230@email.com,Hyundai,Elantra,2023,Green,Truck,42443,3.5L V6,Automatic,20139,Used,115,Phoenix,False,0,0
1231,2023-04-29,Customer 1231,555-745-3095,customer1231@email.com,Audi,A4,2021,Black,SUV,36807,2.0L I4,Manual,39295,New,108,Chicago,False,0,0
1232,2023-05-09,Customer 1232,555-371-4022,customer1232@email.com,Toyota,Camry,2021,Blue,Sedan,26775,3.6L V6,CVT,50096,Used,111,Chicago,False,0,0
1233,2023-08-25,Customer 1233,555-356-7084,customer1233@email.com,Ford,F-150,2021,Silver,SUV,49281,5.0L V8,Manual,38202,Used,106,Phoenix,False,0,0
1234,2023-04-30,Customer 1234,555-406-2094,customer1234@email.com,BMW,5 Series,2024,Green,SUV,28865,2.5L I4,CVT,55339,Used,103,Chicago,False,0,0
1235,2023-03-11,Customer 1235,555-780-4046,customer1235@email.com,Audi,Q5,2020,Gray,Sedan,16632,2.0L I4,Manual,31020,New,116,Houston,True,4469,48
1236,2023-03-29,Customer 1236,555-998-7377,customer1236@email.com,Mercedes,S-Class,2020,White,Truck,14894,5.0L V8,CVT,34085,Used,103,Philadelphia,False,0,0
1237,2023-03-17,Customer 1237,555-185-3977,customer1237@email.com,Ford,F-150,2022,Blue,Coupe,19334,2.0L I4,CVT,21675,New,112,San Jose,True,2397,60
1238,2023-11-24,Customer 1238,555-203-5432,customer1238@email.com,Chevrolet,Traverse,2023,Silver,SUV,12362,5.0L V8,Automatic,38113,Used,102,Chicago,True,2048,60
1239,2023-02-07,Customer 1239,555-129-5512,customer1239@email.com,Chevrolet,Traverse,2021,Black,Coupe,51530,5.0L V8,Automatic,29188,Used,109,Dallas,True,3585,0
1240,2023-03-03,Customer 1240,555-322-7218,customer1240@email.com,Hyundai,Sonata,2020,Black,Sedan,48005,2.0L I4,CVT,26725,Used,113,San Diego,False,0,0
1241,2023-09-02,Customer 1241,555-284-6338,customer1241@email.com,Honda,Accord,2019,Black,Truck,59432,2.5L I4,CVT,33711,Used,110,Houston,True,2299,72
1242,2023-06-07,Customer 1242,555-457-2595,customer1242@email.com,Toyota,Tacoma,2024,Blue,Truck,25867,5.0L V8,Automatic,59289,Used,105,Philadelphia,False,0,0
1243,2023-05-06,Customer 1243,555-479-6038,customer1243@email.com,Ford,Mustang,2024,Green,Coupe,6086,2.5L I4,Manual,27930,Used,120,San Jose,True,2321,36
1244,2023-02-26,Customer 1244,555-609-3369,customer1244@email.com,Nissan,Rogue,2022,Black,Truck,32370,5.0L V8,Automatic,52233,New,112,Los Angeles,True,1387,0
1245,2023-01-29,Customer 1245,555-715-4209,customer1245@email.com,BMW,3 Series,2024,Red,Truck,32676,5.0L V8,Manual,21985,Used,114,New York,True,5171,72
1246,2023-04-04,Customer 1246,555-589-9439,customer1246@email.com,Audi,A6,2022,Gray,SUV,35695,2.0L I4,Automatic,57491,New,111,New York,False,0,0
1247,2023-12-13,Customer 1247,555-641-6456,customer1247@email.com,Audi,A4,2024,Silver,Sedan,41785,3.6L V6,CVT,17831,New,107,New York,False,0,0
1248,2023-09-06,Customer 1248,555-433-1813,customer1248@email.com,Hyundai,Tucson,2024,Blue,Coupe,9887,3.6L V6,Manual,52275,New,106,Phoenix,True,10024,72
1249,2023-09-25,Customer 1249,555-739-2722,customer1249@email.com,Honda,CR-V,2024,Silver,SUV,35716,3.6L V6,CVT,21485,New,104,Philadelphia,True,4687,36
1250,2023-11-19,Customer 1250,555-987-4861,customer1250@email.com,Mercedes,S-Class,2020,Silver,Coupe,8761,5.0L V8,CVT,40165,Used,111,Chicago,False,0,0
1251,2024-01-27,Customer 1251,555-233-4653,customer1251@email.com,Mercedes,C-Class,2023,Silver,Truck,46688,3.6L V6,Automatic,54161,New,113,San Jose,False,0,0
1252,2023-09-16,Customer 1252,555-334-1629,customer1252@email.com,BMW,5 Series,2020,Black,SUV,48263,5.0L V8,Automatic,55360,Used,116,Los Angeles,False,0,0
1253,2023-12-27,Customer 1253,555-102-7644,customer1253@email.com,Hyundai,Elantra,2019,Blue,Sedan,54529,3.6L V6,Manual,30866,New,105,Phoenix,False,0,0
1254,2023-12-03,Customer 1254,555-786-2400,customer1254@email.com,Hyundai,Elantra,2024,Green,Truck,27288,3.5L V6,CVT,44483,Used,107,Los Angeles,True,8189,0
1255,2023-04-07,Customer 1255,555-161-4426,customer1255@email.com,Hyundai,Elantra,2018,Green,SUV,6700,5.0L V8,CVT,28427,Used,107,New York,False,0,0
1256,2023-05-10,Customer 1256,555-923-8344,customer1256@email.com,Nissan,Rogue,2023,Gray,Truck,17661,2.0L I4,Automatic,35379,New,102,Philadelphia,True,7398,72
1257,2023-01-02,Customer 1257,555-578-9066,customer1257@email.com,BMW,3 Series,2018,Gray,Sedan,55527,5.0L V8,Manual,44725,Used,109,Philadelphia,True,7374,48
1258,2023-12-05,Customer 1258,555-382-3274,customer1258@email.com,Toyota,Camry,2022,Blue,Sedan,25459,5.0L V8,Automatic,40053,New,101,Phoenix,False,0,0
1259,2023-07-18,Customer 1259,555-544-3787,customer1259@email.com,Chevrolet,Silverado,2018,Green,Truck,27719,2.0L I4,CVT,39773,Used,120,Dallas,True,3752,72
1260,2023-07-25,Customer 1260,555-359-7735,customer1260@email.com,Honda,Accord,2024,Black,Coupe,8282,5.0L V8,Automatic,28606,Used,109,Philadelphia,False,0,0
1261,2023-11-19,Customer 1261,555-779-7775,customer1261@email.com,Nissan,Altima,2024,Black,SUV,34827,2.5L I4,Manual,49008,New,106,Dallas,True,6510,36
1262,2023-03-24,Customer 1262,555-577-5237,customer1262@email.com,Mercedes,S-Class,2022,White,SUV,17984,3.6L V6,Automatic,51905,New,114,Dallas,True,11276,60
1263,2024-01-18,Customer 1263,555-585-6482,customer1263@email.com,Hyundai,Sonata,2023,Gray,Sedan,37881,2.0L I4,CVT,49486,Used,113,Phoenix,False,0,0
1264,2023-06-02,Customer 1264,555-950-5803,customer1264@email.com,BMW,X5,2022,Gray,Truck,32056,2.5L I4,Manual,51595,New,106,Houston,False,0,0
1265,2023-12-21,Customer 1265,555-660-5069,customer1265@email.com,Ford,Mustang,2020,Red,Truck,26033,3.5L V6,CVT,46577,Used,110,Dallas,False,0,0
1266,2023-04-06,Customer 1266,555-991-2097,customer1266@email.com,Hyundai,Tucson,2018,Red,SUV,14203,2.5L I4,CVT,24722,Used,117,San Diego,False,0,0
1267,2024-01-07,Customer 1267,555-207-9321,customer1267@email.com,Toyota,RAV4,2019,White,Coupe,59519,5.0L V8,Manual,35841,New,112,San Jose,True,7974,36
1268,2023-02-03,Customer 1268,555-617-2196,customer1268@email.com,Jeep,Cherokee,2024,Red,SUV,42124,3.5L V6,CVT,44257,New,108,Dallas,False,0,0
1269,2023-11-21,Customer 1269,555-431-3209,customer1269@email.com,Hyundai,Sonata,2020,Black,Coupe,59178,3.5L V6,Automatic,54969,New,110,Los Angeles,False,0,0
1270,2023-07-01,Customer 1270,555-795-8142,customer1270@email.com,Nissan,Rogue,2024,White,Truck,36365,3.6L V6,Automatic,40636,Used,103,Los Angeles,False,0,0
1271,2023-08-28,Customer 1271,555-127-5025,customer1271@email.com,Chevrolet,Equinox,2019,Blue,SUV,58031,3.5L V6,CVT,36296,New,105,New York,False,0,0
1272,2024-01-03,Customer 1272,555-188-8536,customer1272@email.com,Audi,A6,2024,Red,Truck,10681,2.5L I4,CVT,24398,Used,116,Chicago,True,1830,72
1273,2024-01-11,Customer 1273,555-659-9670,customer1273@email.com,Toyota,RAV4,2018,Red,Sedan,46801,3.5L V6,Automatic,54394,New,102,Chicago,False,0,0
1274,2023-07-11,Customer 1274,555-724-7542,customer1274@email.com,Jeep,Grand Cherokee,2023,Silver,Coupe,58885,3.5L V6,Automatic,50537,New,106,Houston,True,10847,36
1275,2024-01-23,Customer 1275,555-629-5914,customer1275@email.com,Nissan,Titan,2018,Green,Coupe,41177,2.0L I4,Manual,43744,Used,113,Chicago,True,137,72
1276,2024-01-03,Customer 1276,555-975-1009,customer1276@email.com,BMW,3 Series,2023,Blue,SUV,23144,2.5L I4,Automatic,32480,Used,109,San Diego,False,0,0
1277,2023-09-19,Customer 1277,555-737-5349,customer1277@email.com,Ford,F-150,2019,Gray,Sedan,13995,3.6L V6,Automatic,46241,New,118,Chicago,False,0,0
1278,2023-01-21,Customer 1278,555-759-2005,customer1278@email.com,Toyota,Tacoma,2022,Green,Sedan,58619,2.5L I4,Automatic,17737,Used,116,Los Angeles,False,0,0
1279,2023-03-17,Customer 1279,555-385-9958,customer1279@email.com,Honda,Civic,2020,Gray,Coupe,12725,2.0L I4,Manual,30973,Used,101,Phoenix,False,0,0
1280,2023-12-04,Customer 1280,555-791-1563,customer1280@email.com,Nissan,Rogue,2021,Silver,Coupe,36922,3.5L V6,Manual,42944,New,106,Houston,False,0,0
1281,2023-03-27,Customer 1281,555-159-8105,customer1281@email.com,BMW,X5,2018,Blue,Truck,57155,5.0L V8,Manual,37161,New,118,Dallas,False,0,0
1282,2023-11-14,Customer 1282,555-115-2948,customer1282@email.com,Hyundai,Tucson,2022,Blue,SUV,21782,2.5L I4,CVT,57770,New,119,Los Angeles,True,3289,0
1283,2023-03-17,Customer 1283,555-626-6579,customer1283@email.com,Mercedes,E-Class,2018,Silver,Coupe,27735,5.0L V8,CVT,26040,Used,108,San Diego,True,6419,0
1284,2023-12-12,Customer 1284,555-154-6301,customer1284@email.com,Chevrolet,Equinox,2024,Gray,Coupe,29303,2.0L I4,Automatic,45391,New,114,San Diego,False,0,0
1285,2023-09-19,Customer 1285,555-183-8333,customer1285@email.com,BMW,5 Series,2018,Silver,Coupe,52955,5.0L V8,Manual,22217,Used,114,Phoenix,True,1292,0
1286,2023-12-09,Customer 1286,555-502-5939,customer1286@email.com,Audi,Q5,2023,Black,Sedan,16018,3.5L V6,Manual,18399,Used,105,Chicago,False,0,0
1287,2023-05-02,Customer 1287,555-817-5443,customer1287@email.com,Hyundai,Sonata,2018,Black,SUV,40438,3.6L V6,Manual,58469,New,108,San Diego,True,736,36
1288,2023-09-02,Customer 1288,555-810-6751,customer1288@email.com,Chevrolet,Traverse,2022,Silver,Truck,30464,2.0L I4,Manual,21503,Used,109,Philadelphia,True,5144,0
1289,2023-05-29,Customer 1289,555-813-7849,customer1289@email.com,Toyota,Tacoma,2021,Blue,Truck,29488,5.0L V8,Automatic,59795,Used,108,San Jose,False,0,0
1290,2023-01-27,Customer 1290,555-738-1333,customer1290@email.com,Nissan,Rogue,2020,Blue,SUV,14134,3.5L V6,Automatic,41998,New,116,San Antonio,True,6633,72
1291,2023-09-01,Customer 1291,555-518-1503,customer1291@email.com,Mercedes,C-Class,2023,Red,Truck,27689,2.5L I4,CVT,59547,New,115,Dallas,True,8365,36
1292,2023-02-03,Customer 1292,555-620-5782,customer1292@email.com,Honda,CR-V,2023,Red,Truck,31010,2.0L I4,Automatic,54470,Used,113,Phoenix,True,150,48
1293,2023-06-02,Customer 1293,555-563-9656,customer1293@email.com,BMW,5 Series,2018,Silver,SUV,56309,3.6L V6,Manual,53693,New,117,Los Angeles,False,0,0
1294,2023-07-13,Customer 1294,555-980-7435,customer1294@email.com,Toyota,Camry,2019,Green,Sedan,20955,2.5L I4,Manual,39634,New,114,Dallas,True,6611,72
1295,2023-04-18,Customer 1295,555-624-1834,customer1295@email.com,Toyota,Tacoma,2020,White,Coupe,47125,3.6L V6,Manual,37100,New,109,Chicago,False,0,0
1296,2023-12-27,Customer 1296,555-665-1324,customer1296@email.com,Mercedes,C-Class,2019,Green,Coupe,7228,3.5L V6,CVT,29088,New,117,Houston,False,0,0
1297,2023-05-01,Customer 1297,555-617-5943,customer1297@email.com,Toyota,RAV4,2021,White,Coupe,15485,2.0L I4,CVT,16745,Used,105,Phoenix,True,2808,36
1298,2023-02-01,Customer 1298,555-586-5894,customer1298@email.com,Nissan,Rogue,2023,Silver,Coupe,41903,5.0L V8,Automatic,32386,New,104,San Jose,False,0,0
1299,2023-05-22,Customer 1299,555-943-4060,customer1299@email.com,BMW,X5,2018,Green,Coupe,41558,3.6L V6,Automatic,46948,New,107,San Diego,True,9829,72
1300,2023-07-07,Customer 1300,555-994-7928,customer1300@email.com,Chevrolet,Silverado,2022,Green,Sedan,21887,3.6L V6,CVT,29660,Used,116,Phoenix,False,0,0
1301,2023-06-17,Customer 1301,555-996-9552,customer1301@email.com,Mercedes,E-Class,2020,Green,Coupe,56767,3.6L V6,CVT,38188,Used,108,Los Angeles,True,4395,60
1302,2023-01-08,Customer 1302,555-130-5328,customer1302@email.com,Audi,Q5,2019,Blue,SUV,20324,5.0L V8,Manual,23342,Used,120,San Antonio,False,0,0
1303,2024-01-07,Customer 1303,555-225-7125,customer1303@email.com,BMW,X5,2021,Silver,Coupe,24537,5.0L V8,Automatic,39196,Used,116,Dallas,True,4636,48
1304,2023-05-19,Customer 1304,555-548-6365,customer1304@email.com,Honda,CR-V,2018,Green,Sedan,24794,2.0L I4,Automatic,48865,Used,106,Houston,True,5787,48
1305,2023-12-10,Customer 1305,555-157-2012,customer1305@email.com,Chevrolet,Equinox,2021,Silver,Truck,43565,3.5L V6,CVT,27523,New,118,San Antonio,False,0,0
1306,2024-01-08,Customer 1306,555-441-9277,customer1306@email.com,Chevrolet,Silverado,2023,Red,Truck,14219,3.5L V6,Automatic,19089,New,110,San Jose,False,0,0
1307,2023-08-30,Customer 1307,555-452-3233,customer1307@email.com,Toyota,Camry,2019,Black,SUV,40847,5.0L V8,Automatic,46468,Used,109,Dallas,False,0,0
1308,2023-12-06,Customer 1308,555-130-9973,customer1308@email.com,Jeep,Wrangler,2018,White,Coupe,56763,3.5L V6,CVT,23404,New,119,Dallas,True,2615,60
1309,2023-11-30,Customer 1309,555-663-6485,customer1309@email.com,Toyota,RAV4,2020,White,Truck,45930,3.6L V6,Automatic,17327,New,104,Dallas,False,0,0
1310,2023-09-23,Customer 1310,555-609-4093,customer1310@email.com,Nissan,Altima,2020,Silver,Truck,57551,2.5L I4,Manual,32204,New,102,New York,False,0,0
1311,2023-03-12,Customer 1311,555-251-6840,customer1311@email.com,Toyota,RAV4,2023,Gray,SUV,32455,3.6L V6,CVT,51368,New,113,San Antonio,False,0,0
1312,2023-03-21,Customer 1312,555-870-1442,customer1312@email.com,Audi,Q5,2021,Red,Truck,14230,2.5L I4,CVT,49996,Used,103,San Jose,True,6103,0
1313,2023-03-02,Customer 1313,555-300-4407,customer1313@email.com,Chevrolet,Traverse,2021,Gray,Coupe,15256,5.0L V8,Automatic,39518,New,116,San Diego,False,0,0
1314,2023-04-28,Customer 1314,555-658-1298,customer1314@email.com,Mercedes,C-Class,2019,Green,SUV,59686,2.0L I4,Manual,50846,New,101,Philadelphia,True,6328,36
1315,2023-04-19,Customer 1315,555-891-7992,customer1315@email.com,Ford,Escape,2022,Green,Coupe,19702,3.6L V6,CVT,30048,New,106,San Jose,False,0,0
1316,2023-04-14,Customer 1316,555-191-5789,customer1316@email.com,Jeep,Grand Cherokee,2019,Silver,Truck,15520,3.6L V6,CVT,47638,Used,103,Houston,False,0,0
1317,2023-10-01,Customer 1317,555-657-8687,customer1317@email.com,Hyundai,Tucson,2019,Silver,SUV,27530,2.5L I4,Manual,49756,New,111,Philadelphia,False,0,0
1318,2023-06-10,Customer 1318,555-803-9528,customer1318@email.com,Hyundai,Sonata,2024,White,Sedan,9259,3.6L V6,CVT,26053,Used,104,Dallas,True,3874,48
1319,2023-02-14,Customer 1319,555-126-2545,customer1319@email.com,Chevrolet,Silverado,2024,Red,Sedan,38920,2.5L I4,Manual,56098,Used,104,San Diego,False,0,0
1320,2023-09-21,Customer 1320,555-547-7389,customer1320@email.com,Honda,Civic,2021,Blue,Coupe,15609,5.0L V8,Manual,48377,New,114,New York,False,0,0
1321,2023-10-15,Customer 1321,555-507-8726,customer1321@email.com,Nissan,Rogue,2019,White,SUV,9486,3.6L V6,Automatic,32801,Used,108,New York,False,0,0
1322,2023-02-25,Customer 1322,555-609-8749,customer1322@email.com,Hyundai,Elantra,2024,Black,Coupe,6519,2.0L I4,Automatic,56148,Used,117,Dallas,True,8573,60
1323,2023-07-19,Customer 1323,555-374-5256,customer1323@email.com,Honda,Accord,2019,Red,Sedan,35967,2.5L I4,Manual,59306,Used,106,Phoenix,True,10276,60
1324,2023-07-24,Customer 1324,555-483-7731,customer1324@email.com,Audi,A4,2018,Black,Truck,40763,2.0L I4,Manual,39147,New,102,Dallas,False,0,0
1325,2023-06-18,Customer 1325,555-837-8684,customer1325@email.com,Honda,Accord,2019,Black,SUV,46169,3.6L V6,CVT,54678,New,109,Los Angeles,False,0,0
1326,2023-12-02,Customer 1326,555-818-5520,customer1326@email.com,Toyota,RAV4,2019,White,Coupe,54123,2.5L I4,Manual,55626,Used,112,Chicago,False,0,0
1327,2023-12-01,Customer 1327,555-575-3022,customer1327@email.com,Jeep,Wrangler,2020,Black,SUV,20575,2.5L I4,Manual,45735,New,119,Philadelphia,True,6372,48
1328,2024-01-20,Customer 1328,555-861-7333,customer1328@email.com,Chevrolet,Equinox,2024,Blue,Truck,59777,2.0L I4,CVT,18013,Used,119,Chicago,False,0,0
1329,2023-10-20,Customer 1329,555-642-2395,customer1329@email.com,Honda,Accord,2023,Silver,Sedan,16483,3.6L V6,Automatic,26175,Used,109,Houston,True,253,72
1330,2023-03-25,Customer 1330,555-716-1683,customer1330@email.com,Ford,F-150,2021,Blue,Sedan,36421,3.5L V6,CVT,48688,New,120,Chicago,True,7402,60
1331,2023-10-15,Customer 1331,555-351-5697,customer1331@email.com,Audi,A4,2019,Gray,Sedan,11027,3.5L V6,Manual,25198,Used,106,Phoenix,False,0,0
1332,2023-07-29,Customer 1332,555-186-3290,customer1332@email.com,Honda,Civic,2018,Blue,SUV,33848,3.6L V6,CVT,35631,Used,101,Philadelphia,True,7273,0
1333,2023-05-18,Customer 1333,555-331-7980,customer1333@email.com,Audi,A4,2019,Red,Sedan,49104,3.5L V6,Automatic,19005,Used,102,Dallas,True,2565,72
1334,2023-09-30,Customer 1334,555-188-7478,customer1334@email.com,Nissan,Titan,2021,Gray,Coupe,56135,3.5L V6,Manual,21387,New,114,Phoenix,True,2480,36
1335,2023-01-13,Customer 1335,555-971-1675,customer1335@email.com,Nissan,Altima,2018,Blue,Sedan,27493,2.5L I4,CVT,55547,New,109,New York,True,4011,36
1336,2023-05-20,Customer 1336,555-753-1864,customer1336@email.com,Chevrolet,Silverado,2021,Green,Sedan,19385,2.5L I4,Automatic,32487,Used,119,New York,False,0,0
1337,2023-11-27,Customer 1337,555-822-4614,customer1337@email.com,Nissan,Titan,2024,Gray,Coupe,4075,5.0L V8,CVT,19905,New,115,Chicago,False,0,0
1338,2023-08-07,Customer 1338,555-651-5730,customer1338@email.com,Jeep,Cherokee,2019,Red,SUV,22892,5.0L V8,CVT,43285,New,119,Phoenix,False,0,0
1339,2023-06-01,Customer 1339,555-589-6371,customer1339@email.com,BMW,X5,2018,Green,SUV,11844,2.0L I4,Automatic,29682,New,107,Chicago,True,6308,0
1340,2023-04-18,Customer 1340,555-113-2283,customer1340@email.com,BMW,5 Series,2022,Gray,SUV,8677,2.0L I4,Manual,28582,Used,112,Chicago,True,1917,48
1341,2023-10-27,Customer 1341,555-238-2398,customer1341@email.com,Toyota,Camry,2019,Blue,Coupe,41573,3.6L V6,CVT,47618,Used,106,Phoenix,True,8320,36
1342,2023-03-03,Customer 1342,555-486-1124,customer1342@email.com,Mercedes,S-Class,2023,Silver,Coupe,21085,5.0L V8,Manual,19678,Used,103,Los Angeles,False,0,0
1343,2023-11-25,Customer 1343,555-783-9995,customer1343@email.com,Mercedes,S-Class,2021,White,Coupe,51267,5.0L V8,Automatic,33212,Used,104,Los Angeles,True,4681,72
1344,2023-07-20,Customer 1344,555-951-7804,customer1344@email.com,Hyundai,Elantra,2020,Silver,Truck,27645,5.0L V8,Manual,56923,Used,118,San Antonio,False,0,0
1345,2023-09-08,Customer 1345,555-812-8184,customer1345@email.com,BMW,X5,2019,Red,Coupe,20939,3.5L V6,Automatic,25086,Used,118,Philadelphia,False,0,0
1346,2023-08-02,Customer 1346,555-960-8429,customer1346@email.com,Jeep,Wrangler,2019,Silver,Truck,49659,2.5L I4,Manual,48339,New,107,Philadelphia,True,211,48
1347,2023-08-29,Customer 1347,555-755-6250,customer1347@email.com,Nissan,Titan,2020,Blue,Truck,59670,5.0L V8,Manual,53094,Used,103,Houston,True,111,60
1348,2023-01-02,Customer 1348,555-721-1690,customer1348@email.com,Ford,F-150,2019,Black,Coupe,25120,2.0L I4,CVT,45865,New,108,Houston,True,10776,48
1349,2023-09-17,Customer 1349,555-590-6730,customer1349@email.com,Toyota,Tacoma,2023,Silver,Sedan,23435,2.0L I4,CVT,43148,Used,106,Chicago,False,0,0
1350,2023-08-14,Customer 1350,555-851-8966,customer1350@email.com,Ford,Escape,2024,Silver,Coupe,7075,3.5L V6,Automatic,39024,New,115,New York,True,3655,0
1351,2023-09-20,Customer 1351,555-898-8368,customer1351@email.com,BMW,3 Series,2021,Red,Truck,45423,2.0L I4,CVT,37246,New,117,Dallas,True,4175,60
1352,2023-10-15,Customer 1352,555-129-2282,customer1352@email.com,Nissan,Rogue,2018,Silver,Sedan,48738,5.0L V8,Manual,39649,New,107,Chicago,True,2604,72
1353,2023-06-27,Customer 1353,555-146-9351,customer1353@email.com,BMW,5 Series,2024,Gray,Sedan,36913,2.0L I4,Manual,55506,Used,118,New York,True,966,0
1354,2023-05-16,Customer 1354,555-396-7567,customer1354@email.com,Jeep,Cherokee,2018,Red,SUV,18228,3.6L V6,CVT,47843,Used,101,San Jose,False,0,0
1355,2023-11-18,Customer 1355,555-290-8807,customer1355@email.com,Ford,F-150,2018,Black,SUV,14487,2.0L I4,CVT,51858,Used,119,Phoenix,True,8623,72
1356,2023-12-28,Customer 1356,555-198-2416,customer1356@email.com,Audi,A6,2020,Silver,SUV,21734,3.6L V6,CVT,31365,Used,107,Los Angeles,False,0,0
1357,2023-06-04,Customer 1357,555-314-3741,customer1357@email.com,Honda,CR-V,2019,White,SUV,8983,3.5L V6,Manual,15101,Used,112,San Jose,True,965,60
1358,2023-08-20,Customer 1358,555-514-4703,customer1358@email.com,Audi,A6,2019,Red,Coupe,50637,3.5L V6,CVT,31742,Used,110,New York,True,6816,60
1359,2023-06-28,Customer 1359,555-790-5124,customer1359@email.com,Mercedes,S-Class,2018,Gray,Sedan,40356,5.0L V8,Manual,47356,New,111,San Jose,False,0,0
1360,2024-01-08,Customer 1360,555-603-4527,customer1360@email.com,BMW,3 Series,2020,Blue,Truck,18394,2.0L I4,CVT,21139,Used,119,New York,True,2046,36
1361,2023-09-06,Customer 1361,555-926-4060,customer1361@email.com,BMW,5 Series,2021,Gray,Truck,39614,3.5L V6,CVT,21607,Used,119,San Diego,True,3528,0
1362,2023-12-09,Customer 1362,555-364-4901,customer1362@email.com,Ford,F-150,2019,Red,Coupe,49892,3.5L V6,CVT,27423,Used,112,Philadelphia,False,0,0
1363,2023-01-25,Customer 1363,555-416-3250,customer1363@email.com,Honda,Civic,2020,Blue,Sedan,46769,5.0L V8,CVT,26745,Used,119,Dallas,False,0,0
1364,2023-03-31,Customer 1364,555-635-6094,customer1364@email.com,Toyota,Tacoma,2021,Blue,Coupe,58756,2.0L I4,CVT,48111,Used,113,Philadelphia,True,1233,72
1365,2023-03-08,Customer 1365,555-575-9223,customer1365@email.com,BMW,5 Series,2018,Blue,Sedan,8547,3.5L V6,CVT,42666,New,105,San Antonio,True,9040,0
1366,2023-12-26,Customer 1366,555-348-4312,customer1366@email.com,Hyundai,Sonata,2024,Green,Sedan,28750,3.5L V6,Automatic,39376,Used,112,San Jose,False,0,0
1367,2023-09-25,Customer 1367,555-963-4618,customer1367@email.com,Toyota,RAV4,2024,Green,Truck,27931,2.0L I4,Manual,38048,Used,115,San Antonio,False,0,0
1368,2023-05-01,Customer 1368,555-605-6734,customer1368@email.com,Honda,CR-V,2020,Gray,Sedan,40802,3.6L V6,Manual,25218,New,119,Houston,False,0,0
1369,2023-04-05,Customer 1369,555-670-8845,customer1369@email.com,Ford,Mustang,2023,Silver,Sedan,32340,3.5L V6,Automatic,42644,New,119,Los Angeles,False,0,0
1370,2023-06-06,Customer 1370,555-996-7904,customer1370@email.com,Mercedes,S-Class,2020,Blue,Coupe,18644,5.0L V8,Manual,48812,New,106,Phoenix,True,10633,0
1371,2023-03-13,Customer 1371,555-414-5032,customer1371@email.com,Hyundai,Tucson,2023,White,Sedan,31410,2.5L I4,Manual,55067,New,120,Philadelphia,True,6146,72
1372,2023-05-11,Customer 1372,555-364-5888,customer1372@email.com,Nissan,Titan,2019,Green,Coupe,52908,5.0L V8,Manual,49875,New,103,Chicago,True,6641,0
1373,2023-01-15,Customer 1373,555-378-4739,customer1373@email.com,Honda,Civic,2021,Blue,SUV,23078,3.6L V6,CVT,48166,Used,109,San Diego,True,668,36
1374,2023-08-24,Customer 1374,555-900-9331,customer1374@email.com,Mercedes,E-Class,2020,Red,Truck,56723,3.5L V6,Automatic,19792,New,112,Philadelphia,False,0,0
1375,2023-09-19,Customer 1375,555-550-4155,customer1375@email.com,Toyota,Camry,2021,Black,Truck,17057,2.5L I4,Automatic,15303,New,101,San Antonio,True,2231,60
1376,2023-01-20,Customer 1376,555-374-8647,customer1376@email.com,Toyota,Camry,2024,Gray,Sedan,12609,5.0L V8,Automatic,53916,New,113,San Diego,False,0,0
1377,2023-06-07,Customer 1377,555-545-4650,customer1377@email.com,Mercedes,C-Class,2022,Silver,SUV,45815,3.6L V6,CVT,20174,New,110,San Diego,False,0,0
1378,2023-08-07,Customer 1378,555-496-7830,customer1378@email.com,Jeep,Cherokee,2020,Green,SUV,47026,2.0L I4,Manual,34911,Used,115,Phoenix,True,2374,72
1379,2023-02-15,Customer 1379,555-198-4801,customer1379@email.com,Audi,Q5,2020,White,Sedan,5285,5.0L V8,CVT,48946,Used,118,Dallas,False,0,0
1380,2023-01-19,Customer 1380,555-264-2026,customer1380@email.com,Hyundai,Sonata,2023,Black,Coupe,47790,2.5L I4,Automatic,40562,Used,114,Los Angeles,True,3230,0
1381,2023-10-25,Customer 1381,555-231-2453,customer1381@email.com,Nissan,Titan,2019,White,SUV,48202,5.0L V8,Manual,35037,Used,109,Dallas,False,0,0
1382,2023-08-10,Customer 1382,555-804-5763,customer1382@email.com,Hyundai,Sonata,2020,Black,Truck,51841,5.0L V8,Manual,20853,Used,102,New York,False,0,0
1383,2023-02-11,Customer 1383,555-961-9668,customer1383@email.com,Honda,Civic,2018,Black,Truck,21027,3.6L V6,Automatic,53941,New,113,Phoenix,True,3174,60
1384,2023-09-21,Customer 1384,555-612-3762,customer1384@email.com,BMW,5 Series,2021,White,Truck,13565,3.5L V6,CVT,49906,Used,103,New York,False,0,0
1385,2024-01-23,Customer 1385,555-318-8086,customer1385@email.com,Nissan,Rogue,2018,Green,Sedan,55093,3.6L V6,Manual,37349,Used,103,Los Angeles,False,0,0
1386,2023-04-19,Customer 1386,555-111-3436,customer1386@email.com,Ford,Escape,2018,Black,Sedan,38762,2.5L I4,CVT,47598,New,106,Phoenix,False,0,0
1387,2023-03-09,Customer 1387,555-835-5395,customer1387@email.com,Hyundai,Sonata,2024,Blue,SUV,2032,2.0L I4,Automatic,28269,Used,115,Chicago,True,5502,36
1388,2023-10-27,Customer 1388,555-573-3436,customer1388@email.com,Jeep,Wrangler,2019,Black,Sedan,21661,3.6L V6,Manual,45725,New,102,Chicago,True,2881,60
1389,2023-03-17,Customer 1389,555-257-2753,customer1389@email.com,BMW,5 Series,2018,Red,Sedan,6243,2.0L I4,Manual,46269,Used,110,Dallas,False,0,0
1390,2023-09-27,Customer 1390,555-555-4790,customer1390@email.com,Mercedes,E-Class,2024,Green,Sedan,5836,3.6L V6,Manual,38340,New,107,Houston,False,0,0
1391,2024-01-12,Customer 1391,555-252-4828,customer1391@email.com,Nissan,Titan,2023,Black,Truck,25155,2.0L I4,Manual,15272,Used,120,Los Angeles,False,0,0
1392,2023-06-02,Customer 1392,555-653-3946,customer1392@email.com,Nissan,Altima,2020,Red,Truck,15300,2.0L I4,CVT,34220,Used,114,Philadelphia,False,0,0
1393,2023-04-12,Customer 1393,555-373-6732,customer1393@email.com,Jeep,Grand Cherokee,2023,Green,Truck,57425,2.0L I4,CVT,26265,Used,103,Dallas,True,811,72
1394,2023-08-12,Customer 1394,555-655-3792,customer1394@email.com,Nissan,Rogue,2019,Red,SUV,42791,3.5L V6,CVT,56446,New,103,San Jose,True,4158,36
1395,2023-03-10,Customer 1395,555-696-3353,customer1395@email.com,Jeep,Cherokee,2018,Silver,Coupe,33739,3.6L V6,Manual,47714,Used,114,San Jose,False,0,0
1396,2023-09-16,Customer 1396,555-890-7108,customer1396@email.com,Ford,F-150,2019,Black,Sedan,39303,5.0L V8,Manual,47216,Used,110,Houston,False,0,0
1397,2023-07-10,Customer 1397,555-669-1582,customer1397@email.com,Hyundai,Elantra,2023,Green,Sedan,20216,3.6L V6,Manual,44381,New,113,Los Angeles,True,10463,36
1398,2023-06-27,Customer 1398,555-445-8223,customer1398@email.com,Hyundai,Sonata,2019,Gray,Coupe,23337,3.6L V6,Automatic,17551,New,114,Chicago,False,0,0
1399,2023-01-20,Customer 1399,555-692-6051,customer1399@email.com,Ford,Escape,2018,Black,SUV,32569,3.6L V6,Automatic,53503,New,104,Dallas,False,0,0
1400,2023-03-01,Customer 1400,555-428-1435,customer1400@email.com,Nissan,Altima,2018,Silver,Coupe,15934,5.0L V8,Manual,49509,Used,120,Philadelphia,False,0,0
1401,2023-04-07,Customer 1401,555-405-9159,customer1401@email.com,Ford,Escape,2022,Blue,Coupe,36873,2.5L I4,Manual,27705,Used,112,Dallas,False,0,0
1402,2023-06-08,Customer 1402,555-583-8700,customer1402@email.com,Audi,A4,2021,Blue,Coupe,24141,3.5L V6,Automatic,44672,Used,111,Houston,False,0,0
1403,2023-12-28,Customer 1403,555-869-8027,customer1403@email.com,Toyota,Tacoma,2018,Red,Truck,50006,5.0L V8,Manual,44468,Used,103,Chicago,False,0,0
1404,2023-05-10,Customer 1404,555-717-2428,customer1404@email.com,Chevrolet,Equinox,2018,Red,SUV,59436,3.5L V6,Automatic,47960,New,103,San Diego,True,1074,36
1405,2023-12-10,Customer 1405,555-821-4488,customer1405@email.com,Hyundai,Tucson,2020,Red,SUV,12783,5.0L V8,Automatic,59517,Used,112,San Antonio,False,0,0
1406,2023-09-19,Customer 1406,555-493-9792,customer1406@email.com,Chevrolet,Silverado,2023,Red,Truck,6247,2.5L I4,CVT,29231,Used,102,Los Angeles,True,4922,60
1407,2023-02-12,Customer 1407,555-880-3648,customer1407@email.com,BMW,5 Series,2022,Gray,SUV,44651,3.6L V6,Automatic,58127,Used,119,Chicago,False,0,0
1408,2023-06-16,Customer 1408,555-494-4865,customer1408@email.com,Mercedes,S-Class,2024,White,SUV,44322,3.6L V6,Automatic,54261,Used,112,San Antonio,True,1671,0
1409,2023-02-26,Customer 1409,555-220-4903,customer1409@email.com,Nissan,Rogue,2021,Black,Truck,58270,2.0L I4,CVT,17677,New,106,Phoenix,True,2036,60
1410,2023-03-24,Customer 1410,555-949-1515,customer1410@email.com,Hyundai,Sonata,2019,Gray,SUV,9337,2.0L I4,Automatic,20593,New,120,Chicago,False,0,0
1411,2023-04-09,Customer 1411,555-861-2002,customer1411@email.com,Hyundai,Elantra,2018,Blue,Truck,15512,5.0L V8,CVT,22422,Used,110,Los Angeles,False,0,0
1412,2023-10-30,Customer 1412,555-805-1074,customer1412@email.com,BMW,3 Series,2018,Silver,SUV,12293,3.6L V6,Automatic,16682,New,110,Philadelphia,True,3525,0
1413,2023-03-02,Customer 1413,555-591-5809,customer1413@email.com,BMW,3 Series,2021,Silver,Truck,18639,2.5L I4,Automatic,41228,Used,109,Houston,True,1054,0
1414,2023-01-04,Customer 1414,555-850-6232,customer1414@email.com,Mercedes,E-Class,2019,Blue,SUV,17627,5.0L V8,Automatic,33223,Used,116,Los Angeles,False,0,0
1415,2023-05-10,Customer 1415,555-830-7907,customer1415@email.com,Hyundai,Elantra,2024,Silver,Sedan,5605,2.5L I4,CVT,22070,New,105,San Antonio,True,2666,60
1416,2023-07-02,Customer 1416,555-441-2607,customer1416@email.com,Ford,Escape,2018,Blue,Coupe,43831,3.5L V6,Manual,40161,New,109,Chicago,True,7782,60
1417,2023-12-28,Customer 1417,555-124-1648,customer1417@email.com,Chevrolet,Traverse,2022,Green,Sedan,49196,2.5L I4,CVT,41653,Used,117,Houston,False,0,0
1418,2023-08-07,Customer 1418,555-922-1823,customer1418@email.com,Audi,A4,2018,Green,Sedan,55983,5.0L V8,CVT,35619,New,120,San Jose,True,7096,36
1419,2023-07-25,Customer 1419,555-456-3495,customer1419@email.com,Honda,CR-V,2021,Red,Coupe,31454,2.5L I4,Automatic,45036,New,101,Phoenix,True,633,36
1420,2023-04-07,Customer 1420,555-619-9676,customer1420@email.com,Jeep,Grand Cherokee,2024,Gray,SUV,52147,3.5L V6,Automatic,52841,Used,112,Dallas,True,4330,0
1421,2024-01-03,Customer 1421,555-391-2659,customer1421@email.com,Ford,Escape,2020,Green,Truck,32264,2.0L I4,CVT,33455,New,108,Los Angeles,True,2158,48
1422,2023-04-16,Customer 1422,555-683-5939,customer1422@email.com,Ford,Mustang,2021,Silver,Coupe,27153,3.5L V6,CVT,33437,New,103,Houston,True,2770,60
1423,2023-09-01,Customer 1423,555-561-3736,customer1423@email.com,Jeep,Cherokee,2019,Gray,SUV,24636,2.0L I4,Manual,39330,New,101,Dallas,False,0,0
1424,2023-05-07,Customer 1424,555-448-1175,customer1424@email.com,Audi,A6,2018,Green,Truck,43600,3.6L V6,Manual,32786,New,107,New York,False,0,0
1425,2023-11-24,Customer 1425,555-376-5076,customer1425@email.com,Mercedes,C-Class,2021,Blue,Sedan,10290,3.5L V6,CVT,18021,New,113,New York,True,4191,48
1426,2023-10-23,Customer 1426,555-458-8709,customer1426@email.com,Nissan,Altima,2020,Silver,Coupe,29001,3.5L V6,Manual,35391,New,114,Dallas,False,0,0
1427,2023-12-28,Customer 1427,555-167-6368,customer1427@email.com,Mercedes,C-Class,2021,Black,SUV,5513,2.5L I4,Manual,48144,New,105,Dallas,True,4243,36
1428,2023-09-13,Customer 1428,555-359-5622,customer1428@email.com,Ford,F-150,2020,Gray,Truck,38072,3.5L V6,CVT,46266,Used,103,San Diego,True,9153,48
1429,2023-03-23,Customer 1429,555-547-1216,customer1429@email.com,Hyundai,Tucson,2021,Red,Coupe,18880,2.0L I4,Automatic,39917,New,102,Los Angeles,False,0,0
1430,2023-06-01,Customer 1430,555-153-2962,customer1430@email.com,Honda,Civic,2020,Red,SUV,18471,3.5L V6,Manual,30455,New,120,Dallas,True,5357,36
1431,2024-01-26,Customer 1431,555-587-6564,customer1431@email.com,BMW,3 Series,2022,Red,Sedan,43598,2.0L I4,Manual,26952,New,103,Phoenix,False,0,0
1432,2023-04-29,Customer 1432,555-210-9504,customer1432@email.com,Mercedes,E-Class,2020,Black,Truck,47419,5.0L V8,CVT,26314,Used,117,San Jose,False,0,0
1433,2023-08-31,Customer 1433,555-190-9352,customer1433@email.com,Nissan,Altima,2019,Silver,Sedan,12769,2.5L I4,Automatic,59789,Used,105,Philadelphia,True,6100,48
1434,2023-01-20,Customer 1434,555-706-2410,customer1434@email.com,Mercedes,E-Class,2024,Green,Coupe,25527,3.6L V6,Manual,15326,Used,107,New York,True,31,48
1435,2024-01-04,Customer 1435,555-317-5785,customer1435@email.com,Nissan,Titan,2023,Green,Truck,43320,5.0L V8,CVT,19211,Used,112,New York,True,296,48
1436,2023-05-27,Customer 1436,555-698-8682,customer1436@email.com,Nissan,Titan,2021,Black,Truck,25419,2.0L I4,Manual,53879,Used,120,San Antonio,True,12235,48
1437,2023-11-19,Customer 1437,555-912-9717,customer1437@email.com,Jeep,Cherokee,2024,Gray,SUV,46331,5.0L V8,Automatic,43296,Used,111,Houston,False,0,0
1438,2023-11-03,Customer 1438,555-978-2526,customer1438@email.com,Toyota,Camry,2023,Blue,Sedan,22128,3.5L V6,Manual,17072,Used,113,Houston,True,263,0
1439,2023-08-07,Customer 1439,555-559-1503,customer1439@email.com,Audi,A6,2021,Silver,Truck,12200,3.5L V6,Manual,39487,Used,102,Chicago,False,0,0
1440,2023-07-04,Customer 1440,555-117-3629,customer1440@email.com,Ford,Mustang,2021,Green,SUV,12598,3.5L V6,Manual,51791,New,109,Phoenix,True,11027,72
1441,2023-10-22,Customer 1441,555-664-5321,customer1441@email.com,Chevrolet,Equinox,2022,Red,Truck,13875,5.0L V8,Automatic,35854,New,115,Houston,True,1421,0
1442,2023-08-15,Customer 1442,555-616-8439,customer1442@email.com,Hyundai,Sonata,2023,Black,Sedan,19568,2.5L I4,CVT,57228,Used,112,Dallas,False,0,0
1443,2023-01-04,Customer 1443,555-332-9862,customer1443@email.com,Honda,Civic,2018,Silver,SUV,14029,5.0L V8,Manual,43793,New,110,Los Angeles,False,0,0
1444,2023-07-20,Customer 1444,555-865-2076,customer1444@email.com,Hyundai,Elantra,2018,Black,Sedan,9712,3.6L V6,CVT,20097,Used,113,Philadelphia,False,0,0
1445,2023-07-09,Customer 1445,555-507-8353,customer1445@email.com,Toyota,Camry,2019,Red,Coupe,38653,2.0L I4,Automatic,33697,New,116,Phoenix,True,7914,48
1446,2023-03-21,Customer 1446,555-179-5819,customer1446@email.com,Mercedes,C-Class,2020,Silver,Truck,36768,5.0L V8,CVT,38592,New,103,San Diego,True,3566,48
1447,2023-01-06,Customer 1447,555-139-9665,customer1447@email.com,Nissan,Rogue,2023,Red,Truck,18688,5.0L V8,Automatic,39905,New,119,San Antonio,False,0,0
1448,2023-07-31,Customer 1448,555-609-8806,customer1448@email.com,Toyota,RAV4,2022,Silver,Coupe,14637,5.0L V8,Automatic,30628,New,110,Los Angeles,True,3449,48
1449,2023-12-19,Customer 1449,555-309-6536,customer1449@email.com,Jeep,Cherokee,2022,Black,Truck,47977,2.0L I4,CVT,55225,Used,113,New York,False,0,0
1450,2023-07-01,Customer 1450,555-143-2952,customer1450@email.com,Jeep,Cherokee,2019,Red,SUV,55169,3.6L V6,CVT,21219,New,115,San Antonio,False,0,0
1451,2023-01-21,Customer 1451,555-387-3982,customer1451@email.com,Ford,F-150,2024,Blue,Coupe,8656,5.0L V8,Automatic,58963,Used,109,San Jose,False,0,0
1452,2023-11-29,Customer 1452,555-545-4543,customer1452@email.com,Mercedes,E-Class,2024,Silver,Truck,51092,2.5L I4,Manual,34729,Used,110,Phoenix,False,0,0
1453,2024-01-21,Customer 1453,555-695-7314,customer1453@email.com,Jeep,Wrangler,2020,Black,Sedan,10974,3.6L V6,Automatic,36085,Used,102,Chicago,True,1618,0
1454,2023-03-15,Customer 1454,555-718-8699,customer1454@email.com,Ford,F-150,2023,Blue,Truck,46407,2.5L I4,Automatic,17988,Used,106,Phoenix,True,4417,72
1455,2023-11-20,Customer 1455,555-295-8564,customer1455@email.com,Chevrolet,Traverse,2020,Black,Truck,33885,3.5L V6,Automatic,37270,New,111,San Antonio,False,0,0
1456,2023-09-05,Customer 1456,555-781-3942,customer1456@email.com,Chevrolet,Equinox,2024,White,Truck,59764,2.0L I4,Manual,47473,Used,115,New York,True,1525,36
1457,2023-04-26,Customer 1457,555-689-2791,customer1457@email.com,Toyota,RAV4,2018,Blue,Sedan,18538,2.0L I4,CVT,17085,Used,110,San Diego,False,0,0
1458,2023-01-22,Customer 1458,555-197-2813,customer1458@email.com,Audi,Q5,2020,Silver,Coupe,24937,5.0L V8,CVT,40224,New,107,New York,True,2266,60
1459,2023-04-23,Customer 1459,555-784-8685,customer1459@email.com,Nissan,Altima,2018,Gray,Truck,8900,5.0L V8,Automatic,41918,Used,111,Chicago,False,0,0
1460,2024-01-27,Customer 1460,555-187-8021,customer1460@email.com,Audi,A6,2018,Gray,Coupe,45939,2.0L I4,Manual,53409,New,114,San Jose,False,0,0
1461,2023-11-25,Customer 1461,555-319-3200,customer1461@email.com,BMW,5 Series,2024,Gray,SUV,16261,5.0L V8,Manual,36866,New,116,San Diego,False,0,0
1462,2023-10-22,Customer 1462,555-844-9673,customer1462@email.com,Nissan,Altima,2020,Red,SUV,7693,2.5L I4,Automatic,58334,Used,107,Chicago,False,0,0
1463,2023-05-10,Customer 1463,555-290-9880,customer1463@email.com,BMW,3 Series,2022,Blue,Sedan,22939,3.5L V6,CVT,57926,New,114,San Jose,True,656,60
1464,2023-06-02,Customer 1464,555-406-9860,customer1464@email.com,Honda,CR-V,2018,Gray,Sedan,57256,3.5L V6,CVT,40807,Used,117,San Jose,True,1287,0
1465,2023-04-24,Customer 1465,555-802-3633,customer1465@email.com,Jeep,Cherokee,2024,Gray,Coupe,42006,3.5L V6,CVT,57188,Used,116,San Antonio,False,0,0
1466,2023-06-17,Customer 1466,555-291-8447,customer1466@email.com,Honda,CR-V,2018,Blue,SUV,46345,5.0L V8,CVT,51352,Used,105,New York,False,0,0
1467,2023-10-25,Customer 1467,555-746-7260,customer1467@email.com,Ford,Mustang,2023,Black,Truck,50669,3.5L V6,Automatic,54938,Used,120,Houston,False,0,0
1468,2023-01-16,Customer 1468,555-371-7231,customer1468@email.com,Hyundai,Elantra,2024,Blue,SUV,46558,2.5L I4,Automatic,25052,Used,108,Los Angeles,False,0,0
1469,2023-11-18,Customer 1469,555-349-6521,customer1469@email.com,Hyundai,Tucson,2024,Blue,Sedan,12670,5.0L V8,Automatic,28287,New,116,Houston,True,2194,36
1470,2023-05-02,Customer 1470,555-208-1175,customer1470@email.com,Honda,Accord,2021,Red,SUV,22971,2.0L I4,Manual,35115,Used,118,Houston,False,0,0
1471,2024-01-12,Customer 1471,555-721-3635,customer1471@email.com,Toyota,RAV4,2018,Black,Coupe,41852,5.0L V8,Manual,17095,Used,120,Houston,True,2481,0
1472,2023-10-12,Customer 1472,555-561-6452,customer1472@email.com,Chevrolet,Silverado,2024,White,SUV,56463,3.6L V6,CVT,26328,New,114,San Antonio,True,6408,72
1473,2023-08-07,Customer 1473,555-865-5216,customer1473@email.com,Ford,Mustang,2021,Blue,SUV,54879,3.6L V6,Automatic,31372,Used,114,New York,True,6036,60
1474,2023-04-03,Customer 1474,555-968-5042,customer1474@email.com,Mercedes,S-Class,2024,Red,Truck,30117,3.6L V6,Manual,32011,New,101,Phoenix,True,7827,36
1475,2023-12-10,Customer 1475,555-405-5457,customer1475@email.com,Mercedes,C-Class,2019,Silver,SUV,58489,2.5L I4,CVT,35630,New,101,San Jose,True,248,72
1476,2023-08-13,Customer 1476,555-248-7625,customer1476@email.com,Nissan,Titan,2024,Black,SUV,25570,3.6L V6,Manual,50044,New,108,Phoenix,True,7156,48
1477,2023-04-04,Customer 1477,555-586-3336,customer1477@email.com,Mercedes,E-Class,2022,Green,Truck,42135,3.6L V6,Automatic,26496,Used,104,Houston,False,0,0
1478,2023-04-21,Customer 1478,555-972-3858,customer1478@email.com,Mercedes,E-Class,2023,Red,Sedan,41331,3.6L V6,CVT,19695,New,113,Phoenix,True,3191,72
1479,2023-09-26,Customer 1479,555-396-9941,customer1479@email.com,Nissan,Altima,2022,Green,Coupe,32356,5.0L V8,Automatic,46076,Used,105,San Jose,True,11421,72
1480,2023-10-15,Customer 1480,555-229-3034,customer1480@email.com,Mercedes,S-Class,2022,Silver,Truck,19652,3.6L V6,CVT,37657,Used,109,Philadelphia,True,5295,60
1481,2023-04-15,Customer 1481,555-692-5127,customer1481@email.com,Audi,Q5,2024,Green,Sedan,44660,3.5L V6,Automatic,55309,New,117,Philadelphia,False,0,0
1482,2023-01-02,Customer 1482,555-215-5912,customer1482@email.com,Audi,A6,2021,Red,Truck,44194,2.5L I4,CVT,39013,Used,119,San Jose,False,0,0
1483,2023-03-08,Customer 1483,555-473-9597,customer1483@email.com,Toyota,Tacoma,2024,White,Truck,10599,5.0L V8,Manual,33080,Used,101,San Jose,False,0,0
1484,2023-12-08,Customer 1484,555-675-5412,customer1484@email.com,Nissan,Altima,2020,Blue,SUV,43035,2.5L I4,CVT,38766,Used,102,New York,True,2227,48
1485,2023-06-30,Customer 1485,555-699-7779,customer1485@email.com,Honda,Civic,2021,Silver,Sedan,45641,2.0L I4,CVT,56238,Used,116,San Diego,False,0,0
1486,2023-02-02,Customer 1486,555-852-7628,customer1486@email.com,BMW,3 Series,2024,Red,Sedan,37453,3.6L V6,Manual,29214,Used,120,San Diego,True,5040,48
1487,2023-12-04,Customer 1487,555-242-3101,customer1487@email.com,Hyundai,Sonata,2024,Silver,Coupe,49062,3.6L V6,Automatic,45246,New,119,Dallas,False,0,0
1488,2024-01-27,Customer 1488,555-157-1796,customer1488@email.com,Ford,Mustang,2021,White,Coupe,13528,5.0L V8,Automatic,53598,Used,113,Philadelphia,False,0,0
1489,2023-02-27,Customer 1489,555-187-6382,customer1489@email.com,Hyundai,Elantra,2024,White,SUV,21218,5.0L V8,Automatic,47621,New,101,San Jose,True,11240,48
1490,2023-07-13,Customer 1490,555-326-3773,customer1490@email.com,Mercedes,C-Class,2024,Silver,SUV,35372,5.0L V8,CVT,27538,Used,108,Phoenix,True,3393,72
1491,2023-05-15,Customer 1491,555-865-2525,customer1491@email.com,Hyundai,Sonata,2024,Green,Coupe,15038,5.0L V8,Automatic,32889,New,113,Philadelphia,True,7711,36
1492,2023-12-25,Customer 1492,555-922-3053,customer1492@email.com,Toyota,RAV4,2023,White,SUV,12124,5.0L V8,Manual,22511,New,113,San Jose,False,0,0
1493,2024-01-13,Customer 1493,555-189-3675,customer1493@email.com,Mercedes,S-Class,2024,Black,Sedan,10278,3.5L V6,Manual,40390,Used,101,Chicago,True,3814,36
1494,2023-01-28,Customer 1494,555-834-6656,customer1494@email.com,Audi,Q5,2024,Blue,SUV,997,2.5L I4,Manual,52570,New,116,Dallas,True,12755,0
1495,2023-02-09,Customer 1495,555-189-8355,customer1495@email.com,Chevrolet,Traverse,2021,Blue,Truck,50528,3.5L V6,CVT,29007,Used,119,Houston,False,0,0
1496,2023-09-03,Customer 1496,555-952-7961,customer1496@email.com,Jeep,Wrangler,2019,Gray,Truck,14709,5.0L V8,Automatic,45344,Used,114,Los Angeles,False,0,0
1497,2023-03-07,Customer 1497,555-507-1713,customer1497@email.com,Nissan,Titan,2018,Gray,Sedan,5618,3.5L V6,CVT,28260,New,115,New York,False,0,0
1498,2023-08-25,Customer 1498,555-685-9454,customer1498@email.com,BMW,X5,2019,Green,Truck,17334,3.5L V6,CVT,37881,Used,119,San Diego,True,4376,72
1499,2023-02-02,Customer 1499,555-648-5888,customer1499@email.com,Honda,CR-V,2019,Green,Coupe,32123,2.0L I4,Automatic,35036,Used,102,Phoenix,False,0,0
1500,2023-07-12,Customer 1500,555-161-6874,customer1500@email.com,Chevrolet,Silverado,2021,Silver,SUV,18861,3.6L V6,Manual,15085,New,105,New York,False,0,0
1501,2023-09-29,Customer 1501,555-375-3698,customer1501@email.com,Chevrolet,Silverado,2019,Green,SUV,30271,2.5L I4,CVT,28966,New,114,New York,True,5413,0
1502,2023-05-22,Customer 1502,555-313-7598,customer1502@email.com,Hyundai,Tucson,2018,Green,Coupe,34866,3.5L V6,CVT,44621,New,112,Los Angeles,True,2395,0
1503,2023-07-18,Customer 1503,555-497-1690,customer1503@email.com,Nissan,Rogue,2018,Silver,Truck,45241,2.0L I4,Manual,56219,Used,107,Los Angeles,False,0,0
1504,2023-03-23,Customer 1504,555-391-7854,customer1504@email.com,Audi,A4,2022,Green,Coupe,41221,2.5L I4,Automatic,38107,Used,103,San Jose,True,4575,60
1505,2023-09-28,Customer 1505,555-412-3523,customer1505@email.com,Honda,Accord,2019,White,Truck,46620,3.5L V6,Automatic,26298,New,116,San Diego,False,0,0
1506,2023-04-27,Customer 1506,555-718-8200,customer1506@email.com,BMW,5 Series,2022,Black,Sedan,23350,3.6L V6,Manual,55624,New,102,Phoenix,True,8014,60
1507,2023-01-16,Customer 1507,555-915-3700,customer1507@email.com,Hyundai,Tucson,2023,Silver,Coupe,6113,3.6L V6,Automatic,29421,Used,117,Houston,False,0,0
1508,2023-09-30,Customer 1508,555-452-8308,customer1508@email.com,Nissan,Altima,2020,Blue,Coupe,31011,3.6L V6,CVT,41532,Used,103,San Jose,True,7307,36
1509,2023-12-04,Customer 1509,555-826-6378,customer1509@email.com,BMW,X5,2020,Green,SUV,26240,2.0L I4,Automatic,18621,New,111,Dallas,False,0,0
1510,2023-01-17,Customer 1510,555-912-4179,customer1510@email.com,Hyundai,Elantra,2018,Red,SUV,31630,5.0L V8,CVT,17875,Used,107,San Antonio,False,0,0
1511,2023-02-12,Customer 1511,555-492-1517,customer1511@email.com,Audi,Q5,2020,Red,Truck,7600,2.5L I4,CVT,30415,New,114,Los Angeles,True,3703,36
1512,2023-02-10,Customer 1512,555-397-4449,customer1512@email.com,Nissan,Titan,2019,Red,Sedan,33171,2.5L I4,Automatic,30931,Used,112,San Jose,False,0,0
1513,2023-03-25,Customer 1513,555-623-7191,customer1513@email.com,Ford,Mustang,2024,Silver,Sedan,35237,2.5L I4,Manual,34402,Used,114,Houston,False,0,0
1514,2023-09-07,Customer 1514,555-329-2378,customer1514@email.com,Hyundai,Tucson,2024,Gray,SUV,53050,3.6L V6,CVT,42553,New,117,Phoenix,False,0,0
1515,2023-02-11,Customer 1515,555-100-9935,customer1515@email.com,Hyundai,Elantra,2021,Silver,Truck,47360,3.5L V6,CVT,37669,Used,117,Los Angeles,True,7062,36
1516,2023-05-16,Customer 1516,555-652-8655,customer1516@email.com,Hyundai,Tucson,2018,Green,SUV,17568,2.0L I4,Automatic,49261,New,116,Los Angeles,False,0,0
1517,2023-05-27,Customer 1517,555-512-7582,customer1517@email.com,Mercedes,C-Class,2020,Gray,Sedan,43936,2.0L I4,Automatic,49293,Used,116,San Antonio,False,0,0
1518,2023-03-26,Customer 1518,555-595-2758,customer1518@email.com,Honda,Civic,2021,Gray,Truck,12985,2.5L I4,Automatic,23118,Used,119,Philadelphia,True,278,72
1519,2023-08-26,Customer 1519,555-153-2309,customer1519@email.com,Toyota,Tacoma,2019,Silver,Coupe,48123,5.0L V8,Manual,21805,New,118,San Antonio,False,0,0
1520,2023-12-29,Customer 1520,555-671-5293,customer1520@email.com,Jeep,Cherokee,2019,Green,Coupe,30503,2.5L I4,Automatic,43470,New,105,Phoenix,False,0,0
1521,2023-07-07,Customer 1521,555-288-2498,customer1521@email.com,Toyota,Camry,2023,White,SUV,32843,2.5L I4,CVT,27500,Used,118,Chicago,False,0,0
1522,2024-01-05,Customer 1522,555-822-7445,customer1522@email.com,Ford,Escape,2018,White,Coupe,41350,3.5L V6,Manual,42931,New,111,Los Angeles,True,6008,36
1523,2023-02-21,Customer 1523,555-570-8008,customer1523@email.com,Chevrolet,Traverse,2022,Black,SUV,5931,3.6L V6,Automatic,33062,New,120,Phoenix,False,0,0
1524,2023-09-16,Customer 1524,555-788-5720,customer1524@email.com,Chevrolet,Silverado,2024,Silver,Coupe,23526,2.5L I4,CVT,46491,New,116,Los Angeles,True,3320,48
1525,2023-01-15,Customer 1525,555-648-3560,customer1525@email.com,Mercedes,S-Class,2018,Black,Sedan,40454,3.6L V6,CVT,30056,New,120,Houston,False,0,0
1526,2023-02-11,Customer 1526,555-289-1753,customer1526@email.com,Ford,Escape,2019,Black,Truck,13329,2.5L I4,CVT,41219,New,108,Los Angeles,False,0,0
1527,2023-12-25,Customer 1527,555-888-8941,customer1527@email.com,Ford,Mustang,2019,Red,SUV,9662,2.0L I4,Automatic,26906,Used,103,Dallas,True,540,0
1528,2023-03-16,Customer 1528,555-362-2095,customer1528@email.com,Toyota,Camry,2021,Red,Coupe,8525,2.5L I4,Automatic,23554,New,110,San Jose,True,4236,48
1529,2023-07-06,Customer 1529,555-655-7748,customer1529@email.com,BMW,3 Series,2019,Gray,SUV,55724,3.6L V6,Automatic,44012,New,106,New York,True,10344,36
1530,2023-12-02,Customer 1530,555-873-2498,customer1530@email.com,Jeep,Grand Cherokee,2019,Red,Sedan,34893,3.6L V6,CVT,17489,New,120,Philadelphia,False,0,0
1531,2023-03-25,Customer 1531,555-219-4669,customer1531@email.com,Jeep,Wrangler,2018,Red,Coupe,38936,3.6L V6,Manual,33751,Used,107,Philadelphia,False,0,0
1532,2023-04-04,Customer 1532,555-385-5570,customer1532@email.com,Toyota,Camry,2019,Blue,SUV,20205,3.5L V6,Manual,30881,New,110,New York,True,659,0
1533,2023-10-16,Customer 1533,555-343-3188,customer1533@email.com,Chevrolet,Silverado,2020,Silver,Truck,59753,3.6L V6,CVT,57984,Used,107,San Diego,False,0,0
1534,2023-08-23,Customer 1534,555-688-4362,customer1534@email.com,Hyundai,Elantra,2024,Blue,SUV,24031,2.0L I4,CVT,22821,New,111,Houston,True,635,72
1535,2023-08-21,Customer 1535,555-325-7195,customer1535@email.com,Hyundai,Sonata,2021,Blue,Sedan,48896,2.5L I4,CVT,32203,New,111,Phoenix,True,1390,48
1536,2023-06-14,Customer 1536,555-171-6628,customer1536@email.com,Mercedes,E-Class,2023,White,Sedan,38059,3.5L V6,Automatic,52737,New,116,Houston,True,1721,36
1537,2024-01-01,Customer 1537,555-489-7536,customer1537@email.com,Jeep,Cherokee,2023,Blue,Coupe,43858,2.0L I4,Manual,19769,Used,119,San Antonio,True,1365,36
1538,2023-05-01,Customer 1538,555-871-7459,customer1538@email.com,Hyundai,Elantra,2022,Red,Truck,49231,5.0L V8,Automatic,48569,New,117,Phoenix,True,1820,0
1539,2023-11-04,Customer 1539,555-756-7958,customer1539@email.com,Toyota,RAV4,2022,Silver,Sedan,36269,2.0L I4,Automatic,38803,New,105,Philadelphia,True,3858,48
1540,2024-01-21,Customer 1540,555-991-1000,customer1540@email.com,Jeep,Wrangler,2022,Red,Coupe,8996,5.0L V8,Automatic,42099,New,120,San Antonio,False,0,0
1541,2023-03-10,Customer 1541,555-484-4581,customer1541@email.com,Chevrolet,Silverado,2018,White,Truck,9944,5.0L V8,Automatic,55432,Used,119,Chicago,True,10720,72
1542,2023-08-03,Customer 1542,555-500-6987,customer1542@email.com,Ford,Escape,2019,White,Coupe,33131,3.5L V6,CVT,57543,New,108,Philadelphia,False,0,0
1543,2023-09-20,Customer 1543,555-771-7165,customer1543@email.com,Jeep,Cherokee,2021,Black,Sedan,30078,3.6L V6,CVT,27873,New,102,Phoenix,False,0,0
1544,2024-01-12,Customer 1544,555-464-6143,customer1544@email.com,Audi,Q5,2018,Red,Coupe,55123,3.6L V6,Automatic,52842,Used,108,Chicago,False,0,0
1545,2023-01-03,Customer 1545,555-591-4447,customer1545@email.com,Hyundai,Sonata,2018,Gray,Coupe,57268,3.6L V6,CVT,30548,New,103,San Diego,True,3812,0
1546,2023-09-14,Customer 1546,555-506-4212,customer1546@email.com,Nissan,Titan,2020,Gray,SUV,7448,3.5L V6,CVT,26973,New,120,Phoenix,False,0,0
1547,2023-06-15,Customer 1547,555-829-1832,customer1547@email.com,BMW,5 Series,2023,Green,SUV,52192,2.5L I4,Manual,54375,New,115,Philadelphia,False,0,0
1548,2024-01-05,Customer 1548,555-298-9689,customer1548@email.com,Nissan,Rogue,2022,Black,Truck,33595,2.0L I4,Manual,25495,New,113,Los Angeles,True,3351,60
1549,2023-08-12,Customer 1549,555-489-2053,customer1549@email.com,Mercedes,S-Class,2024,White,Sedan,26886,2.5L I4,Automatic,42290,Used,104,San Jose,True,3581,0
1550,2024-01-18,Customer 1550,555-285-2245,customer1550@email.com,Nissan,Rogue,2022,Green,SUV,53048,2.0L I4,Manual,25323,New,119,San Antonio,True,2323,48
1551,2023-09-26,Customer 1551,555-626-8367,customer1551@email.com,Nissan,Rogue,2023,Gray,SUV,7903,5.0L V8,CVT,17001,New,103,San Jose,True,3085,60
1552,2023-02-12,Customer 1552,555-349-4941,customer1552@email.com,Toyota,RAV4,2021,Silver,SUV,39463,5.0L V8,CVT,22626,Used,118,San Diego,True,823,60
1553,2023-02-09,Customer 1553,555-754-8320,customer1553@email.com,Audi,A6,2019,Silver,Truck,47772,3.6L V6,CVT,31019,Used,116,Dallas,True,6501,48
1554,2023-05-11,Customer 1554,555-934-2892,customer1554@email.com,Chevrolet,Silverado,2023,White,SUV,9470,2.0L I4,Automatic,34462,Used,110,Dallas,True,4285,0
1555,2023-09-05,Customer 1555,555-657-6905,customer1555@email.com,Chevrolet,Traverse,2019,Red,Sedan,54431,2.0L I4,Manual,39814,Used,101,San Antonio,False,0,0
1556,2023-01-27,Customer 1556,555-949-8940,customer1556@email.com,Toyota,Tacoma,2021,Green,Sedan,24543,3.6L V6,Manual,29037,New,112,San Antonio,True,1875,0
1557,2023-03-31,Customer 1557,555-255-3980,customer1557@email.com,BMW,3 Series,2022,Blue,SUV,50316,2.5L I4,Automatic,34006,New,105,Los Angeles,True,6708,0
1558,2023-11-16,Customer 1558,555-274-4445,customer1558@email.com,Jeep,Grand Cherokee,2022,Red,SUV,18176,3.6L V6,CVT,37029,New,116,Los Angeles,True,352,48
1559,2023-12-20,Customer 1559,555-520-9304,customer1559@email.com,Mercedes,S-Class,2020,Black,Truck,22251,2.0L I4,Automatic,41176,Used,119,Houston,True,8747,60
1560,2023-01-31,Customer 1560,555-904-4535,customer1560@email.com,Nissan,Altima,2019,Silver,Truck,55898,2.5L I4,Manual,31793,Used,110,San Jose,True,1934,0
1561,2023-01-20,Customer 1561,555-169-6629,customer1561@email.com,Audi,A6,2022,Gray,Coupe,53590,5.0L V8,CVT,51577,Used,107,Dallas,False,0,0
1562,2023-11-20,Customer 1562,555-229-6835,customer1562@email.com,Toyota,Tacoma,2021,Black,Coupe,17596,3.6L V6,CVT,41891,Used,113,Chicago,False,0,0
1563,2023-12-16,Customer 1563,555-417-2256,customer1563@email.com,Toyota,Camry,2018,White,Truck,25976,3.6L V6,Manual,36594,Used,101,Chicago,False,0,0
1564,2023-10-31,Customer 1564,555-764-8051,customer1564@email.com,Audi,Q5,2021,Red,Coupe,32976,3.6L V6,Manual,51609,Used,105,Chicago,False,0,0
1565,2024-01-19,Customer 1565,555-759-1664,customer1565@email.com,BMW,X5,2019,Green,SUV,39904,3.6L V6,Manual,47655,Used,101,San Diego,True,10778,0
1566,2023-09-24,Customer 1566,555-631-3987,customer1566@email.com,Toyota,Tacoma,2019,Silver,SUV,54593,5.0L V8,Automatic,46895,Used,116,New York,True,5768,36
1567,2023-09-12,Customer 1567,555-428-4015,customer1567@email.com,Toyota,RAV4,2023,Gray,Truck,8382,3.5L V6,Automatic,48134,New,111,Los Angeles,False,0,0
1568,2023-08-21,Customer 1568,555-530-3807,customer1568@email.com,BMW,X5,2019,Red,SUV,26545,2.0L I4,Manual,22974,Used,105,Philadelphia,False,0,0
1569,2024-01-07,Customer 1569,555-404-2047,customer1569@email.com,Audi,Q5,2024,Gray,Coupe,37592,5.0L V8,CVT,47005,New,101,Chicago,False,0,0
1570,2023-09-29,Customer 1570,555-295-6792,customer1570@email.com,Toyota,RAV4,2021,White,Truck,55544,5.0L V8,Automatic,37863,New,101,New York,True,1184,48
1571,2023-10-22,Customer 1571,555-645-4206,customer1571@email.com,Audi,A4,2022,Green,Sedan,54255,5.0L V8,Manual,46401,New,116,Houston,False,0,0
1572,2023-08-01,Customer 1572,555-366-7852,customer1572@email.com,Honda,Accord,2022,Black,Sedan,38640,3.5L V6,CVT,29260,Used,102,New York,False,0,0
1573,2023-07-11,Customer 1573,555-691-5294,customer1573@email.com,Mercedes,S-Class,2023,Silver,Coupe,7323,3.6L V6,Manual,40231,New,105,Los Angeles,False,0,0
1574,2023-12-26,Customer 1574,555-126-4798,customer1574@email.com,BMW,X5,2019,Black,Sedan,58178,3.6L V6,Manual,28517,Used,103,Philadelphia,True,5674,48
1575,2023-09-20,Customer 1575,555-962-3035,customer1575@email.com,Jeep,Cherokee,2024,Green,Truck,17243,2.5L I4,Automatic,36870,New,117,San Jose,True,4262,72
1576,2023-05-31,Customer 1576,555-967-1829,customer1576@email.com,Hyundai,Elantra,2019,Gray,Sedan,46481,2.5L I4,CVT,34688,Used,120,New York,False,0,0
1577,2023-07-22,Customer 1577,555-507-3478,customer1577@email.com,Ford,Mustang,2021,Black,Coupe,9047,2.0L I4,Automatic,53428,Used,101,San Diego,True,6190,0
1578,2023-07-04,Customer 1578,555-811-7634,customer1578@email.com,BMW,5 Series,2022,Blue,Truck,33567,5.0L V8,Automatic,43611,New,115,New York,True,9189,0
1579,2023-03-31,Customer 1579,555-193-3396,customer1579@email.com,Honda,Accord,2024,Gray,Sedan,38967,5.0L V8,Manual,43338,Used,116,San Diego,True,4046,60
1580,2023-07-12,Customer 1580,555-506-3363,customer1580@email.com,Ford,Escape,2018,Black,Coupe,5972,2.0L I4,Manual,45411,Used,110,Dallas,False,0,0
1581,2023-12-03,Customer 1581,555-881-3190,customer1581@email.com,Chevrolet,Equinox,2020,Gray,Truck,43586,3.5L V6,Automatic,28046,New,111,New York,True,2357,72
1582,2023-01-18,Customer 1582,555-511-4211,customer1582@email.com,Hyundai,Tucson,2018,White,Truck,48920,2.0L I4,CVT,29669,Used,109,Phoenix,True,6999,48
1583,2023-10-04,Customer 1583,555-699-6081,customer1583@email.com,Toyota,RAV4,2020,White,Sedan,44662,2.0L I4,CVT,23300,Used,115,San Diego,False,0,0
1584,2023-01-09,Customer 1584,555-369-4090,customer1584@email.com,Mercedes,C-Class,2021,Blue,Coupe,9587,2.5L I4,Manual,19544,Used,104,Dallas,True,2829,36
1585,2024-01-07,Customer 1585,555-274-9170,customer1585@email.com,Hyundai,Sonata,2018,Green,SUV,48491,5.0L V8,Manual,52840,Used,114,Houston,False,0,0
1586,2023-07-16,Customer 1586,555-972-8504,customer1586@email.com,Toyota,Tacoma,2018,Black,Truck,55121,3.6L V6,Manual,50336,Used,103,Houston,False,0,0
1587,2023-04-28,Customer 1587,555-481-1308,customer1587@email.com,BMW,X5,2020,Gray,Sedan,48299,2.0L I4,CVT,44685,Used,115,Houston,True,2214,72
1588,2023-03-26,Customer 1588,555-462-3494,customer1588@email.com,Honda,CR-V,2019,Green,Coupe,45033,5.0L V8,CVT,57479,Used,104,San Jose,True,4771,48
1589,2023-10-08,Customer 1589,555-565-2691,customer1589@email.com,Ford,Escape,2020,Red,SUV,16817,2.0L I4,Automatic,37782,Used,112,Philadelphia,True,3951,0
1590,2023-10-21,Customer 1590,555-488-7243,customer1590@email.com,Toyota,Camry,2021,Green,Truck,5991,3.5L V6,Manual,52141,New,111,Houston,True,11877,36
1591,2023-06-21,Customer 1591,555-622-9062,customer1591@email.com,Audi,A4,2020,Gray,Coupe,48013,3.5L V6,Automatic,16816,Used,120,Chicago,True,2147,72
1592,2023-08-13,Customer 1592,555-346-1011,customer1592@email.com,Jeep,Cherokee,2021,Green,Sedan,26877,5.0L V8,Automatic,47340,Used,103,Chicago,True,3744,72
1593,2023-04-07,Customer 1593,555-784-9473,customer1593@email.com,Hyundai,Sonata,2020,Silver,SUV,18115,5.0L V8,Manual,50028,Used,101,Philadelphia,True,7047,72
1594,2023-08-03,Customer 1594,555-276-3928,customer1594@email.com,Mercedes,C-Class,2023,White,SUV,51008,5.0L V8,Automatic,32539,New,112,San Diego,True,2079,60
1595,2023-09-04,Customer 1595,555-161-7500,customer1595@email.com,BMW,X5,2022,Silver,Sedan,53955,3.5L V6,Manual,31722,Used,111,Los Angeles,False,0,0
1596,2023-06-12,Customer 1596,555-829-8000,customer1596@email.com,Toyota,Tacoma,2021,Black,Coupe,54955,2.0L I4,CVT,45504,New,101,San Jose,True,10059,60
1597,2023-10-23,Customer 1597,555-743-9827,customer1597@email.com,Jeep,Cherokee,2018,Silver,Truck,18952,2.5L I4,Manual,39481,New,104,San Antonio,True,1165,36
1598,2023-04-12,Customer 1598,555-312-7610,customer1598@email.com,Chevrolet,Traverse,2020,Blue,Coupe,51285,5.0L V8,Automatic,31124,Used,115,Phoenix,True,5795,36
1599,2023-10-16,Customer 1599,555-810-7170,customer1599@email.com,Honda,CR-V,2022,Silver,SUV,35114,2.0L I4,CVT,48730,New,111,San Diego,False,0,0
1600,2023-10-04,Customer 1600,555-165-6100,customer1600@email.com,Hyundai,Sonata,2018,Black,Coupe,43580,3.6L V6,CVT,23424,Used,110,New York,False,0,0
1601,2023-03-10,Customer 1601,555-707-5459,customer1601@email.com,BMW,X5,2018,Blue,SUV,50413,2.0L I4,Manual,31314,New,116,Dallas,True,6894,72
1602,2023-10-06,Customer 1602,555-245-4680,customer1602@email.com,Chevrolet,Silverado,2022,Silver,Coupe,30946,3.5L V6,CVT,56875,New,107,Dallas,False,0,0
1603,2023-02-17,Customer 1603,555-808-3840,customer1603@email.com,Ford,F-150,2018,Silver,Truck,6487,3.6L V6,Manual,24185,Used,116,Phoenix,True,3924,60
1604,2024-01-26,Customer 1604,555-786-2689,customer1604@email.com,BMW,5 Series,2019,Green,Truck,29763,3.6L V6,Automatic,52391,New,102,Phoenix,True,4719,48
1605,2023-08-05,Customer 1605,555-876-2366,customer1605@email.com,Jeep,Grand Cherokee,2024,Silver,Sedan,34318,5.0L V8,Manual,30487,Used,113,Dallas,False,0,0
1606,2023-01-05,Customer 1606,555-442-2829,customer1606@email.com,Mercedes,C-Class,2018,Silver,Sedan,39329,2.5L I4,Manual,58439,Used,103,San Jose,True,7538,48
1607,2023-03-15,Customer 1607,555-261-2558,customer1607@email.com,Honda,Accord,2023,Green,SUV,58257,2.0L I4,Automatic,16087,New,102,San Diego,True,3385,48
1608,2024-01-07,Customer 1608,555-640-5214,customer1608@email.com,Audi,Q5,2021,Gray,Sedan,5028,3.6L V6,CVT,54036,New,111,San Antonio,True,4171,0
1609,2023-05-21,Customer 1609,555-345-7033,customer1609@email.com,Hyundai,Elantra,2021,Red,Truck,8465,2.0L I4,Manual,27980,New,107,Dallas,False,0,0
1610,2023-10-31,Customer 1610,555-143-8996,customer1610@email.com,Toyota,Camry,2018,Black,Coupe,30027,3.6L V6,Automatic,35428,Used,105,Dallas,True,4037,48
1611,2023-05-07,Customer 1611,555-670-9106,customer1611@email.com,Audi,A4,2018,Blue,Truck,27725,2.5L I4,Manual,36603,New,107,Dallas,True,5165,48
1612,2023-03-07,Customer 1612,555-529-8090,customer1612@email.com,Jeep,Cherokee,2019,Red,Coupe,49088,3.5L V6,Manual,41960,Used,119,Los Angeles,False,0,0
1613,2023-06-30,Customer 1613,555-596-2326,customer1613@email.com,BMW,5 Series,2019,Blue,Sedan,19310,3.6L V6,CVT,44300,New,104,Houston,True,10460,0
1614,2024-01-20,Customer 1614,555-152-9925,customer1614@email.com,Chevrolet,Equinox,2024,White,Sedan,58867,3.5L V6,Automatic,52950,Used,116,Houston,True,9217,36
1615,2023-09-18,Customer 1615,555-876-2886,customer1615@email.com,Nissan,Rogue,2022,Black,SUV,13213,3.5L V6,CVT,32595,New,109,San Diego,False,0,0
1616,2023-01-22,Customer 1616,555-905-8420,customer1616@email.com,Hyundai,Elantra,2021,Gray,Truck,36680,3.6L V6,Manual,40866,Used,118,Houston,True,9609,0
1617,2023-03-09,Customer 1617,555-178-8205,customer1617@email.com,BMW,5 Series,2024,Blue,Sedan,41249,3.6L V6,Automatic,46248,Used,112,Houston,False,0,0
1618,2023-01-28,Customer 1618,555-586-6701,customer1618@email.com,Audi,A4,2024,Green,SUV,2056,2.0L I4,CVT,25111,New,116,New York,True,4697,36
1619,2024-01-10,Customer 1619,555-138-9870,customer1619@email.com,Mercedes,S-Class,2019,Black,Sedan,25939,3.5L V6,Manual,59035,Used,117,San Antonio,False,0,0
1620,2023-04-05,Customer 1620,555-155-6148,customer1620@email.com,BMW,5 Series,2024,White,SUV,52837,3.6L V6,Manual,43540,New,102,Dallas,True,4675,36
1621,2024-01-18,Customer 1621,555-301-9989,customer1621@email.com,Toyota,Tacoma,2022,Green,Sedan,22087,2.5L I4,CVT,57258,New,108,Chicago,True,5721,72
1622,2023-02-03,Customer 1622,555-554-8186,customer1622@email.com,Jeep,Grand Cherokee,2019,Silver,Sedan,23480,5.0L V8,Manual,18269,Used,107,Dallas,False,0,0
1623,2023-08-28,Customer 1623,555-798-3275,customer1623@email.com,Ford,F-150,2019,White,Sedan,47446,5.0L V8,CVT,30604,New,101,San Diego,False,0,0
1624,2023-03-09,Customer 1624,555-252-5118,customer1624@email.com,Honda,CR-V,2023,Blue,SUV,18271,3.5L V6,Automatic,42421,Used,109,San Jose,False,0,0
1625,2024-01-20,Customer 1625,555-236-9701,customer1625@email.com,Chevrolet,Silverado,2023,White,SUV,23780,2.5L I4,CVT,45346,New,111,San Diego,True,2351,0
1626,2023-05-13,Customer 1626,555-866-1099,customer1626@email.com,BMW,3 Series,2021,Red,Coupe,36960,3.5L V6,CVT,56932,Used,115,Chicago,False,0,0
1627,2023-02-12,Customer 1627,555-740-7019,customer1627@email.com,Honda,Accord,2024,Blue,Truck,4563,2.5L I4,Manual,21487,Used,113,New York,False,0,0
1628,2023-07-12,Customer 1628,555-692-9249,customer1628@email.com,BMW,5 Series,2021,Black,Sedan,51710,3.5L V6,CVT,16695,Used,105,Chicago,False,0,0
1629,2023-05-05,Customer 1629,555-503-6566,customer1629@email.com,BMW,X5,2018,White,Truck,12511,3.5L V6,CVT,34285,New,107,New York,True,6467,36
1630,2023-01-28,Customer 1630,555-389-1709,customer1630@email.com,Ford,Escape,2018,Gray,SUV,7253,5.0L V8,Automatic,57281,Used,112,Houston,False,0,0
1631,2023-07-02,Customer 1631,555-541-7040,customer1631@email.com,Nissan,Titan,2022,Red,SUV,21979,2.5L I4,Manual,23619,Used,116,Philadelphia,True,3746,72
1632,2023-11-26,Customer 1632,555-449-2954,customer1632@email.com,Hyundai,Sonata,2022,Gray,Truck,13937,3.5L V6,Automatic,16554,Used,113,Los Angeles,False,0,0
1633,2023-12-24,Customer 1633,555-480-8251,customer1633@email.com,Audi,A4,2021,Black,Coupe,13940,2.0L I4,Manual,54635,New,110,Houston,True,6774,48
1634,2023-10-01,Customer 1634,555-686-8947,customer1634@email.com,Audi,A6,2022,Green,SUV,15640,5.0L V8,Automatic,57972,New,105,Los Angeles,True,2656,36
1635,2023-05-08,Customer 1635,555-527-4864,customer1635@email.com,Mercedes,S-Class,2020,Black,SUV,13163,3.6L V6,CVT,59788,New,116,San Jose,True,14553,60
1636,2023-06-24,Customer 1636,555-548-1540,customer1636@email.com,Chevrolet,Silverado,2024,Silver,SUV,34322,3.6L V6,Manual,19569,Used,101,Dallas,True,1321,0
1637,2023-12-15,Customer 1637,555-438-3339,customer1637@email.com,Hyundai,Tucson,2018,Red,Sedan,49229,2.5L I4,Manual,34587,New,102,Houston,True,4528,72
1638,2023-05-15,Customer 1638,555-975-3053,customer1638@email.com,Jeep,Cherokee,2023,White,SUV,23180,3.5L V6,Manual,31198,New,109,Philadelphia,False,0,0
1639,2024-01-23,Customer 1639,555-975-2044,customer1639@email.com,Audi,Q5,2023,Red,Sedan,17072,5.0L V8,Manual,37907,Used,102,San Diego,False,0,0
1640,2023-01-27,Customer 1640,555-850-5809,customer1640@email.com,Chevrolet,Traverse,2021,Silver,SUV,55235,3.6L V6,Automatic,29814,Used,119,New York,False,0,0
1641,2024-01-26,Customer 1641,555-723-2116,customer1641@email.com,Mercedes,E-Class,2024,Silver,Sedan,23095,3.6L V6,CVT,19320,New,119,Phoenix,True,4124,0
1642,2023-07-07,Customer 1642,555-455-1386,customer1642@email.com,Ford,Mustang,2024,Black,Truck,19755,2.0L I4,Automatic,34395,Used,117,Phoenix,True,5907,72
1643,2023-09-03,Customer 1643,555-237-3637,customer1643@email.com,Nissan,Rogue,2023,Blue,Coupe,33113,2.0L I4,Manual,26793,New,110,Dallas,True,1626,0
1644,2023-08-04,Customer 1644,555-998-8438,customer1644@email.com,Mercedes,S-Class,2020,White,Sedan,40696,5.0L V8,CVT,36663,New,112,San Diego,True,3442,36
1645,2023-12-16,Customer 1645,555-749-8309,customer1645@email.com,Nissan,Rogue,2023,Gray,SUV,47773,2.0L I4,CVT,53441,Used,107,Dallas,False,0,0
1646,2023-05-14,Customer 1646,555-137-1359,customer1646@email.com,Toyota,RAV4,2023,Green,Sedan,18695,3.5L V6,Automatic,26107,Used,115,San Antonio,False,0,0
1647,2023-12-20,Customer 1647,555-839-7297,customer1647@email.com,Jeep,Cherokee,2019,Black,Coupe,32154,3.6L V6,CVT,27783,Used,101,Dallas,True,2657,60
1648,2023-09-17,Customer 1648,555-778-6565,customer1648@email.com,Chevrolet,Equinox,2019,Gray,Truck,58835,3.5L V6,CVT,58551,New,119,Dallas,False,0,0
1649,2023-01-16,Customer 1649,555-803-8102,customer1649@email.com,Toyota,RAV4,2018,Silver,SUV,47336,3.5L V6,Automatic,17043,New,109,Philadelphia,False,0,0
1650,2023-07-14,Customer 1650,555-233-8683,customer1650@email.com,Toyota,Camry,2018,Black,SUV,39242,5.0L V8,Automatic,50439,Used,106,Los Angeles,False,0,0
1651,2023-07-06,Customer 1651,555-100-5933,customer1651@email.com,Jeep,Wrangler,2022,White,Truck,31086,3.5L V6,CVT,16322,New,114,San Diego,False,0,0
1652,2023-12-31,Customer 1652,555-635-1288,customer1652@email.com,Ford,F-150,2023,Blue,SUV,9388,5.0L V8,Manual,19836,New,105,Chicago,False,0,0
1653,2023-10-18,Customer 1653,555-531-1309,customer1653@email.com,Nissan,Rogue,2023,Black,SUV,55284,3.5L V6,CVT,57019,Used,101,Philadelphia,True,9907,36
1654,2023-10-15,Customer 1654,555-884-5963,customer1654@email.com,Honda,CR-V,2018,Green,SUV,12935,3.6L V6,Manual,24398,Used,111,Dallas,False,0,0
1655,2023-09-17,Customer 1655,555-551-6935,customer1655@email.com,BMW,X5,2020,Blue,Sedan,38020,2.5L I4,CVT,55598,Used,114,San Diego,False,0,0
1656,2024-01-04,Customer 1656,555-593-6393,customer1656@email.com,Nissan,Rogue,2020,Blue,SUV,34918,2.5L I4,Automatic,33688,Used,115,Philadelphia,False,0,0
1657,2023-01-15,Customer 1657,555-293-7076,customer1657@email.com,Nissan,Rogue,2024,Blue,Coupe,4296,5.0L V8,CVT,23703,Used,107,Chicago,True,477,0
1658,2023-08-14,Customer 1658,555-672-2358,customer1658@email.com,Toyota,Camry,2022,Silver,Coupe,5666,2.0L I4,CVT,23474,New,120,San Diego,False,0,0
1659,2023-03-04,Customer 1659,555-165-2054,customer1659@email.com,Mercedes,E-Class,2023,Red,Truck,24141,5.0L V8,CVT,22700,New,110,San Antonio,False,0,0
1660,2023-09-10,Customer 1660,555-338-3380,customer1660@email.com,Nissan,Altima,2019,White,SUV,54873,2.5L I4,CVT,45290,Used,102,San Antonio,True,3241,0
1661,2023-12-21,Customer 1661,555-166-5852,customer1661@email.com,Hyundai,Tucson,2018,Blue,SUV,27651,3.6L V6,Manual,35401,New,105,Dallas,True,2274,0
1662,2023-06-10,Customer 1662,555-206-1652,customer1662@email.com,Mercedes,C-Class,2018,Gray,Truck,55597,5.0L V8,CVT,44121,New,113,Los Angeles,True,10795,0
1663,2023-07-11,Customer 1663,555-102-8309,customer1663@email.com,Hyundai,Tucson,2018,Black,Coupe,45932,2.0L I4,Automatic,59982,New,101,New York,False,0,0
1664,2023-09-15,Customer 1664,555-740-6294,customer1664@email.com,Audi,Q5,2023,Green,Truck,52135,3.6L V6,CVT,37828,Used,106,San Jose,True,8031,48
1665,2023-01-08,Customer 1665,555-781-1277,customer1665@email.com,Chevrolet,Silverado,2020,Silver,Truck,29978,3.6L V6,CVT,18398,Used,117,New York,True,1255,48
1666,2023-05-14,Customer 1666,555-830-2586,customer1666@email.com,Honda,Civic,2022,Blue,SUV,32394,2.0L I4,Manual,44691,New,109,Chicago,False,0,0
1667,2023-08-04,Customer 1667,555-177-9673,customer1667@email.com,Honda,Civic,2018,Red,Sedan,43616,3.5L V6,CVT,40851,New,102,Philadelphia,False,0,0
1668,2023-03-19,Customer 1668,555-985-3029,customer1668@email.com,Ford,Escape,2019,Green,Truck,20151,2.5L I4,CVT,50351,New,108,San Diego,True,10957,36
1669,2023-07-20,Customer 1669,555-837-4082,customer1669@email.com,Ford,Escape,2022,Red,SUV,5778,2.0L I4,Manual,24707,Used,104,San Jose,True,4336,48
1670,2023-09-05,Customer 1670,555-983-7070,customer1670@email.com,Nissan,Titan,2018,White,Sedan,35571,3.5L V6,Automatic,52511,New,113,Houston,True,2917,60
1671,2023-06-14,Customer 1671,555-663-5695,customer1671@email.com,Honda,CR-V,2018,Red,Coupe,32865,3.5L V6,Automatic,44399,Used,107,New York,False,0,0
1672,2023-04-11,Customer 1672,555-601-7423,customer1672@email.com,Toyota,RAV4,2018,Blue,SUV,28553,3.5L V6,CVT,19992,New,101,Phoenix,True,1853,72
1673,2023-02-23,Customer 1673,555-976-3186,customer1673@email.com,Nissan,Rogue,2023,Green,SUV,24055,2.0L I4,Automatic,53918,New,120,Phoenix,True,2027,48
1674,2023-12-17,Customer 1674,555-576-5585,customer1674@email.com,Chevrolet,Traverse,2020,Green,Coupe,23044,2.0L I4,Manual,53684,Used,109,San Diego,False,0,0
1675,2023-06-09,Customer 1675,555-127-7679,customer1675@email.com,Honda,Civic,2022,Green,Coupe,29316,2.5L I4,Manual,32717,Used,114,San Antonio,False,0,0
1676,2023-12-02,Customer 1676,555-492-3923,customer1676@email.com,Nissan,Rogue,2023,Red,SUV,15802,2.5L I4,Automatic,32312,New,106,Houston,False,0,0
1677,2023-03-02,Customer 1677,555-650-4750,customer1677@email.com,Jeep,Wrangler,2018,Red,SUV,21319,5.0L V8,Automatic,20573,Used,102,New York,False,0,0
1678,2023-09-26,Customer 1678,555-726-6513,customer1678@email.com,Hyundai,Elantra,2019,White,Truck,19659,2.5L I4,CVT,37216,New,118,Chicago,False,0,0
1679,2024-01-29,Customer 1679,555-677-1739,customer1679@email.com,Honda,Accord,2024,White,Truck,14408,3.5L V6,Automatic,32811,Used,103,Phoenix,True,610,72
1680,2023-02-06,Customer 1680,555-654-2397,customer1680@email.com,BMW,3 Series,2019,Red,Sedan,24650,2.5L I4,Automatic,38668,New,107,Chicago,False,0,0
1681,2023-02-16,Customer 1681,555-808-4201,customer1681@email.com,Mercedes,C-Class,2022,Green,Coupe,16819,2.5L I4,Manual,34267,Used,105,Houston,False,0,0
1682,2024-01-25,Customer 1682,555-697-2431,customer1682@email.com,Toyota,Camry,2024,Blue,Sedan,48975,5.0L V8,CVT,53401,Used,114,Philadelphia,True,2936,72
1683,2023-01-11,Customer 1683,555-107-7813,customer1683@email.com,Honda,Civic,2021,Silver,Coupe,16692,2.5L I4,CVT,29619,New,105,Houston,False,0,0
1684,2023-07-24,Customer 1684,555-932-8830,customer1684@email.com,Audi,A4,2024,White,Truck,1442,2.5L I4,Automatic,32724,New,103,Dallas,False,0,0
1685,2023-11-04,Customer 1685,555-919-3117,customer1685@email.com,BMW,3 Series,2018,Green,Sedan,50712,5.0L V8,CVT,35181,New,113,Philadelphia,False,0,0
1686,2023-04-19,Customer 1686,555-749-6252,customer1686@email.com,Hyundai,Tucson,2023,Green,Truck,7313,3.5L V6,Automatic,59464,Used,119,Phoenix,False,0,0
1687,2023-01-16,Customer 1687,555-357-1047,customer1687@email.com,Nissan,Altima,2023,Black,SUV,29791,2.0L I4,Automatic,23387,Used,113,San Jose,True,68,60
1688,2023-12-24,Customer 1688,555-737-8373,customer1688@email.com,Nissan,Altima,2022,Black,Truck,26748,2.0L I4,Manual,46068,Used,109,San Antonio,False,0,0
1689,2023-04-05,Customer 1689,555-908-7894,customer1689@email.com,Ford,Escape,2021,Blue,SUV,13854,5.0L V8,Automatic,43433,Used,115,Philadelphia,False,0,0
1690,2024-01-07,Customer 1690,555-162-9044,customer1690@email.com,Nissan,Titan,2022,Green,Coupe,27108,3.6L V6,CVT,39725,New,107,San Jose,False,0,0
1691,2023-03-30,Customer 1691,555-188-3826,customer1691@email.com,Audi,Q5,2019,Silver,Coupe,47881,3.6L V6,CVT,40247,New,113,San Jose,False,0,0
1692,2023-08-12,Customer 1692,555-614-1993,customer1692@email.com,Ford,Mustang,2020,Black,Sedan,14162,3.6L V6,CVT,15372,New,119,Phoenix,True,216,0
1693,2023-05-30,Customer 1693,555-427-9520,customer1693@email.com,Audi,Q5,2022,White,SUV,30704,5.0L V8,CVT,45814,Used,105,San Diego,False,0,0
1694,2023-02-25,Customer 1694,555-171-3240,customer1694@email.com,Audi,A6,2021,Silver,Truck,9749,2.0L I4,CVT,50092,Used,108,Dallas,True,11476,60
1695,2023-12-11,Customer 1695,555-169-7598,customer1695@email.com,Jeep,Wrangler,2018,Silver,SUV,33110,5.0L V8,Automatic,59850,New,118,New York,True,5646,36
1696,2023-10-03,Customer 1696,555-817-2961,customer1696@email.com,Mercedes,E-Class,2019,Green,Coupe,55444,5.0L V8,Automatic,51008,New,103,New York,True,2145,0
1697,2023-09-05,Customer 1697,555-880-7788,customer1697@email.com,Ford,Escape,2020,Black,Truck,10036,3.6L V6,Manual,17650,New,112,Philadelphia,True,1770,72
1698,2023-10-23,Customer 1698,555-259-8808,customer1698@email.com,Audi,A6,2022,White,SUV,31128,3.5L V6,Automatic,40670,Used,105,Houston,False,0,0
1699,2024-01-22,Customer 1699,555-404-6040,customer1699@email.com,BMW,3 Series,2019,Gray,Sedan,19807,5.0L V8,CVT,39288,Used,110,Houston,False,0,0
1700,2023-09-23,Customer 1700,555-663-9994,customer1700@email.com,Audi,A4,2018,Red,Sedan,42300,3.5L V6,Manual,51585,New,119,Houston,False,0,0
1701,2023-04-03,Customer 1701,555-152-6954,customer1701@email.com,Jeep,Wrangler,2021,Red,Truck,27092,3.6L V6,CVT,25764,Used,103,Houston,False,0,0
1702,2023-06-27,Customer 1702,555-261-5473,customer1702@email.com,Mercedes,E-Class,2021,Gray,Truck,36355,3.5L V6,Manual,46895,Used,107,Los Angeles,False,0,0
1703,2023-09-06,Customer 1703,555-742-9802,customer1703@email.com,Ford,F-150,2020,Blue,Coupe,24086,3.5L V6,CVT,49716,Used,111,Phoenix,False,0,0
1704,2023-02-27,Customer 1704,555-191-5755,customer1704@email.com,Honda,CR-V,2024,Gray,Sedan,3941,2.5L I4,CVT,46458,New,116,Houston,False,0,0
1705,2023-12-07,Customer 1705,555-944-4814,customer1705@email.com,Honda,Accord,2018,Red,SUV,23508,5.0L V8,Automatic,19591,Used,101,San Antonio,False,0,0
1706,2023-06-02,Customer 1706,555-527-5422,customer1706@email.com,Chevrolet,Silverado,2021,Green,Coupe,45079,5.0L V8,CVT,54526,New,112,Los Angeles,True,13509,36
1707,2023-09-19,Customer 1707,555-970-4622,customer1707@email.com,Ford,F-150,2023,White,SUV,25774,2.5L I4,CVT,21575,Used,119,New York,True,3863,0
1708,2023-07-16,Customer 1708,555-204-8024,customer1708@email.com,Mercedes,S-Class,2022,Blue,Truck,56340,5.0L V8,Automatic,28373,Used,112,Philadelphia,False,0,0
1709,2023-09-21,Customer 1709,555-825-8349,customer1709@email.com,Chevrolet,Silverado,2023,Blue,SUV,26285,3.6L V6,Automatic,17416,Used,112,San Antonio,True,3829,72
1710,2023-08-01,Customer 1710,555-195-2485,customer1710@email.com,Honda,CR-V,2018,Silver,Coupe,39085,2.5L I4,Automatic,52220,New,114,San Antonio,True,6662,60
1711,2023-08-16,Customer 1711,555-513-5256,customer1711@email.com,BMW,5 Series,2018,Gray,Truck,13805,3.6L V6,Automatic,58397,Used,112,Houston,False,0,0
1712,2023-05-22,Customer 1712,555-324-8401,customer1712@email.com,Hyundai,Elantra,2022,Silver,Truck,48211,5.0L V8,CVT,31034,New,112,San Antonio,False,0,0
1713,2023-12-08,Customer 1713,555-195-9945,customer1713@email.com,Nissan,Titan,2018,Green,Coupe,53524,3.5L V6,Manual,55031,Used,107,Dallas,False,0,0
1714,2023-08-02,Customer 1714,555-855-6998,customer1714@email.com,Mercedes,C-Class,2018,Black,Truck,55072,2.5L I4,Manual,28742,Used,104,San Antonio,True,3053,60
1715,2023-03-18,Customer 1715,555-131-3386,customer1715@email.com,Nissan,Altima,2024,Blue,Coupe,12900,2.5L I4,Manual,41065,Used,107,Phoenix,False,0,0
1716,2023-01-12,Customer 1716,555-313-5919,customer1716@email.com,Hyundai,Sonata,2021,Gray,Truck,18958,3.5L V6,Manual,48682,Used,115,Houston,True,7552,0
1717,2023-06-12,Customer 1717,555-360-3640,customer1717@email.com,Toyota,Tacoma,2023,Black,Sedan,42673,2.0L I4,Manual,23773,Used,119,Dallas,False,0,0
1718,2023-01-03,Customer 1718,555-894-2002,customer1718@email.com,BMW,5 Series,2023,Green,Truck,6287,2.0L I4,Manual,39463,Used,108,Chicago,False,0,0
1719,2023-06-07,Customer 1719,555-140-9159,customer1719@email.com,Chevrolet,Silverado,2018,Black,Coupe,43467,3.5L V6,Automatic,15847,Used,110,San Jose,True,1197,60
1720,2023-08-30,Customer 1720,555-224-8242,customer1720@email.com,BMW,X5,2023,Black,Sedan,56401,3.5L V6,CVT,17977,New,117,San Jose,False,0,0
1721,2024-01-13,Customer 1721,555-274-4339,customer1721@email.com,Ford,Mustang,2024,White,SUV,9499,3.5L V6,Manual,45751,New,106,Houston,False,0,0
1722,2023-09-16,Customer 1722,555-816-1813,customer1722@email.com,BMW,3 Series,2024,Red,Coupe,20270,2.0L I4,Automatic,22837,New,117,San Jose,True,5018,72
1723,2023-09-20,Customer 1723,555-562-6110,customer1723@email.com,Jeep,Cherokee,2019,Blue,Sedan,44146,2.5L I4,Manual,40097,Used,112,San Antonio,True,9518,0
1724,2023-12-05,Customer 1724,555-404-8680,customer1724@email.com,Jeep,Wrangler,2021,White,SUV,57420,3.5L V6,CVT,55908,Used,113,San Antonio,False,0,0
1725,2023-09-20,Customer 1725,555-725-3218,customer1725@email.com,Nissan,Titan,2023,Green,SUV,44984,2.5L I4,Automatic,15421,Used,116,Philadelphia,False,0,0
1726,2023-10-17,Customer 1726,555-567-3010,customer1726@email.com,Jeep,Grand Cherokee,2019,White,Sedan,11872,2.5L I4,Manual,38509,Used,103,Dallas,True,5183,36
1727,2023-07-03,Customer 1727,555-404-3674,customer1727@email.com,Audi,A6,2021,Green,Sedan,10720,2.0L I4,Automatic,21849,New,111,Dallas,True,2677,60
1728,2023-11-23,Customer 1728,555-668-2780,customer1728@email.com,Toyota,Tacoma,2024,Red,Sedan,44291,5.0L V8,CVT,24042,Used,109,Phoenix,True,3670,36
1729,2023-12-15,Customer 1729,555-359-4260,customer1729@email.com,Honda,Accord,2022,Silver,Truck,48517,2.0L I4,Manual,33603,Used,115,Philadelphia,False,0,0
1730,2023-04-05,Customer 1730,555-887-4660,customer1730@email.com,Ford,Mustang,2019,Black,Coupe,18950,2.5L I4,Manual,19368,New,110,Houston,True,2817,60
1731,2023-04-04,Customer 1731,555-411-6684,customer1731@email.com,Nissan,Titan,2021,Green,Truck,56835,3.5L V6,CVT,44278,New,104,San Jose,False,0,0
1732,2023-04-16,Customer 1732,555-910-3673,customer1732@email.com,BMW,5 Series,2019,Black,Truck,26600,5.0L V8,Manual,36978,New,101,Chicago,True,6811,72
1733,2023-03-18,Customer 1733,555-157-1138,customer1733@email.com,Honda,CR-V,2023,Green,Truck,40890,3.6L V6,CVT,48807,Used,106,Dallas,False,0,0
1734,2023-11-05,Customer 1734,555-818-2084,customer1734@email.com,Mercedes,E-Class,2022,Red,Coupe,38908,3.6L V6,Automatic,51944,New,103,San Antonio,False,0,0
1735,2023-12-14,Customer 1735,555-308-1683,customer1735@email.com,Mercedes,C-Class,2020,White,SUV,32098,3.6L V6,Manual,49752,Used,113,Phoenix,True,10853,72
1736,2023-05-18,Customer 1736,555-866-9635,customer1736@email.com,Mercedes,E-Class,2021,White,Coupe,33729,5.0L V8,Automatic,33557,New,102,San Diego,True,4787,36
1737,2023-06-23,Customer 1737,555-140-5065,customer1737@email.com,Hyundai,Tucson,2020,Blue,Truck,35509,2.0L I4,Automatic,59975,Used,108,Dallas,False,0,0
1738,2023-04-08,Customer 1738,555-426-8849,customer1738@email.com,Honda,Accord,2021,Silver,Sedan,15084,3.6L V6,Manual,45446,Used,119,Chicago,True,11312,60
1739,2023-02-07,Customer 1739,555-655-6137,customer1739@email.com,Audi,Q5,2018,Green,Coupe,13731,3.5L V6,Manual,41306,Used,102,Phoenix,True,2967,0
1740,2023-07-15,Customer 1740,555-185-6815,customer1740@email.com,Ford,Escape,2023,White,SUV,46738,2.5L I4,Automatic,27926,Used,115,Houston,True,6219,36
1741,2023-11-25,Customer 1741,555-444-5840,customer1741@email.com,Hyundai,Elantra,2019,Green,Sedan,58003,2.5L I4,Manual,30064,Used,120,Los Angeles,False,0,0
1742,2023-12-11,Customer 1742,555-253-4329,customer1742@email.com,BMW,X5,2024,White,Truck,15126,5.0L V8,Automatic,25407,Used,120,Chicago,False,0,0
1743,2023-01-04,Customer 1743,555-520-5010,customer1743@email.com,Chevrolet,Traverse,2021,Green,Sedan,48828,5.0L V8,CVT,44089,Used,118,Chicago,True,3525,36
1744,2023-09-09,Customer 1744,555-230-4255,customer1744@email.com,Mercedes,E-Class,2018,White,SUV,46434,3.5L V6,CVT,38317,New,103,Chicago,False,0,0
1745,2023-11-03,Customer 1745,555-920-1247,customer1745@email.com,Nissan,Rogue,2024,Black,Truck,42004,3.6L V6,Automatic,50168,Used,102,Chicago,True,7307,72
1746,2023-09-22,Customer 1746,555-467-9305,customer1746@email.com,Chevrolet,Equinox,2018,White,Coupe,17567,3.6L V6,Manual,29012,New,107,Philadelphia,False,0,0
1747,2023-09-23,Customer 1747,555-488-2497,customer1747@email.com,Honda,Civic,2023,Gray,SUV,25181,3.5L V6,Manual,28189,Used,118,San Diego,False,0,0
1748,2023-06-17,Customer 1748,555-679-9055,customer1748@email.com,Nissan,Rogue,2018,Black,Truck,21220,2.5L I4,Manual,22835,Used,110,San Jose,True,1652,48
1749,2023-10-06,Customer 1749,555-494-7922,customer1749@email.com,Audi,Q5,2019,Red,Truck,43178,2.0L I4,Manual,44700,Used,102,New York,True,4483,48
1750,2023-10-08,Customer 1750,555-494-9136,customer1750@email.com,Mercedes,S-Class,2018,Gray,Sedan,47771,3.6L V6,CVT,23961,New,105,Chicago,False,0,0
1751,2023-02-05,Customer 1751,555-437-8183,customer1751@email.com,Ford,Escape,2024,White,SUV,52472,2.0L I4,Automatic,33389,Used,105,Dallas,True,290,36
1752,2023-05-28,Customer 1752,555-419-8403,customer1752@email.com,Jeep,Wrangler,2023,Black,Truck,11631,2.0L I4,CVT,56523,New,120,Phoenix,True,8115,36
1753,2023-10-04,Customer 1753,555-698-4070,customer1753@email.com,Mercedes,S-Class,2022,Gray,Truck,8590,2.5L I4,Automatic,56239,New,106,Dallas,False,0,0
1754,2023-10-17,Customer 1754,555-367-2928,customer1754@email.com,BMW,X5,2021,Gray,Sedan,53639,2.0L I4,Automatic,31873,New,112,Dallas,False,0,0
1755,2023-10-02,Customer 1755,555-171-3122,customer1755@email.com,Honda,Civic,2018,Blue,Truck,32873,3.5L V6,Automatic,16086,New,105,Dallas,True,713,72
1756,2024-01-30,Customer 1756,555-212-3753,customer1756@email.com,Ford,Escape,2023,Green,Truck,40944,2.5L I4,Automatic,21829,Used,103,Phoenix,False,0,0
1757,2023-01-20,Customer 1757,555-334-7391,customer1757@email.com,Toyota,RAV4,2020,Red,Truck,20636,2.5L I4,CVT,35688,New,116,Philadelphia,True,6871,72
1758,2023-04-23,Customer 1758,555-674-4263,customer1758@email.com,Ford,F-150,2020,Red,SUV,13580,2.0L I4,Automatic,42773,New,119,Los Angeles,False,0,0
1759,2023-01-12,Customer 1759,555-419-5839,customer1759@email.com,Ford,Escape,2022,Blue,Truck,12995,3.5L V6,CVT,17797,New,115,Houston,False,0,0
1760,2023-09-20,Customer 1760,555-947-7446,customer1760@email.com,Nissan,Titan,2018,Red,SUV,17386,2.0L I4,Automatic,35108,Used,119,Philadelphia,True,307,72
1761,2023-08-10,Customer 1761,555-149-2274,customer1761@email.com,Nissan,Rogue,2020,Red,SUV,52576,2.0L I4,Automatic,34017,New,106,Chicago,False,0,0
1762,2023-08-17,Customer 1762,555-365-4194,customer1762@email.com,Mercedes,E-Class,2024,Red,Coupe,33858,3.5L V6,Automatic,41428,New,115,New York,True,6589,72
1763,2023-10-10,Customer 1763,555-337-9115,customer1763@email.com,Chevrolet,Equinox,2019,Green,Coupe,13748,2.5L I4,Manual,37887,Used,102,Chicago,True,3241,72
1764,2023-12-16,Customer 1764,555-620-6347,customer1764@email.com,Nissan,Altima,2021,Gray,Sedan,45915,3.6L V6,Automatic,23985,New,115,San Jose,False,0,0
1765,2023-05-30,Customer 1765,555-203-1816,customer1765@email.com,Toyota,Tacoma,2019,Black,Sedan,25695,2.0L I4,Automatic,47436,Used,102,Dallas,True,983,72
1766,2023-08-28,Customer 1766,555-783-1004,customer1766@email.com,Hyundai,Tucson,2023,White,Coupe,30193,2.5L I4,Automatic,25156,New,111,San Diego,True,1281,0
1767,2023-02-26,Customer 1767,555-708-8221,customer1767@email.com,Ford,F-150,2019,Blue,Truck,39085,2.0L I4,Automatic,43551,Used,107,Chicago,False,0,0
1768,2023-08-01,Customer 1768,555-378-8154,customer1768@email.com,Chevrolet,Equinox,2023,Gray,SUV,12347,2.0L I4,Manual,55444,Used,107,Chicago,True,1764,36
1769,2024-01-07,Customer 1769,555-832-6855,customer1769@email.com,Toyota,Tacoma,2022,Blue,Sedan,37411,3.5L V6,CVT,54591,Used,108,San Antonio,True,12856,60
1770,2023-11-26,Customer 1770,555-678-7214,customer1770@email.com,Hyundai,Sonata,2018,Silver,SUV,48465,3.5L V6,Manual,24565,Used,101,Los Angeles,False,0,0
1771,2023-01-10,Customer 1771,555-435-5984,customer1771@email.com,Hyundai,Elantra,2022,Green,Sedan,59227,2.5L I4,Manual,33453,Used,108,Houston,True,2608,0
1772,2023-04-26,Customer 1772,555-520-7428,customer1772@email.com,Nissan,Titan,2019,Black,SUV,52876,5.0L V8,Manual,40989,New,120,Philadelphia,True,4636,48
1773,2023-05-11,Customer 1773,555-638-6197,customer1773@email.com,Jeep,Cherokee,2020,Gray,SUV,33742,3.5L V6,Manual,50847,Used,108,San Diego,True,9904,72
1774,2024-01-27,Customer 1774,555-990-8886,customer1774@email.com,Nissan,Altima,2020,White,SUV,12677,5.0L V8,CVT,19457,New,106,Dallas,True,2147,60
1775,2023-09-17,Customer 1775,555-929-2477,customer1775@email.com,Toyota,Tacoma,2022,Silver,Sedan,30135,3.5L V6,Manual,36763,New,106,San Jose,False,0,0
1776,2023-09-20,Customer 1776,555-306-9284,customer1776@email.com,Audi,Q5,2022,Gray,Truck,29891,5.0L V8,CVT,48446,New,103,Houston,False,0,0
1777,2023-08-24,Customer 1777,555-370-5350,customer1777@email.com,Chevrolet,Equinox,2020,Blue,SUV,32907,3.5L V6,Automatic,42638,New,118,San Diego,False,0,0
1778,2023-09-02,Customer 1778,555-372-8734,customer1778@email.com,Ford,Escape,2022,Red,SUV,33200,2.0L I4,Automatic,25721,Used,105,Phoenix,True,1912,0
1779,2024-01-23,Customer 1779,555-540-6601,customer1779@email.com,Ford,F-150,2024,Silver,Sedan,39724,2.0L I4,Manual,56299,Used,109,Los Angeles,False,0,0
1780,2023-12-21,Customer 1780,555-736-5346,customer1780@email.com,Nissan,Titan,2018,Green,Sedan,53747,3.6L V6,Manual,20604,New,117,San Antonio,True,2420,60
1781,2023-05-08,Customer 1781,555-142-2929,customer1781@email.com,Mercedes,S-Class,2023,Blue,Coupe,48419,5.0L V8,Manual,18016,New,119,Chicago,True,684,72
1782,2023-05-31,Customer 1782,555-752-4603,customer1782@email.com,Ford,Escape,2021,Green,Sedan,14450,3.5L V6,CVT,40003,New,113,San Jose,True,3774,60
1783,2023-04-25,Customer 1783,555-870-5767,customer1783@email.com,Toyota,Camry,2022,Green,SUV,45726,2.5L I4,CVT,21453,New,115,Chicago,True,2359,60
1784,2023-11-18,Customer 1784,555-794-8790,customer1784@email.com,Audi,Q5,2024,Gray,Sedan,9762,2.0L I4,Automatic,56957,New,104,Houston,False,0,0
1785,2023-04-20,Customer 1785,555-720-4265,customer1785@email.com,BMW,5 Series,2024,Red,SUV,58669,3.6L V6,Automatic,50714,Used,110,New York,True,12345,36
1786,2023-02-05,Customer 1786,555-577-3770,customer1786@email.com,Toyota,Camry,2020,Gray,Coupe,17275,5.0L V8,Automatic,33252,New,118,Houston,False,0,0
1787,2024-01-28,Customer 1787,555-631-4727,customer1787@email.com,Mercedes,C-Class,2019,White,SUV,54143,3.6L V6,Manual,31151,Used,116,Phoenix,True,198,72
1788,2023-09-05,Customer 1788,555-112-1408,customer1788@email.com,Chevrolet,Traverse,2021,Red,Truck,36689,2.0L I4,Automatic,33909,Used,120,San Jose,False,0,0
1789,2023-06-25,Customer 1789,555-516-6900,customer1789@email.com,Honda,Accord,2022,Red,Truck,5327,2.5L I4,CVT,49560,Used,109,Phoenix,True,7101,72
1790,2023-05-02,Customer 1790,555-531-6807,customer1790@email.com,Toyota,Camry,2020,Blue,Sedan,57547,3.5L V6,CVT,21336,New,103,San Diego,True,4076,60
1791,2023-08-25,Customer 1791,555-376-5075,customer1791@email.com,Toyota,Camry,2022,Green,Sedan,41928,3.6L V6,CVT,23468,New,115,Philadelphia,True,1984,72
1792,2023-03-17,Customer 1792,555-927-8464,customer1792@email.com,Honda,Civic,2024,Green,Truck,50685,3.5L V6,CVT,24003,Used,114,Los Angeles,False,0,0
1793,2023-08-31,Customer 1793,555-720-1771,customer1793@email.com,Jeep,Grand Cherokee,2022,White,Sedan,16217,3.5L V6,Manual,43122,New,105,San Antonio,True,6124,36
1794,2023-07-13,Customer 1794,555-230-2569,customer1794@email.com,Jeep,Wrangler,2019,Black,Coupe,23383,3.6L V6,CVT,45519,Used,119,Houston,False,0,0
1795,2023-07-01,Customer 1795,555-530-7151,customer1795@email.com,Chevrolet,Equinox,2023,Gray,SUV,36571,2.0L I4,Automatic,38318,Used,108,San Diego,False,0,0
1796,2023-10-27,Customer 1796,555-220-7224,customer1796@email.com,Nissan,Rogue,2022,Green,Truck,50110,3.5L V6,Manual,22523,New,102,Dallas,True,3453,60
1797,2023-05-07,Customer 1797,555-371-7990,customer1797@email.com,Chevrolet,Traverse,2022,Black,Coupe,14242,3.6L V6,Manual,53341,Used,103,Houston,False,0,0
1798,2023-12-28,Customer 1798,555-695-6248,customer1798@email.com,Mercedes,S-Class,2020,Silver,SUV,10540,5.0L V8,CVT,51033,New,105,Los Angeles,False,0,0
1799,2023-02-12,Customer 1799,555-780-7020,customer1799@email.com,Mercedes,E-Class,2023,Blue,SUV,34863,2.0L I4,CVT,19103,Used,112,San Diego,False,0,0
1800,2023-09-12,Customer 1800,555-161-4040,customer1800@email.com,Mercedes,E-Class,2023,Gray,Sedan,26003,3.5L V6,Automatic,49014,New,109,Houston,False,0,0
1801,2023-02-20,Customer 1801,555-122-1801,customer1801@email.com,Audi,A6,2020,Blue,SUV,19703,2.5L I4,CVT,23569,New,118,Dallas,True,4327,0
1802,2023-11-21,Customer 1802,555-533-5240,customer1802@email.com,Audi,Q5,2023,White,SUV,25067,2.5L I4,CVT,18977,Used,117,San Antonio,False,0,0
1803,2023-10-17,Customer 1803,555-254-8122,customer1803@email.com,Chevrolet,Equinox,2020,Black,Sedan,24639,3.5L V6,Manual,23027,New,111,Dallas,False,0,0
1804,2023-07-04,Customer 1804,555-105-3951,customer1804@email.com,Mercedes,E-Class,2018,Silver,Truck,28755,2.0L I4,CVT,59993,Used,117,Chicago,True,11605,72
1805,2023-04-03,Customer 1805,555-249-9194,customer1805@email.com,Toyota,Tacoma,2019,White,Truck,37939,2.0L I4,Automatic,30558,New,102,Dallas,False,0,0
1806,2023-02-02,Customer 1806,555-492-2331,customer1806@email.com,Ford,Mustang,2018,Gray,Sedan,18524,3.5L V6,CVT,32161,Used,119,Phoenix,True,2088,72
1807,2023-12-04,Customer 1807,555-273-1922,customer1807@email.com,BMW,3 Series,2018,White,Sedan,51769,2.5L I4,Manual,29242,New,118,Dallas,True,247,72
1808,2024-01-28,Customer 1808,555-163-7203,customer1808@email.com,Nissan,Altima,2022,Blue,Coupe,15230,3.5L V6,CVT,35677,Used,104,Los Angeles,False,0,0
1809,2023-02-05,Customer 1809,555-288-3254,customer1809@email.com,Honda,Accord,2023,Silver,Coupe,21615,2.5L I4,Automatic,34184,New,103,Los Angeles,True,4299,48
1810,2023-07-10,Customer 1810,555-346-9968,customer1810@email.com,Nissan,Altima,2018,Black,SUV,40006,3.5L V6,Automatic,29512,Used,107,San Antonio,False,0,0
1811,2023-03-02,Customer 1811,555-374-8638,customer1811@email.com,BMW,5 Series,2022,Blue,SUV,5092,2.0L I4,CVT,40510,New,113,Chicago,True,8057,60
1812,2023-12-26,Customer 1812,555-593-6954,customer1812@email.com,Audi,A6,2022,Silver,Truck,18324,5.0L V8,Automatic,26454,New,111,San Diego,False,0,0
1813,2023-06-22,Customer 1813,555-620-4510,customer1813@email.com,Toyota,RAV4,2022,Green,Coupe,30084,3.6L V6,CVT,52058,New,113,Phoenix,True,2256,36
1814,2023-02-09,Customer 1814,555-158-4505,customer1814@email.com,Toyota,Camry,2019,Silver,Coupe,53662,2.5L I4,Automatic,17347,New,110,Dallas,True,3026,60
1815,2023-11-26,Customer 1815,555-696-5087,customer1815@email.com,Toyota,Camry,2021,Gray,Coupe,13521,5.0L V8,CVT,38960,Used,105,Chicago,False,0,0
1816,2023-06-14,Customer 1816,555-709-3129,customer1816@email.com,Audi,A4,2022,Blue,Coupe,11509,2.0L I4,CVT,21370,Used,104,San Antonio,False,0,0
1817,2023-10-03,Customer 1817,555-618-2078,customer1817@email.com,Chevrolet,Silverado,2023,Gray,Truck,31287,3.6L V6,CVT,16281,Used,120,San Jose,False,0,0
1818,2023-03-02,Customer 1818,555-547-2909,customer1818@email.com,Audi,Q5,2018,Gray,SUV,26772,2.0L I4,Automatic,22600,New,115,San Jose,False,0,0
1819,2023-06-03,Customer 1819,555-975-1067,customer1819@email.com,Hyundai,Sonata,2024,Silver,Coupe,56408,2.5L I4,CVT,51338,Used,120,New York,True,9804,48
1820,2023-06-18,Customer 1820,555-574-3436,customer1820@email.com,Chevrolet,Equinox,2018,Red,SUV,34418,3.5L V6,Manual,21921,Used,105,Los Angeles,True,3043,36
1821,2023-08-03,Customer 1821,555-757-4204,customer1821@email.com,Jeep,Grand Cherokee,2020,Blue,SUV,37738,3.5L V6,Automatic,24434,Used,103,Phoenix,False,0,0
1822,2023-09-06,Customer 1822,555-379-6497,customer1822@email.com,Hyundai,Sonata,2018,Blue,SUV,15395,2.5L I4,CVT,23021,Used,105,Philadelphia,False,0,0
1823,2024-01-01,Customer 1823,555-668-3284,customer1823@email.com,Chevrolet,Traverse,2022,White,Sedan,6578,3.6L V6,CVT,31036,New,102,Phoenix,True,4458,60
1824,2023-09-12,Customer 1824,555-139-2324,customer1824@email.com,Ford,Escape,2020,Silver,Coupe,18069,2.5L I4,CVT,45721,New,105,Los Angeles,False,0,0
1825,2023-05-10,Customer 1825,555-227-1781,customer1825@email.com,Audi,A4,2023,Silver,Sedan,33349,3.5L V6,Automatic,43732,Used,120,San Jose,True,8103,48
1826,2023-07-29,Customer 1826,555-465-2119,customer1826@email.com,Ford,Mustang,2019,White,Sedan,13147,5.0L V8,Automatic,29075,New,112,New York,True,1235,72
1827,2023-05-02,Customer 1827,555-975-3819,customer1827@email.com,Toyota,Camry,2022,Blue,Coupe,41392,2.5L I4,Automatic,17335,New,118,Houston,True,935,0
1828,2023-02-15,Customer 1828,555-929-8136,customer1828@email.com,BMW,3 Series,2018,Blue,Sedan,57736,5.0L V8,Manual,38351,Used,108,San Diego,True,4089,72
1829,2023-05-10,Customer 1829,555-773-2820,customer1829@email.com,Audi,A4,2022,Red,Coupe,43849,2.0L I4,CVT,16108,Used,119,Phoenix,False,0,0
1830,2023-01-01,Customer 1830,555-861-6895,customer1830@email.com,Hyundai,Elantra,2023,Silver,Truck,25302,2.5L I4,CVT,21768,Used,103,Los Angeles,False,0,0
1831,2023-08-30,Customer 1831,555-351-7083,customer1831@email.com,Honda,CR-V,2024,White,SUV,19019,2.5L I4,Automatic,58626,Used,111,San Diego,False,0,0
1832,2023-08-10,Customer 1832,555-548-4321,customer1832@email.com,Toyota,RAV4,2021,Silver,Truck,43109,3.6L V6,Manual,58197,New,107,Philadelphia,False,0,0
1833,2023-02-19,Customer 1833,555-829-9211,customer1833@email.com,Ford,F-150,2018,Black,SUV,46339,2.5L I4,Automatic,20651,New,107,New York,True,721,72
1834,2023-07-04,Customer 1834,555-837-9742,customer1834@email.com,Honda,Civic,2020,Gray,Coupe,53496,2.5L I4,Manual,48982,New,119,Chicago,True,6779,0
1835,2023-05-01,Customer 1835,555-474-7534,customer1835@email.com,Jeep,Cherokee,2020,Silver,Sedan,42485,2.0L I4,Automatic,54778,Used,101,San Jose,True,1638,60
1836,2023-02-11,Customer 1836,555-680-5950,customer1836@email.com,Audi,Q5,2023,Red,Truck,41277,3.6L V6,Automatic,31780,New,113,Phoenix,True,5406,48
1837,2023-10-21,Customer 1837,555-315-4204,customer1837@email.com,Chevrolet,Traverse,2024,Black,Coupe,54094,3.6L V6,CVT,24966,New,102,Chicago,False,0,0
1838,2023-12-19,Customer 1838,555-933-5691,customer1838@email.com,Toyota,Camry,2020,Black,SUV,27259,2.0L I4,Automatic,21865,Used,102,Chicago,True,168,36
1839,2023-06-12,Customer 1839,555-681-9663,customer1839@email.com,Nissan,Altima,2022,Gray,Coupe,10157,3.5L V6,CVT,56879,New,105,Philadelphia,True,101,36
1840,2023-11-10,Customer 1840,555-937-1010,customer1840@email.com,Ford,F-150,2019,Blue,SUV,8010,3.6L V6,Automatic,33886,New,116,Los Angeles,True,7434,72
1841,2023-10-28,Customer 1841,555-886-4537,customer1841@email.com,Jeep,Cherokee,2019,Gray,Coupe,13529,3.5L V6,Manual,31354,Used,101,Chicago,True,5716,36
1842,2024-01-29,Customer 1842,555-778-5902,customer1842@email.com,Honda,CR-V,2024,Silver,Sedan,14444,3.6L V6,CVT,30783,New,113,Chicago,True,3245,48
1843,2023-07-22,Customer 1843,555-729-9773,customer1843@email.com,Jeep,Grand Cherokee,2023,Black,Sedan,24522,2.0L I4,CVT,56945,Used,106,Phoenix,True,13551,60
1844,2023-09-05,Customer 1844,555-289-2149,customer1844@email.com,BMW,X5,2020,Gray,Coupe,48428,3.6L V6,Manual,18867,New,112,Los Angeles,True,856,36
1845,2023-08-06,Customer 1845,555-232-8192,customer1845@email.com,Mercedes,S-Class,2018,Blue,SUV,25247,3.6L V6,Manual,43099,Used,101,San Jose,True,5287,48
1846,2024-01-04,Customer 1846,555-501-1960,customer1846@email.com,Honda,CR-V,2018,Blue,Truck,16548,2.5L I4,CVT,28771,New,101,Chicago,True,1459,48
1847,2023-08-20,Customer 1847,555-485-7230,customer1847@email.com,Toyota,Tacoma,2022,Red,SUV,35718,3.6L V6,Manual,58480,Used,114,Houston,False,0,0
1848,2023-05-15,Customer 1848,555-108-5698,customer1848@email.com,Mercedes,E-Class,2018,Gray,SUV,35320,3.5L V6,Automatic,48323,New,105,San Diego,True,10257,36
1849,2023-12-15,Customer 1849,555-789-7836,customer1849@email.com,Hyundai,Sonata,2022,Silver,Truck,47952,3.5L V6,Manual,45085,Used,116,San Diego,True,6137,60
1850,2023-10-28,Customer 1850,555-737-6303,customer1850@email.com,Chevrolet,Equinox,2023,Red,SUV,28079,3.5L V6,Manual,49845,Used,101,San Jose,False,0,0
1851,2024-01-06,Customer 1851,555-805-8557,customer1851@email.com,Honda,Accord,2022,White,Coupe,48244,2.0L I4,Manual,19204,Used,108,Houston,False,0,0
1852,2023-03-25,Customer 1852,555-473-4247,customer1852@email.com,BMW,X5,2020,Black,SUV,19532,5.0L V8,Manual,43933,New,115,Chicago,False,0,0
1853,2023-02-25,Customer 1853,555-987-5277,customer1853@email.com,Hyundai,Tucson,2020,White,Coupe,29385,2.0L I4,CVT,20718,Used,117,New York,True,5002,60
1854,2023-12-21,Customer 1854,555-219-4951,customer1854@email.com,BMW,5 Series,2024,Gray,Truck,19861,2.0L I4,CVT,57831,New,104,San Jose,False,0,0
1855,2023-07-21,Customer 1855,555-742-1695,customer1855@email.com,Hyundai,Sonata,2024,White,Coupe,36859,2.0L I4,Automatic,59737,Used,102,Dallas,True,4425,72
1856,2023-01-03,Customer 1856,555-183-2477,customer1856@email.com,Honda,Civic,2024,Black,Sedan,23127,3.5L V6,CVT,21647,Used,109,Dallas,True,1960,0
1857,2023-01-26,Customer 1857,555-715-6103,customer1857@email.com,Chevrolet,Equinox,2018,Gray,Coupe,20735,5.0L V8,Manual,30804,Used,107,Chicago,True,732,36
1858,2023-10-24,Customer 1858,555-312-2386,customer1858@email.com,Jeep,Grand Cherokee,2023,Red,Truck,9862,5.0L V8,Automatic,21557,Used,120,Los Angeles,False,0,0
1859,2023-05-05,Customer 1859,555-178-9822,customer1859@email.com,Audi,A4,2023,White,Truck,34244,3.6L V6,CVT,47209,New,117,San Jose,False,0,0
1860,2023-03-23,Customer 1860,555-818-6049,customer1860@email.com,Chevrolet,Silverado,2023,Gray,Sedan,42699,5.0L V8,Automatic,29917,New,117,New York,False,0,0
1861,2023-03-03,Customer 1861,555-179-6473,customer1861@email.com,Audi,A4,2023,Blue,Sedan,27588,2.5L I4,Automatic,41089,New,116,San Diego,True,2820,72
1862,2023-04-05,Customer 1862,555-289-1767,customer1862@email.com,Nissan,Rogue,2024,Green,Coupe,42950,5.0L V8,Automatic,46346,Used,118,San Jose,False,0,0
1863,2023-06-14,Customer 1863,555-952-6732,customer1863@email.com,Mercedes,E-Class,2024,Gray,Sedan,4660,5.0L V8,Manual,37293,Used,114,New York,True,6998,0
1864,2023-06-03,Customer 1864,555-889-1652,customer1864@email.com,Toyota,Camry,2021,Green,SUV,20488,2.5L I4,Manual,30172,New,102,San Antonio,True,1640,36
1865,2023-12-29,Customer 1865,555-119-3310,customer1865@email.com,Jeep,Wrangler,2018,White,Truck,51707,2.0L I4,CVT,34496,Used,113,New York,False,0,0
1866,2023-05-02,Customer 1866,555-891-5019,customer1866@email.com,Hyundai,Elantra,2022,Red,Coupe,17205,5.0L V8,CVT,24793,Used,105,Chicago,True,5343,0
1867,2023-11-13,Customer 1867,555-485-5266,customer1867@email.com,Nissan,Altima,2018,Blue,Coupe,7929,2.0L I4,Manual,38691,New,106,San Diego,False,0,0
1868,2023-05-21,Customer 1868,555-105-7121,customer1868@email.com,Hyundai,Tucson,2022,White,Coupe,30856,3.6L V6,Manual,42482,New,120,Philadelphia,True,8181,48
1869,2023-06-03,Customer 1869,555-978-8158,customer1869@email.com,Jeep,Wrangler,2023,Green,Sedan,50230,3.6L V6,Manual,28717,Used,119,Chicago,True,5280,60
1870,2023-02-20,Customer 1870,555-311-2547,customer1870@email.com,BMW,X5,2023,White,Sedan,45067,2.0L I4,CVT,46788,Used,108,New York,True,1735,72
1871,2023-11-26,Customer 1871,555-528-7133,customer1871@email.com,Toyota,Tacoma,2021,White,SUV,31476,3.6L V6,Automatic,25890,New,113,Philadelphia,False,0,0
1872,2024-01-25,Customer 1872,555-821-9528,customer1872@email.com,Audi,Q5,2023,Gray,Sedan,55130,3.6L V6,Manual,44726,New,105,Houston,False,0,0
1873,2023-03-23,Customer 1873,555-484-8155,customer1873@email.com,Chevrolet,Equinox,2023,White,Truck,51314,3.5L V6,Automatic,53449,Used,107,Phoenix,True,12583,36
1874,2023-04-19,Customer 1874,555-632-4262,customer1874@email.com,Toyota,RAV4,2019,Blue,Truck,41226,2.0L I4,Automatic,42810,Used,115,San Diego,True,2230,48
1875,2023-01-30,Customer 1875,555-579-2157,customer1875@email.com,Hyundai,Sonata,2020,Silver,Sedan,49692,3.6L V6,CVT,49398,New,113,Chicago,True,347,36
1876,2023-06-25,Customer 1876,555-665-5608,customer1876@email.com,BMW,3 Series,2021,Silver,Sedan,29255,2.5L I4,Manual,18381,New,105,San Antonio,False,0,0
1877,2023-07-30,Customer 1877,555-301-8352,customer1877@email.com,Toyota,RAV4,2023,Green,SUV,22375,2.5L I4,CVT,19674,Used,108,New York,True,3754,60
1878,2023-02-16,Customer 1878,555-598-3992,customer1878@email.com,Mercedes,E-Class,2024,White,Coupe,43396,2.5L I4,Manual,50330,New,118,San Antonio,True,4746,36
1879,2023-07-17,Customer 1879,555-435-4968,customer1879@email.com,Jeep,Grand Cherokee,2022,White,SUV,47449,2.5L I4,CVT,30910,Used,103,New York,False,0,0
1880,2023-12-08,Customer 1880,555-790-6796,customer1880@email.com,Audi,A4,2018,Silver,SUV,13169,3.6L V6,CVT,47895,Used,111,San Diego,True,6704,48
1881,2023-10-04,Customer 1881,555-359-3796,customer1881@email.com,Mercedes,C-Class,2023,Silver,Coupe,33478,2.5L I4,Manual,31211,Used,110,Dallas,True,521,48
1882,2023-05-24,Customer 1882,555-805-8932,customer1882@email.com,Chevrolet,Traverse,2024,Gray,SUV,1665,2.5L I4,Manual,45013,New,103,San Jose,False,0,0
1883,2023-04-28,Customer 1883,555-137-1834,customer1883@email.com,Hyundai,Sonata,2022,Gray,Truck,56227,2.5L I4,CVT,27262,New,119,Los Angeles,False,0,0
1884,2023-10-28,Customer 1884,555-661-5051,customer1884@email.com,Honda,Accord,2024,Red,Sedan,26300,3.6L V6,Automatic,27407,Used,114,New York,True,427,60
1885,2023-03-23,Customer 1885,555-277-6752,customer1885@email.com,Honda,Civic,2024,Black,Sedan,43429,5.0L V8,Automatic,17354,Used,106,San Jose,True,3528,36
1886,2023-10-05,Customer 1886,555-124-1795,customer1886@email.com,Toyota,RAV4,2023,Red,Truck,49871,3.5L V6,CVT,27135,Used,101,San Diego,True,491,72
1887,2023-11-15,Customer 1887,555-718-2439,customer1887@email.com,Nissan,Titan,2023,Red,SUV,11005,2.5L I4,Automatic,39686,New,114,San Antonio,False,0,0
1888,2023-09-03,Customer 1888,555-313-1644,customer1888@email.com,Hyundai,Sonata,2019,Gray,Truck,43576,3.5L V6,Manual,57309,Used,104,Philadelphia,True,10603,36
1889,2023-06-11,Customer 1889,555-327-7630,customer1889@email.com,Nissan,Titan,2023,Gray,SUV,36507,3.6L V6,CVT,27014,New,119,San Jose,False,0,0
1890,2024-01-01,Customer 1890,555-249-1626,customer1890@email.com,Honda,Accord,2019,White,SUV,59466,2.5L I4,CVT,52086,New,112,San Antonio,True,10541,48
1891,2023-07-09,Customer 1891,555-875-7001,customer1891@email.com,Mercedes,C-Class,2020,Green,Truck,49470,5.0L V8,Automatic,49209,New,113,San Jose,True,278,48
1892,2023-03-02,Customer 1892,555-902-7198,customer1892@email.com,Toyota,RAV4,2024,Red,Sedan,18713,3.6L V6,Automatic,23050,Used,105,San Antonio,True,5497,48
1893,2023-09-19,Customer 1893,555-217-2380,customer1893@email.com,Toyota,Camry,2019,Blue,Sedan,33003,3.5L V6,CVT,43902,New,114,New York,True,8613,36
1894,2023-09-30,Customer 1894,555-937-3823,customer1894@email.com,Honda,Civic,2022,Red,Coupe,43808,3.5L V6,Automatic,27787,Used,106,New York,True,3212,0
1895,2023-04-20,Customer 1895,555-761-1343,customer1895@email.com,Hyundai,Sonata,2021,Black,Truck,51778,5.0L V8,Automatic,43969,New,119,Chicago,True,6974,60
1896,2023-10-17,Customer 1896,555-604-5213,customer1896@email.com,Ford,Mustang,2022,Green,Coupe,39065,3.5L V6,Automatic,22160,Used,103,Philadelphia,False,0,0
1897,2023-03-14,Customer 1897,555-805-2629,customer1897@email.com,Mercedes,S-Class,2019,Green,SUV,52632,5.0L V8,Automatic,22950,New,113,New York,True,3236,36
1898,2023-07-19,Customer 1898,555-778-2604,customer1898@email.com,Nissan,Titan,2020,White,Coupe,23651,2.0L I4,Manual,24121,Used,104,San Antonio,False,0,0
1899,2023-11-17,Customer 1899,555-263-2405,customer1899@email.com,Hyundai,Tucson,2021,Blue,Truck,22133,2.0L I4,Manual,17194,New,108,Los Angeles,True,3147,48
1900,2023-07-04,Customer 1900,555-254-9362,customer1900@email.com,Hyundai,Elantra,2022,Silver,Truck,9039,5.0L V8,Automatic,38817,New,120,San Antonio,True,9441,72
1901,2023-07-22,Customer 1901,555-570-4239,customer1901@email.com,Chevrolet,Silverado,2022,Red,Sedan,10369,2.0L I4,Automatic,57555,Used,104,New York,True,5391,48
1902,2023-07-03,Customer 1902,555-291-9180,customer1902@email.com,Honda,Civic,2021,Red,SUV,18725,5.0L V8,Automatic,56480,Used,111,San Antonio,False,0,0
1903,2024-01-05,Customer 1903,555-877-7538,customer1903@email.com,BMW,X5,2023,Green,Truck,29045,3.5L V6,CVT,17044,New,118,Philadelphia,True,2636,0
1904,2023-08-01,Customer 1904,555-891-1979,customer1904@email.com,Ford,Mustang,2020,Black,Truck,54154,3.6L V6,CVT,30493,Used,113,San Diego,True,6910,48
1905,2023-04-18,Customer 1905,555-809-7323,customer1905@email.com,Toyota,Camry,2023,Gray,Truck,20798,3.5L V6,Automatic,19609,New,108,San Jose,False,0,0
1906,2023-08-17,Customer 1906,555-750-3625,customer1906@email.com,Mercedes,S-Class,2018,Black,Sedan,51499,3.6L V6,Automatic,52866,Used,110,Los Angeles,True,532,60
1907,2023-02-21,Customer 1907,555-272-3231,customer1907@email.com,BMW,5 Series,2019,White,Sedan,36080,2.0L I4,Automatic,23796,New,101,San Jose,False,0,0
1908,2023-05-08,Customer 1908,555-924-8697,customer1908@email.com,Nissan,Rogue,2024,Gray,SUV,28291,2.5L I4,Automatic,22947,New,119,New York,True,5330,60
1909,2023-07-18,Customer 1909,555-930-8144,customer1909@email.com,Hyundai,Sonata,2020,Green,Sedan,11602,2.5L I4,CVT,29277,New,110,New York,True,1280,72
1910,2023-09-30,Customer 1910,555-643-8655,customer1910@email.com,Jeep,Grand Cherokee,2019,Silver,SUV,14138,3.6L V6,Manual,50482,New,120,Dallas,False,0,0
1911,2023-10-22,Customer 1911,555-987-8788,customer1911@email.com,Mercedes,C-Class,2020,Black,Sedan,13033,3.5L V6,Automatic,40366,Used,119,Chicago,True,7477,36
1912,2023-06-14,Customer 1912,555-385-3552,customer1912@email.com,Audi,A6,2022,White,SUV,44376,2.5L I4,Automatic,48178,New,104,San Diego,False,0,0
1913,2023-07-19,Customer 1913,555-706-5580,customer1913@email.com,Jeep,Grand Cherokee,2022,Black,SUV,31235,3.6L V6,Manual,25564,New,112,Dallas,True,5629,60
1914,2023-04-23,Customer 1914,555-342-1706,customer1914@email.com,Hyundai,Tucson,2020,Silver,SUV,22607,5.0L V8,Automatic,50928,Used,118,Los Angeles,True,8742,60
1915,2023-12-11,Customer 1915,555-249-9523,customer1915@email.com,Ford,F-150,2020,Green,Coupe,26873,3.6L V6,Automatic,49234,New,107,New York,True,196,0
1916,2023-07-11,Customer 1916,555-715-8878,customer1916@email.com,Nissan,Altima,2024,Black,Coupe,25298,5.0L V8,CVT,15978,New,107,Los Angeles,True,2179,48
1917,2023-12-20,Customer 1917,555-632-4147,customer1917@email.com,Jeep,Cherokee,2020,Black,SUV,44346,5.0L V8,Automatic,24371,Used,116,San Diego,True,5438,36
1918,2023-12-31,Customer 1918,555-190-4230,customer1918@email.com,Chevrolet,Traverse,2022,Silver,Truck,34552,2.0L I4,Automatic,32512,Used,103,Philadelphia,False,0,0
1919,2023-07-30,Customer 1919,555-383-8061,customer1919@email.com,BMW,X5,2019,Silver,SUV,18672,3.5L V6,Automatic,42717,Used,120,San Antonio,True,2149,36
1920,2023-01-09,Customer 1920,555-367-5578,customer1920@email.com,BMW,X5,2024,Silver,Coupe,21155,5.0L V8,CVT,23504,Used,116,Phoenix,True,3371,60
1921,2023-05-06,Customer 1921,555-148-8875,customer1921@email.com,Hyundai,Elantra,2018,Black,Truck,59322,3.6L V6,CVT,42842,New,109,Dallas,True,7891,36
1922,2023-03-07,Customer 1922,555-540-7175,customer1922@email.com,Ford,Escape,2022,Blue,Coupe,14934,2.0L I4,Automatic,59235,Used,108,New York,False,0,0
1923,2023-02-15,Customer 1923,555-836-2666,customer1923@email.com,Jeep,Cherokee,2023,Blue,Truck,51102,2.5L I4,CVT,31330,New,120,San Jose,True,6895,48
1924,2023-11-22,Customer 1924,555-370-1298,customer1924@email.com,Mercedes,S-Class,2022,Silver,Truck,54506,3.5L V6,Manual,22192,Used,105,Houston,False,0,0
1925,2024-01-05,Customer 1925,555-136-8989,customer1925@email.com,BMW,X5,2021,Blue,Coupe,19919,2.0L I4,Manual,25785,New,117,Dallas,False,0,0
1926,2023-09-02,Customer 1926,555-332-7341,customer1926@email.com,Chevrolet,Silverado,2021,Silver,SUV,48913,2.5L I4,CVT,44830,New,104,Phoenix,False,0,0
1927,2023-12-15,Customer 1927,555-461-4440,customer1927@email.com,Honda,Civic,2019,Red,Sedan,5192,3.5L V6,Automatic,17720,New,113,Los Angeles,False,0,0
1928,2023-11-29,Customer 1928,555-607-5500,customer1928@email.com,Jeep,Cherokee,2020,Blue,Truck,22614,3.5L V6,Manual,30712,New,110,New York,True,2688,60
1929,2023-09-01,Customer 1929,555-416-5228,customer1929@email.com,Mercedes,C-Class,2018,White,Coupe,39608,2.5L I4,CVT,39945,New,103,San Diego,False,0,0
1930,2023-09-26,Customer 1930,555-826-7266,customer1930@email.com,Chevrolet,Traverse,2022,White,Coupe,27338,5.0L V8,CVT,43554,Used,112,Los Angeles,False,0,0
1931,2024-01-07,Customer 1931,555-693-7505,customer1931@email.com,BMW,3 Series,2020,White,SUV,45778,3.5L V6,Manual,53671,New,102,New York,False,0,0
1932,2023-12-22,Customer 1932,555-911-7367,customer1932@email.com,Chevrolet,Traverse,2023,Blue,Truck,21551,2.0L I4,Automatic,33659,New,107,San Jose,True,6969,36
1933,2024-01-28,Customer 1933,555-678-2437,customer1933@email.com,Jeep,Wrangler,2021,Silver,Truck,58138,3.6L V6,Manual,34106,Used,119,Chicago,False,0,0
1934,2023-07-12,Customer 1934,555-379-8208,customer1934@email.com,Mercedes,S-Class,2020,Black,SUV,23528,2.0L I4,CVT,44762,New,116,Houston,False,0,0
1935,2023-10-06,Customer 1935,555-459-5070,customer1935@email.com,Audi,A6,2018,Red,Coupe,57844,3.6L V6,CVT,54866,New,112,Los Angeles,True,7859,48
1936,2023-03-04,Customer 1936,555-644-3809,customer1936@email.com,Ford,F-150,2020,Blue,SUV,16100,3.5L V6,CVT,34984,Used,113,Houston,True,910,36
1937,2023-01-30,Customer 1937,555-637-8851,customer1937@email.com,Mercedes,E-Class,2024,Blue,Truck,53017,2.0L I4,CVT,43074,New,115,Los Angeles,False,0,0
1938,2023-10-09,Customer 1938,555-825-4969,customer1938@email.com,BMW,X5,2018,Black,SUV,18905,3.5L V6,CVT,19748,Used,110,San Diego,True,4679,0
1939,2023-11-24,Customer 1939,555-871-9159,customer1939@email.com,Chevrolet,Traverse,2020,Gray,Coupe,24265,3.5L V6,CVT,17823,Used,114,Los Angeles,False,0,0
1940,2023-05-29,Customer 1940,555-669-3039,customer1940@email.com,Hyundai,Sonata,2022,Blue,Sedan,6469,5.0L V8,CVT,42130,Used,110,San Diego,False,0,0
1941,2023-06-26,Customer 1941,555-546-4199,customer1941@email.com,BMW,5 Series,2020,Silver,SUV,8052,5.0L V8,Manual,15803,Used,108,Chicago,False,0,0
1942,2023-12-23,Customer 1942,555-830-2079,customer1942@email.com,Jeep,Wrangler,2019,White,Sedan,50737,3.6L V6,Manual,40330,Used,103,Philadelphia,False,0,0
1943,2023-06-23,Customer 1943,555-602-3064,customer1943@email.com,BMW,5 Series,2020,Black,SUV,33309,5.0L V8,Manual,19764,Used,115,Chicago,True,4816,0
1944,2023-01-23,Customer 1944,555-815-3138,customer1944@email.com,Nissan,Rogue,2024,Red,Coupe,24504,5.0L V8,Manual,27409,New,116,Dallas,True,316,48
1945,2023-10-23,Customer 1945,555-328-3250,customer1945@email.com,Nissan,Titan,2019,Red,Sedan,55985,2.0L I4,Manual,45492,New,112,San Antonio,True,2916,0
1946,2023-12-05,Customer 1946,555-888-3421,customer1946@email.com,Jeep,Cherokee,2021,Blue,Truck,9287,2.5L I4,CVT,51889,New,112,Chicago,True,6213,72
1947,2023-04-13,Customer 1947,555-280-9990,customer1947@email.com,Jeep,Cherokee,2020,Green,Coupe,23061,5.0L V8,Automatic,20171,Used,118,Phoenix,True,1751,36
1948,2023-10-17,Customer 1948,555-514-2053,customer1948@email.com,Hyundai,Sonata,2021,Black,Truck,18698,3.6L V6,Automatic,45825,Used,115,New York,False,0,0
1949,2023-01-02,Customer 1949,555-932-3266,customer1949@email.com,Honda,CR-V,2022,Green,SUV,55442,3.6L V6,CVT,15145,New,112,Houston,True,1540,60
1950,2023-09-30,Customer 1950,555-259-8004,customer1950@email.com,BMW,3 Series,2021,Silver,Coupe,11123,2.5L I4,Manual,34746,Used,109,Phoenix,True,4417,48
1951,2023-06-10,Customer 1951,555-641-4586,customer1951@email.com,Honda,CR-V,2022,Gray,Coupe,6508,3.6L V6,Automatic,37737,Used,112,Philadelphia,False,0,0
1952,2023-12-27,Customer 1952,555-994-9540,customer1952@email.com,Chevrolet,Equinox,2023,Red,SUV,7349,2.5L I4,CVT,26825,New,108,New York,False,0,0
1953,2023-02-11,Customer 1953,555-948-7484,customer1953@email.com,Jeep,Cherokee,2023,Silver,SUV,47246,3.6L V6,Automatic,46156,Used,103,Los Angeles,False,0,0
1954,2023-02-28,Customer 1954,555-630-5484,customer1954@email.com,Mercedes,C-Class,2021,Red,Truck,16031,2.0L I4,Automatic,23455,New,114,Dallas,True,4310,0
1955,2023-12-27,Customer 1955,555-455-2851,customer1955@email.com,Nissan,Altima,2023,Black,Coupe,23772,3.5L V6,Automatic,33628,New,102,Los Angeles,False,0,0
1956,2023-02-21,Customer 1956,555-204-1702,customer1956@email.com,Chevrolet,Silverado,2019,Gray,Coupe,38130,3.6L V6,Automatic,57676,New,109,New York,False,0,0
1957,2023-11-29,Customer 1957,555-268-6313,customer1957@email.com,Toyota,Tacoma,2022,White,Coupe,37230,5.0L V8,Manual,20760,New,115,Houston,True,5047,60
1958,2023-11-07,Customer 1958,555-228-4898,customer1958@email.com,Honda,Civic,2024,White,SUV,40271,3.6L V6,CVT,37783,New,110,Phoenix,True,4908,48
1959,2023-07-25,Customer 1959,555-464-4196,customer1959@email.com,Chevrolet,Equinox,2018,Red,Truck,40741,3.6L V6,Automatic,41273,Used,118,Los Angeles,True,2630,48
1960,2023-10-06,Customer 1960,555-951-5755,customer1960@email.com,Audi,A6,2022,Blue,Truck,33384,3.5L V6,Manual,20107,Used,120,Phoenix,False,0,0
1961,2023-02-17,Customer 1961,555-226-3684,customer1961@email.com,Chevrolet,Equinox,2019,Silver,Truck,55062,2.5L I4,Automatic,24127,Used,115,San Diego,False,0,0
1962,2023-04-12,Customer 1962,555-100-4695,customer1962@email.com,Nissan,Titan,2022,Blue,Truck,39692,2.5L I4,CVT,42660,Used,109,Dallas,True,5653,36
1963,2023-06-30,Customer 1963,555-827-3142,customer1963@email.com,Toyota,Camry,2019,White,SUV,13282,3.5L V6,CVT,57940,Used,106,Los Angeles,True,9748,36
1964,2023-06-08,Customer 1964,555-593-3362,customer1964@email.com,Nissan,Rogue,2020,Red,Truck,12830,2.5L I4,Manual,40749,New,104,Chicago,False,0,0
1965,2023-07-24,Customer 1965,555-558-6175,customer1965@email.com,Mercedes,C-Class,2021,Gray,Coupe,41608,5.0L V8,CVT,51940,Used,102,New York,True,7275,60
1966,2023-04-12,Customer 1966,555-630-2617,customer1966@email.com,BMW,3 Series,2022,Red,Truck,59001,2.5L I4,Automatic,23375,New,115,New York,True,2143,60
1967,2024-01-15,Customer 1967,555-268-8336,customer1967@email.com,Toyota,RAV4,2019,Gray,SUV,46925,2.0L I4,Manual,48399,New,112,San Jose,True,9673,48
1968,2023-09-23,Customer 1968,555-150-7878,customer1968@email.com,Hyundai,Sonata,2021,Red,Truck,46732,3.6L V6,CVT,53146,New,108,San Diego,False,0,0
1969,2023-06-10,Customer 1969,555-132-1055,customer1969@email.com,Honda,CR-V,2019,White,SUV,45817,3.6L V6,Manual,27493,Used,111,Philadelphia,False,0,0
1970,2024-01-24,Customer 1970,555-973-4782,customer1970@email.com,BMW,5 Series,2024,Red,Coupe,32776,5.0L V8,Automatic,22219,New,115,Chicago,True,1667,36
1971,2023-01-11,Customer 1971,555-365-7171,customer1971@email.com,Audi,A6,2022,Blue,Sedan,57024,3.6L V6,Manual,51977,Used,113,San Antonio,True,7538,48
1972,2023-12-09,Customer 1972,555-325-5232,customer1972@email.com,Nissan,Altima,2019,Green,Coupe,30250,3.5L V6,CVT,24282,Used,112,Houston,False,0,0
1973,2023-07-11,Customer 1973,555-465-6358,customer1973@email.com,Audi,Q5,2023,Black,Truck,52546,3.5L V6,CVT,21880,Used,104,Los Angeles,True,1893,0
1974,2023-08-04,Customer 1974,555-896-8360,customer1974@email.com,Nissan,Rogue,2019,Red,Coupe,32115,2.0L I4,CVT,40940,New,105,Philadelphia,False,0,0
1975,2023-08-29,Customer 1975,555-887-6439,customer1975@email.com,Hyundai,Tucson,2023,Green,Sedan,47540,3.5L V6,Manual,20571,New,101,Chicago,True,4811,60
1976,2023-12-12,Customer 1976,555-571-3051,customer1976@email.com,Toyota,RAV4,2024,Silver,Coupe,59527,3.5L V6,CVT,22863,New,114,San Antonio,True,5652,60
1977,2023-01-11,Customer 1977,555-707-2163,customer1977@email.com,Toyota,Camry,2021,Silver,Sedan,5123,2.5L I4,Automatic,27593,Used,115,Phoenix,False,0,0
1978,2023-10-20,Customer 1978,555-185-9423,customer1978@email.com,Honda,Accord,2023,Blue,Coupe,40673,3.6L V6,Manual,27490,Used,108,Chicago,True,5568,48
1979,2023-01-20,Customer 1979,555-198-2643,customer1979@email.com,BMW,X5,2018,Silver,Truck,29519,3.5L V6,CVT,16283,Used,113,Phoenix,True,358,72
1980,2023-01-20,Customer 1980,555-721-6136,customer1980@email.com,Honda,Civic,2022,Gray,Sedan,55387,2.5L I4,CVT,45958,New,109,Houston,False,0,0
1981,2024-01-21,Customer 1981,555-160-7947,customer1981@email.com,Hyundai,Elantra,2023,Gray,Coupe,10117,2.5L I4,Automatic,28452,New,118,Philadelphia,True,2728,72
1982,2023-07-28,Customer 1982,555-945-3837,customer1982@email.com,Nissan,Altima,2019,Gray,Coupe,33082,3.5L V6,Manual,23541,Used,116,Dallas,False,0,0
1983,2023-08-23,Customer 1983,555-491-7583,customer1983@email.com,Jeep,Wrangler,2018,Black,Coupe,30024,5.0L V8,Automatic,15420,Used,120,San Jose,False,0,0
1984,2023-10-03,Customer 1984,555-517-6595,customer1984@email.com,Ford,F-150,2019,Green,Truck,35459,3.5L V6,CVT,26757,Used,107,San Jose,True,2404,48
1985,2023-07-11,Customer 1985,555-155-6807,customer1985@email.com,Ford,Escape,2019,Gray,SUV,52966,3.5L V6,Automatic,27585,Used,105,Los Angeles,True,2933,36
1986,2023-04-19,Customer 1986,555-192-6135,customer1986@email.com,BMW,3 Series,2021,Gray,Truck,59448,2.0L I4,CVT,45559,New,118,Philadelphia,True,4644,60
1987,2023-10-16,Customer 1987,555-241-6362,customer1987@email.com,Hyundai,Tucson,2023,White,Truck,59917,3.6L V6,Manual,40880,Used,105,San Diego,True,1524,0
1988,2023-05-20,Customer 1988,555-795-1179,customer1988@email.com,Audi,A6,2024,Red,SUV,2818,3.6L V6,Manual,21141,Used,120,Phoenix,False,0,0
1989,2023-08-04,Customer 1989,555-790-4224,customer1989@email.com,Mercedes,E-Class,2020,Blue,Coupe,55765,2.5L I4,CVT,53621,Used,114,Chicago,True,7478,72
1990,2023-10-04,Customer 1990,555-803-2077,customer1990@email.com,Mercedes,S-Class,2021,Gray,Sedan,12453,2.5L I4,CVT,20724,Used,116,San Diego,True,2180,60
1991,2023-04-17,Customer 1991,555-403-3409,customer1991@email.com,BMW,3 Series,2020,Blue,Coupe,31433,3.6L V6,CVT,57148,New,116,Phoenix,True,7280,0
1992,2023-05-31,Customer 1992,555-786-4211,customer1992@email.com,Hyundai,Sonata,2022,Green,Truck,32393,2.0L I4,Manual,15127,Used,106,San Antonio,False,0,0
1993,2023-01-09,Customer 1993,555-952-7067,customer1993@email.com,Honda,Civic,2019,Green,SUV,31277,3.6L V6,CVT,55257,New,117,Los Angeles,False,0,0
1994,2023-02-25,Customer 1994,555-132-4334,customer1994@email.com,BMW,3 Series,2018,Silver,Sedan,24230,3.6L V6,Manual,34050,Used,104,New York,False,0,0
1995,2023-12-10,Customer 1995,555-219-4114,customer1995@email.com,Mercedes,C-Class,2020,Green,SUV,34958,2.5L I4,Automatic,18805,New,110,New York,True,2799,36
1996,2024-01-10,Customer 1996,555-672-5310,customer1996@email.com,Chevrolet,Traverse,2018,Blue,Truck,47524,3.6L V6,Automatic,40245,Used,113,San Antonio,False,0,0
1997,2023-11-04,Customer 1997,555-640-6793,customer1997@email.com,Mercedes,C-Class,2022,Gray,SUV,11654,2.5L I4,Manual,21784,Used,107,Phoenix,False,0,0
1998,2024-01-15,Customer 1998,555-813-4364,customer1998@email.com,Hyundai,Sonata,2020,Gray,Coupe,35553,5.0L V8,Manual,55278,New,102,New York,True,1764,36
1999,2024-01-18,Customer 1999,555-653-2932,customer1999@email.com,Ford,Escape,2024,Green,Truck,281,2.5L I4,CVT,26529,Used,105,Phoenix,True,4343,72
2000,2023-07-02,Customer 2000,555-696-7891,customer2000@email.com,Toyota,Camry,2021,White,Sedan,18976,2.0L I4,Manual,48465,New,111,San Diego,True,1753,36
2001,2023-08-09,Customer 2001,555-678-5922,customer2001@email.com,Honda,Civic,2020,Blue,Coupe,13095,2.5L I4,CVT,47562,Used,104,San Jose,False,0,0
2002,2023-05-13,Customer 2002,555-297-5605,customer2002@email.com,Jeep,Cherokee,2020,Red,Coupe,36944,5.0L V8,CVT,54712,New,105,New York,False,0,0
2003,2023-10-16,Customer 2003,555-764-8130,customer2003@email.com,Audi,Q5,2021,Red,Coupe,22304,3.6L V6,CVT,44469,New,118,Chicago,True,5340,0
2004,2023-11-08,Customer 2004,555-734-6747,customer2004@email.com,Toyota,Tacoma,2023,Blue,Sedan,45599,2.0L I4,Manual,47958,New,114,San Diego,False,0,0
2005,2023-06-13,Customer 2005,555-841-7720,customer2005@email.com,Ford,Escape,2024,White,Sedan,22864,5.0L V8,Manual,56979,Used,106,Houston,True,9136,72
2006,2023-12-13,Customer 2006,555-110-9091,customer2006@email.com,Chevrolet,Traverse,2018,Gray,Coupe,53592,2.5L I4,Automatic,33494,New,104,Los Angeles,True,1657,60
2007,2023-11-23,Customer 2007,555-901-6030,customer2007@email.com,Nissan,Rogue,2019,Blue,Sedan,49416,5.0L V8,Automatic,37458,Used,115,San Diego,True,5635,60
2008,2023-11-21,Customer 2008,555-244-6360,customer2008@email.com,BMW,X5,2024,White,Truck,16541,2.5L I4,Manual,42897,Used,109,Chicago,False,0,0
2009,2023-08-23,Customer 2009,555-775-5246,customer2009@email.com,Ford,Escape,2022,Silver,Truck,58896,5.0L V8,Automatic,34487,Used,114,Phoenix,False,0,0
2010,2023-05-27,Customer 2010,555-858-8731,customer2010@email.com,Ford,Mustang,2020,Black,Sedan,28129,3.5L V6,CVT,37264,Used,111,Dallas,False,0,0
2011,2023-02-15,Customer 2011,555-748-2366,customer2011@email.com,Audi,A6,2024,Silver,Truck,42749,3.5L V6,CVT,37162,New,102,New York,True,120,48
2012,2023-10-26,Customer 2012,555-879-2171,customer2012@email.com,Toyota,Tacoma,2022,Silver,SUV,40887,2.5L I4,Automatic,49405,New,112,Phoenix,True,4946,60
2013,2023-11-17,Customer 2013,555-996-9697,customer2013@email.com,Honda,Accord,2022,Red,Truck,31947,2.0L I4,CVT,41856,Used,117,San Diego,False,0,0
2014,2023-08-26,Customer 2014,555-727-2991,customer2014@email.com,Hyundai,Tucson,2018,Blue,Sedan,19128,2.0L I4,Manual,37204,Used,109,Los Angeles,True,6933,0
2015,2023-01-13,Customer 2015,555-176-2317,customer2015@email.com,Audi,A6,2018,Red,SUV,43431,2.5L I4,Automatic,36813,Used,116,Chicago,True,5574,36
2016,2023-11-04,Customer 2016,555-464-2630,customer2016@email.com,Chevrolet,Equinox,2022,Silver,Coupe,43954,5.0L V8,Automatic,57066,Used,110,Chicago,False,0,0
2017,2023-10-08,Customer 2017,555-559-6805,customer2017@email.com,Toyota,Tacoma,2022,Blue,Truck,6327,2.0L I4,Automatic,37469,New,114,San Jose,True,3651,36
2018,2023-03-15,Customer 2018,555-127-8408,customer2018@email.com,Toyota,RAV4,2018,Black,Coupe,52368,3.5L V6,Automatic,32139,Used,108,San Jose,True,3113,0
2019,2023-08-25,Customer 2019,555-815-4310,customer2019@email.com,Nissan,Altima,2018,Black,SUV,41699,3.5L V6,CVT,47466,Used,116,Chicago,True,1411,0
2020,2023-09-02,Customer 2020,555-524-9451,customer2020@email.com,Honda,Civic,2021,Green,Truck,26731,3.5L V6,Automatic,50869,New,117,San Jose,True,7832,48
2021,2023-01-28,Customer 2021,555-431-8645,customer2021@email.com,Chevrolet,Equinox,2021,Black,Sedan,7533,3.6L V6,Automatic,49327,New,120,Chicago,True,1360,36
2022,2023-06-09,Customer 2022,555-537-7545,customer2022@email.com,Chevrolet,Traverse,2024,White,Truck,56985,3.6L V6,Automatic,32826,Used,115,Philadelphia,True,4138,0
2023,2023-11-19,Customer 2023,555-811-5320,customer2023@email.com,Hyundai,Sonata,2023,Silver,Sedan,46343,2.5L I4,Manual,24979,New,101,Los Angeles,True,269,48
2024,2023-08-05,Customer 2024,555-126-7466,customer2024@email.com,Nissan,Altima,2019,White,SUV,26400,2.5L I4,CVT,33579,New,107,Dallas,True,1024,36
2025,2023-04-04,Customer 2025,555-541-8103,customer2025@email.com,Hyundai,Tucson,2020,Black,Coupe,28136,3.6L V6,Automatic,54401,Used,105,San Antonio,False,0,0
2026,2023-08-13,Customer 2026,555-696-7506,customer2026@email.com,Honda,CR-V,2024,Silver,Sedan,2381,2.5L I4,CVT,27992,New,109,San Antonio,False,0,0
2027,2023-04-19,Customer 2027,555-929-8223,customer2027@email.com,Audi,A4,2021,Green,SUV,43073,3.6L V6,Manual,26586,New,113,Dallas,True,6021,48
2028,2023-11-02,Customer 2028,555-515-3984,customer2028@email.com,Mercedes,S-Class,2019,Red,Coupe,22848,2.0L I4,CVT,47808,New,101,Phoenix,False,0,0
2029,2023-02-16,Customer 2029,555-721-1855,customer2029@email.com,Jeep,Cherokee,2018,Green,Coupe,45336,3.5L V6,Automatic,57992,Used,116,San Jose,False,0,0
2030,2023-02-12,Customer 2030,555-403-4292,customer2030@email.com,BMW,X5,2020,Silver,Coupe,8176,2.0L I4,CVT,25234,Used,114,San Antonio,True,1634,36
2031,2023-06-23,Customer 2031,555-748-7802,customer2031@email.com,Honda,Civic,2021,White,SUV,24175,2.5L I4,Manual,25685,Used,118,Dallas,False,0,0
2032,2023-05-14,Customer 2032,555-160-4527,customer2032@email.com,Nissan,Rogue,2018,Blue,Sedan,56892,5.0L V8,Automatic,28381,New,112,Los Angeles,True,800,36
2033,2023-06-01,Customer 2033,555-695-8135,customer2033@email.com,Toyota,Tacoma,2022,Blue,Sedan,24192,3.5L V6,CVT,36085,Used,111,Chicago,False,0,0
2034,2023-06-13,Customer 2034,555-210-4087,customer2034@email.com,BMW,3 Series,2023,Red,SUV,8748,3.5L V6,CVT,48169,New,114,San Antonio,False,0,0
2035,2023-02-02,Customer 2035,555-417-8983,customer2035@email.com,Mercedes,E-Class,2018,Gray,Truck,27630,3.6L V6,CVT,26394,New,102,Dallas,True,1580,0
2036,2023-02-03,Customer 2036,555-738-8673,customer2036@email.com,Ford,Mustang,2023,Black,Truck,38171,3.5L V6,CVT,38927,New,103,Houston,False,0,0
2037,2023-04-22,Customer 2037,555-387-7062,customer2037@email.com,Mercedes,S-Class,2023,Gray,Truck,42155,3.6L V6,Manual,20922,New,104,Houston,False,0,0
2038,2023-08-24,Customer 2038,555-606-4020,customer2038@email.com,Mercedes,C-Class,2019,White,SUV,27476,3.5L V6,Automatic,27023,Used,106,Phoenix,True,459,48
2039,2023-04-21,Customer 2039,555-108-5591,customer2039@email.com,BMW,5 Series,2023,White,Truck,17818,3.5L V6,CVT,18880,New,112,Philadelphia,True,1094,48
2040,2023-03-09,Customer 2040,555-147-2362,customer2040@email.com,Audi,Q5,2019,Blue,Sedan,37918,3.6L V6,Automatic,19185,Used,115,New York,True,3769,72
2041,2023-12-12,Customer 2041,555-775-3516,customer2041@email.com,Nissan,Titan,2022,Green,SUV,6009,5.0L V8,Manual,50465,Used,120,Chicago,True,9544,36
2042,2023-11-26,Customer 2042,555-523-2857,customer2042@email.com,Audi,A6,2023,Green,Truck,13258,2.5L I4,CVT,34770,Used,116,Houston,True,2518,36
2043,2023-04-19,Customer 2043,555-959-3125,customer2043@email.com,Audi,A6,2023,Green,Coupe,52237,3.5L V6,Automatic,51277,New,109,San Antonio,True,4927,60
2044,2024-01-04,Customer 2044,555-213-5790,customer2044@email.com,Chevrolet,Traverse,2022,Silver,Truck,56455,2.5L I4,Automatic,37667,Used,114,New York,True,1196,36
2045,2023-12-17,Customer 2045,555-591-4525,customer2045@email.com,Honda,Accord,2021,White,SUV,16614,2.0L I4,Automatic,55716,Used,108,San Antonio,True,11484,72
2046,2023-11-06,Customer 2046,555-832-8135,customer2046@email.com,Hyundai,Tucson,2020,Green,SUV,9228,3.5L V6,Manual,49360,Used,113,Houston,True,9781,48
2047,2024-01-14,Customer 2047,555-267-6874,customer2047@email.com,Hyundai,Elantra,2020,Black,Coupe,52191,5.0L V8,CVT,23724,Used,114,Houston,True,4810,48
2048,2024-01-29,Customer 2048,555-857-8261,customer2048@email.com,Mercedes,E-Class,2023,White,Coupe,15059,5.0L V8,Automatic,19868,New,101,Los Angeles,False,0,0
2049,2023-01-20,Customer 2049,555-469-7822,customer2049@email.com,Mercedes,C-Class,2020,Gray,Coupe,20243,5.0L V8,CVT,51223,Used,107,Philadelphia,False,0,0
2050,2023-11-02,Customer 2050,555-283-6228,customer2050@email.com,Honda,Accord,2018,Black,Truck,5510,2.0L I4,Automatic,55232,New,114,New York,False,0,0
2051,2023-12-21,Customer 2051,555-486-5085,customer2051@email.com,Mercedes,E-Class,2018,Black,SUV,23796,5.0L V8,Automatic,15217,New,116,Los Angeles,False,0,0
2052,2023-01-28,Customer 2052,555-306-4470,customer2052@email.com,Hyundai,Elantra,2022,Green,Coupe,22824,5.0L V8,Manual,19733,New,116,San Antonio,True,3268,72
2053,2023-09-13,Customer 2053,555-463-6083,customer2053@email.com,Honda,CR-V,2021,Gray,Sedan,57650,2.0L I4,Manual,41434,Used,119,Dallas,False,0,0
2054,2023-06-21,Customer 2054,555-323-6011,customer2054@email.com,Mercedes,C-Class,2019,White,Truck,40814,5.0L V8,Manual,21119,Used,110,San Antonio,True,4539,60
2055,2023-10-25,Customer 2055,555-364-1199,customer2055@email.com,Chevrolet,Equinox,2022,Green,Sedan,33480,2.5L I4,Manual,34984,Used,101,Phoenix,False,0,0
2056,2023-01-20,Customer 2056,555-750-7659,customer2056@email.com,Jeep,Wrangler,2019,Silver,Coupe,51189,5.0L V8,CVT,18030,Used,118,San Antonio,True,986,0
2057,2023-09-12,Customer 2057,555-848-5765,customer2057@email.com,Honda,Accord,2024,Black,SUV,32564,3.6L V6,CVT,57053,New,109,Dallas,True,13253,60
2058,2023-12-22,Customer 2058,555-586-1071,customer2058@email.com,BMW,3 Series,2021,Silver,Sedan,56822,3.6L V6,Automatic,46617,Used,109,Houston,False,0,0
2059,2023-05-28,Customer 2059,555-890-1175,customer2059@email.com,Audi,A4,2019,Gray,Sedan,52918,2.0L I4,Manual,33108,Used,108,San Diego,True,5301,72
2060,2023-06-10,Customer 2060,555-104-8764,customer2060@email.com,Ford,F-150,2024,White,SUV,51196,3.6L V6,Automatic,51306,Used,101,Dallas,False,0,0
2061,2023-11-03,Customer 2061,555-157-8820,customer2061@email.com,Mercedes,E-Class,2019,Silver,Coupe,17255,3.6L V6,Manual,44659,Used,117,Dallas,False,0,0
2062,2023-07-29,Customer 2062,555-141-7456,customer2062@email.com,BMW,3 Series,2019,Silver,Sedan,54261,2.5L I4,Manual,31022,New,112,New York,False,0,0
2063,2023-06-19,Customer 2063,555-337-1317,customer2063@email.com,Audi,A6,2019,White,Coupe,14320,5.0L V8,CVT,33845,New,115,Philadelphia,True,3865,0
2064,2023-03-04,Customer 2064,555-317-3990,customer2064@email.com,Ford,Mustang,2018,Green,Coupe,44205,3.5L V6,Manual,37752,New,118,San Jose,True,173,36
2065,2023-01-22,Customer 2065,555-524-8128,customer2065@email.com,Hyundai,Elantra,2021,Black,Sedan,45899,2.5L I4,Automatic,29146,Used,102,Dallas,False,0,0
2066,2023-08-13,Customer 2066,555-736-8982,customer2066@email.com,Nissan,Altima,2023,Green,SUV,5493,5.0L V8,CVT,23783,Used,103,San Diego,False,0,0
2067,2024-01-12,Customer 2067,555-924-8394,customer2067@email.com,Hyundai,Elantra,2022,Black,Sedan,37143,2.5L I4,Manual,23681,New,105,Los Angeles,False,0,0
2068,2023-11-19,Customer 2068,555-457-4434,customer2068@email.com,BMW,5 Series,2022,Gray,SUV,52039,3.5L V6,Automatic,15924,New,104,Chicago,False,0,0
2069,2023-07-12,Customer 2069,555-764-1403,customer2069@email.com,Hyundai,Elantra,2019,Green,Sedan,18248,2.0L I4,CVT,58438,New,109,San Diego,True,5981,36
2070,2023-11-28,Customer 2070,555-403-5692,customer2070@email.com,Jeep,Cherokee,2023,Gray,SUV,22400,2.5L I4,CVT,44017,New,118,Philadelphia,False,0,0
2071,2023-10-09,Customer 2071,555-655-6309,customer2071@email.com,Jeep,Wrangler,2021,Gray,SUV,50331,3.5L V6,Automatic,50536,Used,120,Dallas,True,4513,60
2072,2023-10-14,Customer 2072,555-300-2654,customer2072@email.com,Audi,Q5,2024,Red,Sedan,59903,2.5L I4,Automatic,35563,New,117,San Antonio,False,0,0
2073,2023-05-16,Customer 2073,555-413-1737,customer2073@email.com,Jeep,Grand Cherokee,2019,Gray,Sedan,27852,3.6L V6,CVT,48607,Used,111,Los Angeles,True,7967,72
2074,2023-10-17,Customer 2074,555-124-1091,customer2074@email.com,Nissan,Rogue,2019,Black,SUV,43489,3.5L V6,Automatic,19913,Used,118,Los Angeles,False,0,0
2075,2023-12-08,Customer 2075,555-834-2228,customer2075@email.com,Nissan,Altima,2019,Silver,Truck,9606,2.5L I4,Manual,42028,Used,113,San Antonio,False,0,0
2076,2023-02-23,Customer 2076,555-722-6021,customer2076@email.com,Audi,Q5,2020,Blue,Sedan,24156,5.0L V8,Automatic,57008,Used,104,New York,True,1724,0
2077,2023-12-19,Customer 2077,555-305-7980,customer2077@email.com,Hyundai,Tucson,2022,Gray,SUV,40247,5.0L V8,Manual,53084,New,111,Philadelphia,True,2368,60
2078,2023-10-16,Customer 2078,555-844-8323,customer2078@email.com,BMW,X5,2019,Blue,Coupe,29636,3.5L V6,Manual,55735,Used,111,San Antonio,True,12364,48
2079,2023-07-02,Customer 2079,555-871-7133,customer2079@email.com,BMW,X5,2019,Red,Sedan,53947,3.5L V6,Automatic,43269,Used,108,Houston,False,0,0
2080,2023-06-10,Customer 2080,555-976-7590,customer2080@email.com,Audi,A4,2022,Gray,Sedan,18979,3.6L V6,Manual,55675,Used,101,San Antonio,False,0,0
2081,2023-02-10,Customer 2081,555-338-5923,customer2081@email.com,Jeep,Cherokee,2022,Blue,Truck,34064,2.0L I4,CVT,31458,Used,101,Houston,False,0,0
2082,2023-08-05,Customer 2082,555-455-7233,customer2082@email.com,BMW,X5,2024,White,Truck,41325,3.6L V6,Manual,33838,New,105,San Jose,False,0,0
2083,2023-01-24,Customer 2083,555-476-2311,customer2083@email.com,Jeep,Grand Cherokee,2024,Gray,SUV,30093,5.0L V8,CVT,49999,New,110,Los Angeles,False,0,0
2084,2023-08-18,Customer 2084,555-483-1453,customer2084@email.com,BMW,3 Series,2024,White,Truck,28436,2.0L I4,Manual,49670,New,108,San Jose,False,0,0
2085,2023-05-03,Customer 2085,555-233-5564,customer2085@email.com,Honda,Accord,2022,Blue,Sedan,52237,2.0L I4,Manual,16532,Used,120,Chicago,False,0,0
2086,2023-11-27,Customer 2086,555-240-6360,customer2086@email.com,Ford,F-150,2024,Gray,Sedan,52307,2.5L I4,CVT,49998,New,106,Dallas,False,0,0
2087,2023-02-10,Customer 2087,555-222-6360,customer2087@email.com,BMW,X5,2021,Blue,SUV,30897,5.0L V8,CVT,50978,Used,108,Dallas,False,0,0
2088,2024-01-11,Customer 2088,555-156-2781,customer2088@email.com,Audi,Q5,2024,Silver,Sedan,47368,5.0L V8,Manual,32090,Used,108,San Antonio,True,4996,36
2089,2023-06-21,Customer 2089,555-680-2388,customer2089@email.com,Ford,Escape,2021,Silver,SUV,17548,5.0L V8,Manual,56454,New,117,New York,True,7410,48
2090,2023-11-02,Customer 2090,555-761-7174,customer2090@email.com,Hyundai,Elantra,2019,Gray,Sedan,50234,2.0L I4,Manual,16497,New,106,San Diego,True,3092,36
2091,2023-09-26,Customer 2091,555-543-5034,customer2091@email.com,Mercedes,S-Class,2023,Green,Coupe,24932,3.5L V6,Automatic,30470,New,117,Phoenix,True,4522,72
2092,2023-04-21,Customer 2092,555-672-4814,customer2092@email.com,Ford,F-150,2020,Blue,Coupe,46898,3.6L V6,Automatic,21585,Used,103,Chicago,False,0,0
2093,2023-01-21,Customer 2093,555-644-1724,customer2093@email.com,Audi,Q5,2021,White,SUV,35808,3.6L V6,Automatic,53270,Used,117,New York,False,0,0
2094,2023-11-16,Customer 2094,555-421-8512,customer2094@email.com,Ford,Mustang,2019,Green,Sedan,14346,2.0L I4,Automatic,59049,Used,111,Philadelphia,False,0,0
2095,2023-01-03,Customer 2095,555-103-8737,customer2095@email.com,Jeep,Cherokee,2022,White,Coupe,35213,3.6L V6,Automatic,20247,Used,101,Chicago,True,4363,36
2096,2023-02-25,Customer 2096,555-313-1209,customer2096@email.com,Honda,CR-V,2020,Silver,Coupe,52795,5.0L V8,Manual,47820,New,117,Dallas,False,0,0
2097,2023-12-08,Customer 2097,555-380-1041,customer2097@email.com,Hyundai,Elantra,2020,Red,Coupe,18968,2.0L I4,Manual,20047,New,103,Phoenix,True,1409,72
2098,2023-02-22,Customer 2098,555-767-4565,customer2098@email.com,Nissan,Titan,2023,Gray,Truck,58154,2.0L I4,CVT,25259,New,113,San Antonio,True,3203,72
2099,2023-12-04,Customer 2099,555-244-4202,customer2099@email.com,Jeep,Cherokee,2018,Silver,Sedan,15872,3.6L V6,Automatic,59695,New,107,Chicago,False,0,0
2100,2023-12-14,Customer 2100,555-989-9787,customer2100@email.com,Chevrolet,Traverse,2020,Red,Truck,25878,2.5L I4,Automatic,34692,Used,106,Houston,True,2922,72
2101,2024-01-13,Customer 2101,555-374-7716,customer2101@email.com,Chevrolet,Traverse,2019,Red,Coupe,52023,2.0L I4,Automatic,34850,New,115,Philadelphia,False,0,0
2102,2023-10-05,Customer 2102,555-418-3484,customer2102@email.com,Audi,A4,2021,White,Sedan,28269,5.0L V8,Manual,32263,New,103,Houston,False,0,0
2103,2023-03-20,Customer 2103,555-459-4538,customer2103@email.com,BMW,5 Series,2024,Blue,Sedan,29198,2.5L I4,CVT,38999,Used,113,Philadelphia,True,5279,48
2104,2023-04-19,Customer 2104,555-950-1618,customer2104@email.com,Chevrolet,Silverado,2022,Gray,SUV,21881,3.6L V6,Manual,43899,New,105,San Antonio,False,0,0
2105,2023-06-20,Customer 2105,555-513-4791,customer2105@email.com,BMW,X5,2023,Silver,Coupe,46042,2.5L I4,CVT,37954,New,107,Chicago,False,0,0
2106,2023-08-04,Customer 2106,555-387-8589,customer2106@email.com,Chevrolet,Silverado,2018,Black,Truck,22299,3.5L V6,CVT,22350,New,109,Phoenix,True,5156,36
2107,2023-11-30,Customer 2107,555-245-7256,customer2107@email.com,Ford,F-150,2021,Red,Truck,44075,5.0L V8,Manual,43998,Used,115,San Antonio,False,0,0
2108,2023-10-25,Customer 2108,555-942-1158,customer2108@email.com,Toyota,RAV4,2019,Silver,Coupe,23545,3.5L V6,CVT,40887,New,104,Los Angeles,False,0,0
2109,2023-09-08,Customer 2109,555-372-2117,customer2109@email.com,Jeep,Grand Cherokee,2020,Gray,SUV,28438,2.0L I4,CVT,41552,Used,116,Philadelphia,True,3814,72
2110,2023-07-01,Customer 2110,555-999-2177,customer2110@email.com,Hyundai,Tucson,2023,Red,SUV,7605,5.0L V8,Automatic,18647,New,110,San Jose,True,2890,0
2111,2023-06-14,Customer 2111,555-115-1013,customer2111@email.com,Nissan,Titan,2023,Black,Sedan,13112,2.0L I4,CVT,15709,New,105,Phoenix,True,1840,0
2112,2023-10-14,Customer 2112,555-560-2898,customer2112@email.com,Jeep,Grand Cherokee,2018,Green,Truck,43851,3.6L V6,CVT,57022,New,112,Phoenix,True,7017,36
2113,2023-02-11,Customer 2113,555-631-1022,customer2113@email.com,Mercedes,S-Class,2024,Black,Sedan,44315,2.0L I4,Manual,50787,Used,114,New York,True,6231,0
2114,2023-11-06,Customer 2114,555-921-8272,customer2114@email.com,Nissan,Titan,2024,Gray,Coupe,22713,3.5L V6,Automatic,15638,New,107,Phoenix,False,0,0
2115,2023-08-08,Customer 2115,555-627-5409,customer2115@email.com,Hyundai,Tucson,2020,White,Coupe,23343,3.6L V6,Manual,53283,Used,105,San Antonio,True,2420,0
2116,2023-03-28,Customer 2116,555-281-9570,customer2116@email.com,Toyota,Tacoma,2019,White,Truck,39923,3.6L V6,Automatic,33486,New,115,Philadelphia,True,3315,72
2117,2023-07-30,Customer 2117,555-396-9048,customer2117@email.com,Mercedes,S-Class,2020,Silver,Truck,32358,3.5L V6,Automatic,42222,Used,115,Dallas,False,0,0
2118,2024-01-12,Customer 2118,555-520-1938,customer2118@email.com,Hyundai,Elantra,2021,Green,Coupe,45133,2.5L I4,CVT,30481,New,113,Phoenix,True,3217,48
2119,2023-03-20,Customer 2119,555-270-3141,customer2119@email.com,Ford,Mustang,2019,Green,SUV,31578,2.5L I4,CVT,40404,Used,102,San Antonio,True,7092,36
2120,2023-05-12,Customer 2120,555-110-2470,customer2120@email.com,Chevrolet,Traverse,2021,Red,Truck,31632,5.0L V8,Automatic,48748,New,115,San Antonio,True,1855,60
2121,2023-10-07,Customer 2121,555-987-8331,customer2121@email.com,BMW,3 Series,2024,Gray,Truck,13469,5.0L V8,CVT,40599,New,105,New York,True,3893,72
2122,2023-01-10,Customer 2122,555-968-6720,customer2122@email.com,Jeep,Wrangler,2023,Gray,Sedan,41676,5.0L V8,Manual,59224,Used,104,Phoenix,True,1931,36
2123,2023-11-18,Customer 2123,555-578-6806,customer2123@email.com,Ford,Escape,2024,Silver,Sedan,25283,2.5L I4,CVT,34202,Used,112,Dallas,True,7136,36
2124,2023-06-11,Customer 2124,555-274-7173,customer2124@email.com,Audi,Q5,2022,Green,Sedan,41291,2.0L I4,CVT,56298,Used,103,Dallas,True,10645,48
2125,2023-06-26,Customer 2125,555-328-3115,customer2125@email.com,Jeep,Cherokee,2021,Blue,SUV,53611,2.0L I4,Manual,40376,New,101,New York,True,4533,72
2126,2023-09-27,Customer 2126,555-812-7876,customer2126@email.com,Ford,Escape,2019,Silver,Truck,43497,3.5L V6,CVT,24500,Used,101,Los Angeles,False,0,0
2127,2023-02-17,Customer 2127,555-428-8769,customer2127@email.com,Chevrolet,Silverado,2023,Black,Truck,32785,3.6L V6,Automatic,47353,New,112,Dallas,False,0,0
2128,2023-06-01,Customer 2128,555-908-5003,customer2128@email.com,Jeep,Grand Cherokee,2018,Gray,Coupe,50714,3.6L V6,Automatic,50913,Used,113,Dallas,False,0,0
2129,2023-10-18,Customer 2129,555-483-4219,customer2129@email.com,BMW,5 Series,2019,Gray,Truck,22283,3.5L V6,Manual,37861,Used,111,Dallas,False,0,0
2130,2023-01-05,Customer 2130,555-734-5591,customer2130@email.com,Chevrolet,Traverse,2024,Green,Sedan,19082,2.5L I4,CVT,22448,New,104,Dallas,False,0,0
2131,2023-12-27,Customer 2131,555-533-5163,customer2131@email.com,Honda,Accord,2020,Green,Truck,12601,3.6L V6,CVT,42092,New,107,Phoenix,False,0,0
2132,2023-04-27,Customer 2132,555-691-3522,customer2132@email.com,Audi,A6,2022,White,SUV,12239,5.0L V8,Manual,52267,Used,108,San Antonio,False,0,0
2133,2023-08-14,Customer 2133,555-195-2007,customer2133@email.com,Chevrolet,Traverse,2024,Black,Sedan,47753,2.5L I4,Manual,22480,Used,116,Chicago,True,106,36
2134,2024-01-28,Customer 2134,555-686-6285,customer2134@email.com,Toyota,Camry,2022,Blue,Truck,28474,2.5L I4,Automatic,50185,New,112,Chicago,True,8449,0
2135,2024-01-07,Customer 2135,555-686-1539,customer2135@email.com,Audi,A6,2019,Black,SUV,46880,5.0L V8,CVT,45306,New,108,San Diego,True,2625,72
2136,2023-06-24,Customer 2136,555-655-8531,customer2136@email.com,Chevrolet,Equinox,2019,Green,Sedan,16470,5.0L V8,CVT,32442,Used,110,San Diego,True,2913,36
2137,2023-03-12,Customer 2137,555-574-4370,customer2137@email.com,Audi,A4,2021,Blue,SUV,8371,3.6L V6,Manual,24923,New,105,Phoenix,True,2883,0
2138,2023-11-23,Customer 2138,555-521-8068,customer2138@email.com,Nissan,Altima,2024,Red,Sedan,36110,5.0L V8,Automatic,57407,Used,118,San Diego,False,0,0
2139,2023-08-15,Customer 2139,555-810-4819,customer2139@email.com,Hyundai,Tucson,2024,Black,SUV,19322,3.5L V6,Manual,47475,New,113,New York,False,0,0
2140,2023-10-30,Customer 2140,555-837-6001,customer2140@email.com,Chevrolet,Equinox,2024,Green,SUV,51844,2.5L I4,CVT,15836,Used,112,San Diego,True,2445,0
2141,2023-08-11,Customer 2141,555-917-2222,customer2141@email.com,Mercedes,E-Class,2019,Green,Coupe,5344,3.5L V6,Automatic,46516,Used,116,San Antonio,True,8261,72
2142,2023-08-25,Customer 2142,555-443-8698,customer2142@email.com,Hyundai,Sonata,2021,Black,Truck,58006,2.0L I4,Automatic,26393,Used,120,Philadelphia,True,4932,0
2143,2023-07-29,Customer 2143,555-897-9775,customer2143@email.com,Ford,F-150,2022,White,Coupe,47700,2.0L I4,Manual,49814,Used,119,San Antonio,True,800,48
2144,2024-01-30,Customer 2144,555-202-7299,customer2144@email.com,Honda,CR-V,2021,Blue,Coupe,49851,2.5L I4,CVT,42604,Used,120,San Antonio,False,0,0
2145,2023-09-15,Customer 2145,555-793-8889,customer2145@email.com,Ford,Escape,2019,Black,Truck,23639,5.0L V8,Manual,44251,New,103,Chicago,False,0,0
2146,2024-01-02,Customer 2146,555-388-1576,customer2146@email.com,Nissan,Rogue,2022,Black,Truck,37709,3.5L V6,Manual,19470,Used,101,Chicago,False,0,0
2147,2023-10-10,Customer 2147,555-238-4077,customer2147@email.com,Chevrolet,Traverse,2021,Silver,Coupe,18781,3.5L V6,Automatic,27281,New,113,New York,False,0,0
2148,2023-07-17,Customer 2148,555-313-9276,customer2148@email.com,Toyota,RAV4,2024,Black,Sedan,6121,2.0L I4,Automatic,21383,Used,115,Philadelphia,True,5315,36
2149,2023-05-26,Customer 2149,555-917-3117,customer2149@email.com,Chevrolet,Equinox,2021,White,Coupe,53572,3.5L V6,Automatic,30717,Used,116,New York,True,7278,48
2150,2023-06-10,Customer 2150,555-987-5693,customer2150@email.com,Nissan,Altima,2024,Blue,SUV,41200,5.0L V8,CVT,37400,New,108,Chicago,True,1269,48
2151,2023-04-03,Customer 2151,555-675-9091,customer2151@email.com,Toyota,Tacoma,2019,Red,Sedan,59827,2.5L I4,CVT,27830,New,112,Los Angeles,False,0,0
2152,2023-03-23,Customer 2152,555-474-9979,customer2152@email.com,Honda,Accord,2019,Blue,SUV,50140,3.6L V6,Automatic,31197,Used,101,New York,True,4152,36
2153,2023-01-02,Customer 2153,555-691-2983,customer2153@email.com,Chevrolet,Silverado,2019,Silver,Coupe,47580,5.0L V8,Automatic,52779,Used,120,San Antonio,True,6282,60
2154,2023-10-26,Customer 2154,555-765-8353,customer2154@email.com,Toyota,Tacoma,2020,Silver,Sedan,28440,2.5L I4,CVT,54855,New,101,Houston,False,0,0
2155,2023-11-24,Customer 2155,555-717-7088,customer2155@email.com,Audi,A4,2022,Black,Coupe,49955,3.5L V6,CVT,30362,New,120,Houston,True,5928,48
2156,2023-09-11,Customer 2156,555-825-2467,customer2156@email.com,Audi,A6,2018,White,Truck,21603,3.6L V6,Manual,48153,Used,102,San Diego,False,0,0
2157,2023-06-29,Customer 2157,555-986-5405,customer2157@email.com,Honda,CR-V,2020,Green,Sedan,52120,5.0L V8,Automatic,15001,Used,111,Phoenix,True,941,36
2158,2023-09-06,Customer 2158,555-687-8696,customer2158@email.com,Nissan,Altima,2024,Silver,Sedan,27320,2.5L I4,Manual,26578,Used,104,Philadelphia,False,0,0
2159,2023-12-15,Customer 2159,555-761-3654,customer2159@email.com,Ford,Mustang,2024,Gray,Coupe,15749,3.5L V6,Manual,50774,New,110,Los Angeles,True,8381,72
2160,2023-03-10,Customer 2160,555-993-1394,customer2160@email.com,Toyota,Camry,2019,Blue,Truck,12650,2.5L I4,CVT,40709,Used,108,Houston,False,0,0
2161,2023-11-30,Customer 2161,555-552-1073,customer2161@email.com,Hyundai,Sonata,2023,Silver,SUV,11785,3.6L V6,Automatic,44928,New,118,Houston,True,279,0
2162,2023-06-20,Customer 2162,555-304-3608,customer2162@email.com,Jeep,Cherokee,2023,Blue,Truck,42661,3.5L V6,Manual,42322,New,104,Chicago,True,5919,60
2163,2023-08-20,Customer 2163,555-460-6969,customer2163@email.com,BMW,X5,2021,Blue,SUV,53393,2.5L I4,Automatic,53232,New,114,Phoenix,False,0,0
2164,2023-05-26,Customer 2164,555-628-5324,customer2164@email.com,Honda,Accord,2024,White,Coupe,37975,3.6L V6,Automatic,24838,Used,108,New York,True,3891,0
2165,2023-01-18,Customer 2165,555-838-9042,customer2165@email.com,Chevrolet,Equinox,2020,Green,Truck,32037,2.0L I4,CVT,37886,New,101,Phoenix,False,0,0
2166,2023-08-26,Customer 2166,555-133-4246,customer2166@email.com,Toyota,Tacoma,2021,White,Truck,48400,2.5L I4,CVT,26007,Used,104,Los Angeles,True,5417,0
2167,2023-01-16,Customer 2167,555-514-7330,customer2167@email.com,Ford,Mustang,2018,White,Truck,8277,3.5L V6,Manual,18915,Used,106,Chicago,True,3949,0
2168,2023-12-19,Customer 2168,555-335-8262,customer2168@email.com,Mercedes,C-Class,2022,Silver,Coupe,10858,2.0L I4,CVT,59142,Used,118,Philadelphia,False,0,0
2169,2023-10-16,Customer 2169,555-461-4615,customer2169@email.com,Honda,CR-V,2020,Green,SUV,32055,2.5L I4,Automatic,24828,Used,118,San Diego,True,2735,48
2170,2023-03-28,Customer 2170,555-442-3276,customer2170@email.com,Toyota,Tacoma,2018,Green,Truck,26651,3.6L V6,Manual,25865,New,112,San Antonio,True,6395,72
2171,2023-03-26,Customer 2171,555-566-2665,customer2171@email.com,Hyundai,Elantra,2024,Red,Sedan,33782,2.5L I4,CVT,35244,Used,112,San Jose,True,3992,48
2172,2023-03-02,Customer 2172,555-314-2491,customer2172@email.com,Hyundai,Elantra,2022,White,SUV,34657,5.0L V8,Manual,32461,New,112,San Antonio,True,4153,0
2173,2023-04-06,Customer 2173,555-637-1271,customer2173@email.com,Audi,A6,2024,Silver,Sedan,32396,3.6L V6,Manual,29128,New,108,Houston,True,6792,72
2174,2023-12-31,Customer 2174,555-333-1852,customer2174@email.com,Honda,Accord,2020,Gray,Sedan,57031,3.6L V6,CVT,59904,Used,120,Houston,False,0,0
2175,2023-09-24,Customer 2175,555-371-8025,customer2175@email.com,Chevrolet,Equinox,2024,Red,Truck,54988,5.0L V8,CVT,27779,Used,106,San Diego,False,0,0
2176,2023-08-28,Customer 2176,555-643-7786,customer2176@email.com,Ford,Escape,2024,Silver,Sedan,10223,3.5L V6,Manual,22795,Used,117,Houston,False,0,0
2177,2023-04-15,Customer 2177,555-417-3971,customer2177@email.com,Chevrolet,Equinox,2018,Gray,Truck,35715,3.6L V6,Automatic,41005,Used,118,Houston,True,627,72
2178,2023-04-13,Customer 2178,555-416-1626,customer2178@email.com,BMW,3 Series,2023,Gray,Sedan,12984,3.5L V6,Manual,27326,Used,107,New York,False,0,0
2179,2023-02-27,Customer 2179,555-603-7084,customer2179@email.com,Chevrolet,Traverse,2018,White,Coupe,41871,3.6L V6,Manual,20622,Used,109,San Diego,True,2307,72
2180,2023-08-12,Customer 2180,555-638-6906,customer2180@email.com,Honda,CR-V,2024,Silver,SUV,34504,3.6L V6,Automatic,17645,Used,108,San Jose,True,3649,0
2181,2023-05-17,Customer 2181,555-139-4752,customer2181@email.com,Toyota,Camry,2021,White,Coupe,16978,3.5L V6,CVT,56090,Used,101,Los Angeles,True,9670,0
2182,2023-09-04,Customer 2182,555-575-1541,customer2182@email.com,Mercedes,E-Class,2023,White,SUV,17622,3.6L V6,CVT,44576,Used,120,San Diego,False,0,0
2183,2024-01-27,Customer 2183,555-923-7913,customer2183@email.com,Toyota,Tacoma,2021,Silver,Sedan,52136,5.0L V8,CVT,15080,Used,106,Los Angeles,True,2557,72
2184,2023-07-30,Customer 2184,555-522-4981,customer2184@email.com,Jeep,Grand Cherokee,2021,Blue,SUV,35976,3.5L V6,CVT,32159,New,111,Los Angeles,True,7821,48
2185,2023-10-22,Customer 2185,555-683-4904,customer2185@email.com,Mercedes,E-Class,2022,Green,Sedan,29028,5.0L V8,Automatic,50267,New,102,Houston,False,0,0
2186,2023-01-17,Customer 2186,555-461-6786,customer2186@email.com,Hyundai,Sonata,2019,Gray,Sedan,54553,5.0L V8,CVT,27794,Used,106,Houston,True,5216,0
2187,2023-08-06,Customer 2187,555-716-6523,customer2187@email.com,Ford,F-150,2018,White,Truck,19633,3.5L V6,Automatic,53158,Used,104,Philadelphia,True,12151,48
2188,2023-09-04,Customer 2188,555-345-2571,customer2188@email.com,Mercedes,C-Class,2020,Silver,Truck,33203,3.5L V6,CVT,30706,New,109,San Antonio,False,0,0
2189,2023-02-21,Customer 2189,555-655-6654,customer2189@email.com,Nissan,Titan,2022,White,SUV,56330,3.5L V6,CVT,48694,New,114,Phoenix,False,0,0
2190,2023-10-09,Customer 2190,555-414-7325,customer2190@email.com,Chevrolet,Equinox,2023,White,Truck,24432,2.0L I4,Manual,21663,Used,119,San Antonio,False,0,0
2191,2023-08-22,Customer 2191,555-258-5411,customer2191@email.com,BMW,5 Series,2018,Gray,Coupe,25099,5.0L V8,CVT,27298,Used,112,San Antonio,True,830,60
2192,2023-09-21,Customer 2192,555-488-2079,customer2192@email.com,BMW,5 Series,2020,Green,Sedan,32177,3.6L V6,CVT,38262,Used,108,Philadelphia,True,8459,36
2193,2023-06-06,Customer 2193,555-602-7420,customer2193@email.com,BMW,5 Series,2019,Green,SUV,26726,3.5L V6,Automatic,51290,New,104,San Diego,False,0,0
2194,2023-08-07,Customer 2194,555-145-4622,customer2194@email.com,Chevrolet,Equinox,2018,White,Sedan,34817,2.0L I4,Automatic,58403,Used,104,Philadelphia,True,7836,36
2195,2023-07-19,Customer 2195,555-152-5589,customer2195@email.com,Honda,Accord,2022,Silver,Truck,57657,2.0L I4,Automatic,48199,New,119,Chicago,False,0,0
2196,2023-02-09,Customer 2196,555-314-2887,customer2196@email.com,Nissan,Rogue,2022,Black,Coupe,41532,2.0L I4,Manual,36455,New,115,San Diego,False,0,0
2197,2024-01-19,Customer 2197,555-929-7375,customer2197@email.com,Nissan,Altima,2019,Black,SUV,21206,3.5L V6,Automatic,31869,Used,107,Chicago,True,2973,60
2198,2023-02-13,Customer 2198,555-481-5792,customer2198@email.com,Honda,CR-V,2024,Blue,Truck,16018,2.0L I4,CVT,35611,New,110,San Antonio,True,1784,0
2199,2023-10-15,Customer 2199,555-492-7347,customer2199@email.com,BMW,X5,2020,Red,SUV,29242,5.0L V8,CVT,45895,New,105,Dallas,False,0,0
2200,2023-01-13,Customer 2200,555-128-1171,customer2200@email.com,Mercedes,S-Class,2024,Gray,Sedan,15400,3.6L V6,CVT,27583,Used,108,Houston,True,1986,60
2201,2023-04-13,Customer 2201,555-498-8423,customer2201@email.com,Honda,CR-V,2020,Silver,SUV,30567,2.0L I4,CVT,59974,Used,103,Phoenix,True,13753,48
2202,2023-09-20,Customer 2202,555-671-2995,customer2202@email.com,BMW,X5,2024,Gray,Truck,17450,2.0L I4,Automatic,28988,New,119,Houston,False,0,0
2203,2023-02-01,Customer 2203,555-809-9137,customer2203@email.com,Toyota,Camry,2018,Blue,Coupe,15772,3.5L V6,Manual,20220,Used,118,Philadelphia,True,4916,36
2204,2023-09-16,Customer 2204,555-676-6810,customer2204@email.com,Audi,A6,2024,Green,Truck,24955,3.6L V6,Manual,36965,New,116,Chicago,True,6478,60
2205,2023-10-03,Customer 2205,555-727-8076,customer2205@email.com,Nissan,Rogue,2024,Black,Coupe,3151,3.6L V6,Manual,43782,New,118,San Antonio,False,0,0
2206,2023-12-20,Customer 2206,555-564-3840,customer2206@email.com,Chevrolet,Equinox,2024,Gray,SUV,25893,3.6L V6,Manual,49501,Used,103,Los Angeles,False,0,0
2207,2023-12-01,Customer 2207,555-256-5753,customer2207@email.com,Ford,Escape,2018,Red,Truck,28222,3.5L V6,CVT,44301,New,101,Chicago,True,9077,72
2208,2023-08-07,Customer 2208,555-111-8187,customer2208@email.com,Ford,Mustang,2023,Black,Coupe,5956,5.0L V8,CVT,24039,Used,109,Phoenix,False,0,0
2209,2023-01-27,Customer 2209,555-647-4976,customer2209@email.com,BMW,5 Series,2019,Silver,SUV,7449,5.0L V8,Manual,28640,New,101,Los Angeles,True,4573,48
2210,2023-01-03,Customer 2210,555-440-2250,customer2210@email.com,Ford,Mustang,2023,Green,Truck,10257,3.6L V6,Automatic,48173,New,113,Los Angeles,False,0,0
2211,2023-07-15,Customer 2211,555-698-5404,customer2211@email.com,Honda,Civic,2023,White,Coupe,9105,3.6L V6,Manual,49677,Used,111,San Diego,False,0,0
2212,2023-08-17,Customer 2212,555-858-1197,customer2212@email.com,Jeep,Cherokee,2023,Gray,SUV,58726,3.5L V6,Manual,52298,Used,108,New York,False,0,0
2213,2023-09-04,Customer 2213,555-401-5390,customer2213@email.com,Ford,Mustang,2022,Red,Coupe,55843,3.5L V6,Automatic,40109,New,111,San Diego,False,0,0
2214,2023-04-01,Customer 2214,555-140-1109,customer2214@email.com,Nissan,Altima,2023,Gray,Truck,45336,2.5L I4,Automatic,50340,Used,104,New York,False,0,0
2215,2023-10-27,Customer 2215,555-646-9864,customer2215@email.com,Audi,Q5,2019,White,Sedan,13765,5.0L V8,Manual,24634,Used,110,Los Angeles,True,68,48
2216,2023-02-14,Customer 2216,555-950-8256,customer2216@email.com,Mercedes,E-Class,2018,Blue,Truck,25083,3.6L V6,Manual,52462,Used,104,New York,False,0,0
2217,2023-11-06,Customer 2217,555-636-2175,customer2217@email.com,Jeep,Grand Cherokee,2022,White,SUV,46729,3.5L V6,Automatic,28598,Used,117,San Jose,True,3841,36
2218,2023-03-07,Customer 2218,555-354-6111,customer2218@email.com,Jeep,Wrangler,2019,Green,SUV,11482,3.5L V6,Manual,50695,New,106,Phoenix,True,7463,72
2219,2023-07-30,Customer 2219,555-398-3095,customer2219@email.com,Audi,A4,2021,White,SUV,42597,3.5L V6,Automatic,18591,Used,111,Los Angeles,True,3137,60
2220,2023-09-27,Customer 2220,555-591-9872,customer2220@email.com,Honda,Civic,2019,Gray,Coupe,34535,5.0L V8,Manual,58007,Used,118,Houston,True,3446,72
2221,2024-01-10,Customer 2221,555-669-1773,customer2221@email.com,Jeep,Wrangler,2023,Green,Coupe,25164,5.0L V8,Manual,44574,New,102,Philadelphia,False,0,0
2222,2023-09-01,Customer 2222,555-459-2635,customer2222@email.com,Audi,Q5,2023,Gray,Coupe,47636,2.0L I4,Manual,25660,New,104,Chicago,False,0,0
2223,2024-01-21,Customer 2223,555-650-4359,customer2223@email.com,Toyota,Tacoma,2021,Silver,SUV,27076,2.0L I4,CVT,28219,Used,107,Dallas,False,0,0
2224,2023-07-26,Customer 2224,555-290-3775,customer2224@email.com,Mercedes,E-Class,2021,Gray,SUV,54489,3.5L V6,Manual,45064,Used,111,San Jose,True,10409,36
2225,2023-01-16,Customer 2225,555-301-9023,customer2225@email.com,BMW,5 Series,2020,Green,Truck,35164,3.5L V6,Manual,43607,New,110,Chicago,True,3137,72
2226,2024-01-02,Customer 2226,555-302-9072,customer2226@email.com,Honda,Accord,2019,Green,SUV,22142,2.5L I4,Manual,16397,New,110,New York,True,985,48
2227,2024-01-13,Customer 2227,555-721-9345,customer2227@email.com,Nissan,Altima,2019,White,Sedan,5677,3.5L V6,CVT,58330,New,114,Los Angeles,False,0,0
2228,2023-04-27,Customer 2228,555-888-2119,customer2228@email.com,Mercedes,C-Class,2020,White,SUV,44695,3.6L V6,CVT,21989,New,110,Chicago,True,2060,48
2229,2024-01-01,Customer 2229,555-451-5921,customer2229@email.com,Nissan,Altima,2021,Black,Coupe,46044,3.5L V6,CVT,35645,Used,113,Chicago,False,0,0
2230,2023-05-04,Customer 2230,555-516-7352,customer2230@email.com,Audi,A6,2019,Green,SUV,27444,5.0L V8,Manual,41635,New,113,Philadelphia,True,8847,0
2231,2023-10-30,Customer 2231,555-542-1872,customer2231@email.com,Hyundai,Tucson,2019,Red,Sedan,37936,2.0L I4,CVT,47847,Used,119,San Antonio,False,0,0
2232,2023-05-14,Customer 2232,555-513-4600,customer2232@email.com,Nissan,Titan,2020,White,SUV,55324,2.0L I4,Automatic,57993,Used,113,Phoenix,False,0,0
2233,2024-01-01,Customer 2233,555-368-6255,customer2233@email.com,Jeep,Grand Cherokee,2023,White,Truck,29246,3.6L V6,Manual,30518,Used,116,Dallas,False,0,0
2234,2023-08-21,Customer 2234,555-641-1454,customer2234@email.com,BMW,X5,2022,Black,Truck,14255,2.0L I4,Automatic,20519,Used,120,Houston,False,0,0
2235,2023-02-06,Customer 2235,555-741-6806,customer2235@email.com,Chevrolet,Silverado,2022,Green,Truck,5372,2.5L I4,Automatic,26411,Used,114,San Diego,False,0,0
2236,2023-02-12,Customer 2236,555-459-3374,customer2236@email.com,Ford,F-150,2019,Blue,Sedan,12477,2.0L I4,Manual,31006,New,102,Philadelphia,True,7646,36
2237,2023-11-06,Customer 2237,555-624-7123,customer2237@email.com,BMW,5 Series,2024,White,Truck,50678,2.5L I4,Automatic,59188,Used,116,Houston,True,5643,36
2238,2023-01-26,Customer 2238,555-307-1524,customer2238@email.com,Ford,F-150,2024,Green,Coupe,45928,5.0L V8,Automatic,46959,New,115,San Antonio,False,0,0
2239,2023-08-26,Customer 2239,555-763-1653,customer2239@email.com,Nissan,Titan,2022,Gray,Sedan,58056,3.6L V6,CVT,57146,New,103,Houston,False,0,0
2240,2023-04-06,Customer 2240,555-693-8119,customer2240@email.com,Mercedes,C-Class,2021,Gray,SUV,55378,2.0L I4,CVT,25997,Used,111,Philadelphia,True,5178,48
2241,2023-06-19,Customer 2241,555-107-7313,customer2241@email.com,BMW,3 Series,2020,Red,Coupe,37602,5.0L V8,Manual,53127,Used,114,Chicago,False,0,0
2242,2024-01-23,Customer 2242,555-233-8799,customer2242@email.com,Honda,CR-V,2019,Gray,SUV,22204,5.0L V8,Manual,17726,Used,104,San Antonio,True,2831,60
2243,2023-09-22,Customer 2243,555-221-2228,customer2243@email.com,Ford,Mustang,2022,Gray,SUV,24030,3.6L V6,CVT,19946,New,104,Chicago,True,1337,72
2244,2023-04-28,Customer 2244,555-186-4189,customer2244@email.com,Jeep,Wrangler,2019,Red,Sedan,14660,3.5L V6,CVT,39849,New,107,Los Angeles,False,0,0
2245,2023-10-31,Customer 2245,555-625-5381,customer2245@email.com,Ford,F-150,2018,Green,Coupe,44257,2.0L I4,Automatic,16080,New,107,Houston,False,0,0
2246,2024-01-25,Customer 2246,555-767-4243,customer2246@email.com,Toyota,RAV4,2020,Blue,Truck,43011,3.6L V6,CVT,18979,Used,114,New York,True,1993,60
2247,2023-08-06,Customer 2247,555-308-1811,customer2247@email.com,Ford,Escape,2021,Gray,Truck,43396,2.0L I4,Manual,16123,Used,105,New York,True,3817,72
2248,2023-06-12,Customer 2248,555-613-8113,customer2248@email.com,Mercedes,C-Class,2024,Gray,Truck,48544,3.6L V6,Automatic,40850,New,113,Los Angeles,True,297,36
2249,2023-04-26,Customer 2249,555-280-2068,customer2249@email.com,Hyundai,Tucson,2024,Black,SUV,37017,5.0L V8,CVT,31949,New,113,Dallas,True,4719,0
2250,2023-06-11,Customer 2250,555-698-7139,customer2250@email.com,Audi,A6,2021,Red,SUV,42169,2.5L I4,CVT,38707,New,102,Phoenix,False,0,0
2251,2023-11-26,Customer 2251,555-629-2719,customer2251@email.com,Audi,A6,2020,Silver,SUV,18475,5.0L V8,Automatic,47033,Used,103,San Diego,True,8206,0
2252,2023-03-19,Customer 2252,555-117-4248,customer2252@email.com,Hyundai,Tucson,2019,White,Truck,58057,5.0L V8,Automatic,43900,Used,117,Houston,True,84,60
2253,2023-10-12,Customer 2253,555-798-2733,customer2253@email.com,Mercedes,S-Class,2020,Red,Truck,56762,5.0L V8,Manual,16635,Used,116,Houston,True,1937,36
2254,2023-10-22,Customer 2254,555-843-1799,customer2254@email.com,Nissan,Titan,2020,Silver,Sedan,39565,3.5L V6,Manual,42159,New,110,Houston,False,0,0
2255,2023-07-25,Customer 2255,555-687-3574,customer2255@email.com,Hyundai,Tucson,2020,Silver,Truck,15760,2.0L I4,Automatic,44624,Used,101,San Jose,True,3363,36
2256,2023-01-19,Customer 2256,555-727-1062,customer2256@email.com,Mercedes,S-Class,2018,Gray,Coupe,27973,5.0L V8,Automatic,20974,Used,110,San Antonio,True,3186,36
2257,2023-02-22,Customer 2257,555-558-8725,customer2257@email.com,Mercedes,E-Class,2023,Silver,Sedan,38605,2.0L I4,CVT,52330,New,101,Houston,True,12326,72
2258,2023-07-18,Customer 2258,555-995-2694,customer2258@email.com,Honda,Accord,2024,Red,SUV,13416,3.6L V6,CVT,47163,New,116,San Diego,False,0,0
2259,2023-02-20,Customer 2259,555-509-4039,customer2259@email.com,Toyota,RAV4,2018,Silver,Coupe,10570,2.0L I4,Manual,31317,New,115,New York,False,0,0
2260,2023-07-21,Customer 2260,555-340-9452,customer2260@email.com,Toyota,RAV4,2019,Green,Coupe,9892,5.0L V8,CVT,33759,Used,114,Chicago,True,4767,72
2261,2023-10-07,Customer 2261,555-334-4408,customer2261@email.com,Chevrolet,Silverado,2022,Red,Coupe,13336,3.6L V6,Automatic,44757,Used,114,Chicago,False,0,0
2262,2023-11-07,Customer 2262,555-526-9266,customer2262@email.com,BMW,3 Series,2018,White,SUV,56503,2.0L I4,Automatic,44447,New,106,San Diego,False,0,0
2263,2023-03-28,Customer 2263,555-253-5161,customer2263@email.com,Mercedes,S-Class,2022,Black,Truck,51725,5.0L V8,Manual,31356,New,105,Philadelphia,True,6798,48
2264,2023-05-13,Customer 2264,555-966-9874,customer2264@email.com,Toyota,Tacoma,2021,Silver,Sedan,48921,2.5L I4,Manual,47951,Used,118,Phoenix,False,0,0
2265,2023-06-07,Customer 2265,555-967-2183,customer2265@email.com,Chevrolet,Silverado,2022,White,Truck,44912,3.5L V6,CVT,49382,New,118,Houston,True,7465,0
2266,2023-03-09,Customer 2266,555-100-2446,customer2266@email.com,Chevrolet,Traverse,2023,Black,Sedan,47742,3.5L V6,CVT,38662,Used,105,Philadelphia,True,8579,0
2267,2023-06-25,Customer 2267,555-435-1748,customer2267@email.com,Mercedes,C-Class,2018,White,Sedan,28326,5.0L V8,CVT,25907,Used,106,San Antonio,False,0,0
2268,2023-03-27,Customer 2268,555-556-9550,customer2268@email.com,Hyundai,Tucson,2020,White,Truck,48439,2.0L I4,CVT,42875,New,107,Phoenix,True,1354,48
2269,2023-09-14,Customer 2269,555-460-6215,customer2269@email.com,Nissan,Rogue,2024,Silver,Truck,32225,5.0L V8,Automatic,47294,New,113,Los Angeles,False,0,0
2270,2023-12-19,Customer 2270,555-504-3677,customer2270@email.com,Honda,Accord,2019,Silver,Sedan,14961,2.0L I4,Automatic,59251,Used,112,Philadelphia,False,0,0
2271,2023-07-26,Customer 2271,555-831-6834,customer2271@email.com,Honda,Civic,2021,Blue,Sedan,44218,2.0L I4,Manual,47088,Used,108,Los Angeles,True,11662,72
2272,2023-07-28,Customer 2272,555-575-3333,customer2272@email.com,Nissan,Titan,2024,Green,Sedan,32378,3.5L V6,Automatic,30802,New,104,Philadelphia,False,0,0
2273,2023-01-25,Customer 2273,555-418-1556,customer2273@email.com,Ford,Escape,2022,Red,Sedan,19625,5.0L V8,Manual,39803,Used,116,Los Angeles,False,0,0
2274,2023-12-27,Customer 2274,555-495-6496,customer2274@email.com,Chevrolet,Traverse,2024,Red,Coupe,37050,3.6L V6,Manual,26091,New,115,San Antonio,True,2208,60
2275,2023-02-05,Customer 2275,555-681-5062,customer2275@email.com,Nissan,Titan,2020,Black,Sedan,45230,5.0L V8,Automatic,31045,Used,117,San Jose,True,3604,36
2276,2023-08-04,Customer 2276,555-365-1599,customer2276@email.com,Toyota,RAV4,2021,Gray,Coupe,55941,2.5L I4,CVT,18402,New,108,Philadelphia,False,0,0
2277,2023-09-21,Customer 2277,555-876-9841,customer2277@email.com,Chevrolet,Silverado,2022,Blue,Sedan,41169,3.6L V6,Automatic,16059,New,118,San Jose,True,453,72
2278,2024-01-25,Customer 2278,555-893-4875,customer2278@email.com,Toyota,Camry,2021,White,SUV,22840,3.5L V6,CVT,28142,New,119,New York,False,0,0
2279,2023-05-21,Customer 2279,555-261-7943,customer2279@email.com,BMW,5 Series,2018,Black,Sedan,48840,3.5L V6,Manual,38088,New,107,Houston,True,1140,72
2280,2023-07-18,Customer 2280,555-171-9939,customer2280@email.com,Jeep,Cherokee,2019,White,Sedan,30121,5.0L V8,CVT,24261,Used,119,Dallas,True,3865,0
2281,2023-09-09,Customer 2281,555-880-5531,customer2281@email.com,Mercedes,C-Class,2023,Red,Coupe,29558,2.0L I4,Automatic,55427,Used,111,Phoenix,True,27,0
2282,2023-04-04,Customer 2282,555-691-6326,customer2282@email.com,Honda,CR-V,2020,Green,Coupe,42252,3.5L V6,Manual,28598,Used,108,Houston,True,1179,36
2283,2023-10-20,Customer 2283,555-611-8150,customer2283@email.com,Nissan,Rogue,2022,Black,Truck,30028,3.5L V6,CVT,17220,New,117,Phoenix,False,0,0
2284,2023-03-21,Customer 2284,555-253-7862,customer2284@email.com,Audi,A6,2023,Gray,SUV,45914,2.5L I4,Automatic,37748,Used,117,Los Angeles,False,0,0
2285,2023-10-04,Customer 2285,555-718-1168,customer2285@email.com,Nissan,Titan,2019,Blue,Truck,21865,2.0L I4,Automatic,33591,Used,115,Phoenix,True,6380,48
2286,2023-10-16,Customer 2286,555-678-7294,customer2286@email.com,Audi,Q5,2022,White,Truck,56906,2.5L I4,Manual,45343,New,108,Houston,False,0,0
2287,2024-01-02,Customer 2287,555-412-7456,customer2287@email.com,Mercedes,S-Class,2018,Silver,SUV,6669,3.6L V6,Manual,53195,Used,110,New York,False,0,0
2288,2023-03-16,Customer 2288,555-159-1049,customer2288@email.com,Honda,CR-V,2023,Blue,Coupe,15247,3.5L V6,Manual,21255,New,115,San Antonio,False,0,0
2289,2023-09-14,Customer 2289,555-224-2774,customer2289@email.com,Hyundai,Sonata,2022,Green,SUV,21445,2.0L I4,Automatic,38484,New,101,San Jose,True,2240,60
2290,2023-02-05,Customer 2290,555-354-3208,customer2290@email.com,Nissan,Altima,2019,Gray,Sedan,48246,5.0L V8,CVT,20583,New,115,San Diego,True,2241,48
2291,2024-01-08,Customer 2291,555-307-9914,customer2291@email.com,BMW,5 Series,2019,Gray,Sedan,59133,5.0L V8,Automatic,28906,New,102,San Jose,False,0,0
2292,2023-10-15,Customer 2292,555-847-2190,customer2292@email.com,Hyundai,Sonata,2019,Blue,Coupe,43745,2.5L I4,CVT,34126,Used,108,San Diego,False,0,0
2293,2023-06-27,Customer 2293,555-464-3565,customer2293@email.com,Hyundai,Sonata,2019,Black,Sedan,26747,2.5L I4,Manual,34824,New,118,New York,False,0,0
2294,2023-06-17,Customer 2294,555-648-8187,customer2294@email.com,Audi,A4,2020,Silver,SUV,53416,3.5L V6,CVT,46374,Used,119,San Diego,False,0,0
2295,2023-01-08,Customer 2295,555-484-9316,customer2295@email.com,Jeep,Cherokee,2022,Black,Coupe,29259,2.5L I4,Manual,47736,Used,113,Los Angeles,False,0,0
2296,2023-10-26,Customer 2296,555-112-6890,customer2296@email.com,Toyota,RAV4,2022,Silver,Sedan,27634,5.0L V8,CVT,21224,New,113,New York,False,0,0
2297,2023-01-08,Customer 2297,555-234-1044,customer2297@email.com,Chevrolet,Silverado,2023,Green,Sedan,47983,5.0L V8,Automatic,39003,Used,113,Philadelphia,True,1306,48
2298,2023-01-26,Customer 2298,555-301-3765,customer2298@email.com,Nissan,Rogue,2024,Gray,Sedan,10149,5.0L V8,Automatic,57697,New,114,Chicago,True,13474,60
2299,2023-11-02,Customer 2299,555-705-7810,customer2299@email.com,Hyundai,Elantra,2019,Black,SUV,56615,2.5L I4,CVT,34400,Used,105,Phoenix,True,4246,36
2300,2023-08-12,Customer 2300,555-488-8818,customer2300@email.com,Mercedes,C-Class,2024,Green,Truck,12170,2.0L I4,Manual,16870,New,116,Chicago,True,3019,36
2301,2023-06-02,Customer 2301,555-616-5145,customer2301@email.com,Jeep,Grand Cherokee,2024,Black,SUV,32936,3.5L V6,Manual,45041,New,119,Houston,True,10404,48
2302,2023-06-12,Customer 2302,555-505-7127,customer2302@email.com,Honda,CR-V,2022,Gray,SUV,28419,3.6L V6,Automatic,24529,Used,105,Chicago,True,1434,48
2303,2023-11-17,Customer 2303,555-875-1374,customer2303@email.com,Chevrolet,Silverado,2018,White,Coupe,29141,2.5L I4,Automatic,20350,New,111,San Jose,False,0,0
2304,2024-01-08,Customer 2304,555-465-3965,customer2304@email.com,Ford,Mustang,2020,Green,SUV,8107,2.0L I4,Automatic,31030,Used,105,Los Angeles,True,5189,48
2305,2023-12-26,Customer 2305,555-240-2655,customer2305@email.com,Audi,A6,2018,Blue,Truck,52271,2.0L I4,Automatic,22741,New,101,New York,False,0,0
2306,2024-01-21,Customer 2306,555-576-6282,customer2306@email.com,Honda,Civic,2022,Green,SUV,51798,3.6L V6,Manual,25163,New,101,Los Angeles,False,0,0
2307,2023-06-18,Customer 2307,555-284-3853,customer2307@email.com,BMW,5 Series,2019,Blue,SUV,14651,3.6L V6,Manual,17332,New,120,Phoenix,False,0,0
2308,2023-09-04,Customer 2308,555-327-4808,customer2308@email.com,Audi,A6,2019,Red,Sedan,12522,2.5L I4,Manual,17571,New,119,San Diego,False,0,0
2309,2023-09-25,Customer 2309,555-856-9624,customer2309@email.com,Mercedes,E-Class,2023,Gray,Sedan,36475,3.6L V6,Automatic,27379,New,105,Chicago,True,4292,72
2310,2023-07-14,Customer 2310,555-659-1853,customer2310@email.com,Mercedes,C-Class,2022,Red,Sedan,22150,2.5L I4,Automatic,34059,Used,112,Houston,True,6990,72
2311,2023-10-17,Customer 2311,555-468-4358,customer2311@email.com,Honda,Accord,2020,Green,SUV,19510,2.0L I4,Manual,31634,Used,110,Chicago,True,1531,36
2312,2023-12-18,Customer 2312,555-940-7245,customer2312@email.com,Chevrolet,Equinox,2024,Silver,Coupe,12037,5.0L V8,CVT,44962,New,119,Dallas,False,0,0
2313,2023-08-29,Customer 2313,555-210-3005,customer2313@email.com,Chevrolet,Silverado,2018,Black,Truck,27744,2.0L I4,Manual,53956,Used,101,Philadelphia,False,0,0
2314,2023-04-03,Customer 2314,555-629-2762,customer2314@email.com,Audi,A6,2020,Red,SUV,24840,3.6L V6,CVT,27075,New,110,Philadelphia,False,0,0
2315,2023-03-03,Customer 2315,555-464-9043,customer2315@email.com,Toyota,Camry,2019,Silver,Sedan,10364,3.5L V6,Manual,36082,New,109,Philadelphia,True,6583,60
2316,2024-01-24,Customer 2316,555-703-5232,customer2316@email.com,Toyota,Tacoma,2018,White,Sedan,34224,3.6L V6,Manual,50351,Used,109,San Antonio,False,0,0
2317,2023-12-01,Customer 2317,555-122-6614,customer2317@email.com,Jeep,Cherokee,2023,Silver,Coupe,54639,3.5L V6,Manual,51399,Used,109,Chicago,False,0,0
2318,2023-10-14,Customer 2318,555-734-2723,customer2318@email.com,Mercedes,C-Class,2023,Silver,SUV,52508,2.0L I4,CVT,52683,Used,120,New York,True,11227,48
2319,2023-08-15,Customer 2319,555-561-9998,customer2319@email.com,Nissan,Altima,2019,Silver,Sedan,55572,2.5L I4,Manual,19932,Used,101,Dallas,True,4330,36
2320,2023-01-30,Customer 2320,555-848-6610,customer2320@email.com,Jeep,Grand Cherokee,2021,Blue,Coupe,11809,3.5L V6,CVT,30692,New,119,Chicago,False,0,0
2321,2023-07-27,Customer 2321,555-661-7655,customer2321@email.com,Jeep,Grand Cherokee,2019,Black,SUV,30058,2.0L I4,CVT,25154,New,101,Chicago,False,0,0
2322,2023-02-28,Customer 2322,555-321-7876,customer2322@email.com,Ford,Mustang,2021,Gray,Truck,46673,2.0L I4,CVT,45553,New,108,Houston,False,0,0
2323,2023-05-19,Customer 2323,555-530-2111,customer2323@email.com,Ford,Escape,2019,Green,Coupe,9113,2.5L I4,Manual,26007,Used,117,Houston,True,6105,60
2324,2023-04-10,Customer 2324,555-971-3729,customer2324@email.com,Chevrolet,Silverado,2019,Green,Sedan,17977,2.0L I4,CVT,31445,New,120,New York,True,6342,72
2325,2023-06-09,Customer 2325,555-796-2090,customer2325@email.com,Ford,Mustang,2023,Gray,Coupe,18239,3.6L V6,Manual,35063,New,103,Los Angeles,True,1366,36
2326,2023-12-17,Customer 2326,555-517-8610,customer2326@email.com,Honda,Accord,2022,Gray,Sedan,5468,2.5L I4,CVT,51101,Used,101,San Antonio,False,0,0
2327,2023-05-31,Customer 2327,555-544-5331,customer2327@email.com,Ford,Escape,2024,Gray,SUV,21029,3.5L V6,Automatic,45772,Used,103,Philadelphia,False,0,0
2328,2023-01-13,Customer 2328,555-664-7286,customer2328@email.com,Nissan,Altima,2018,Silver,Sedan,20115,2.0L I4,Manual,51227,Used,111,Chicago,True,11930,60
2329,2023-07-29,Customer 2329,555-904-4828,customer2329@email.com,Mercedes,S-Class,2019,Red,SUV,25052,5.0L V8,Automatic,28378,New,102,Phoenix,True,3916,72
2330,2023-06-18,Customer 2330,555-427-3111,customer2330@email.com,Jeep,Grand Cherokee,2019,Red,SUV,44738,3.6L V6,CVT,36219,New,106,Chicago,True,7190,72
2331,2023-02-27,Customer 2331,555-102-6746,customer2331@email.com,Jeep,Cherokee,2021,Gray,Truck,36181,3.5L V6,CVT,46103,Used,105,Los Angeles,True,5216,48
2332,2023-11-13,Customer 2332,555-501-4310,customer2332@email.com,BMW,3 Series,2019,Gray,Truck,56220,2.0L I4,CVT,38874,Used,106,Los Angeles,False,0,0
2333,2023-02-25,Customer 2333,555-445-6310,customer2333@email.com,BMW,5 Series,2021,Silver,SUV,19670,5.0L V8,Manual,25536,New,112,New York,False,0,0
2334,2023-04-08,Customer 2334,555-957-5501,customer2334@email.com,Chevrolet,Equinox,2023,Black,Sedan,38692,5.0L V8,Automatic,49631,Used,120,Phoenix,True,1382,60
2335,2023-05-26,Customer 2335,555-612-8277,customer2335@email.com,Honda,Civic,2018,White,SUV,24589,5.0L V8,Manual,37113,Used,120,Chicago,False,0,0
2336,2023-10-30,Customer 2336,555-164-9181,customer2336@email.com,Audi,Q5,2022,Green,Truck,44392,5.0L V8,CVT,18635,New,103,New York,True,3839,72
2337,2023-04-15,Customer 2337,555-757-1365,customer2337@email.com,Chevrolet,Equinox,2019,Black,Sedan,15678,2.5L I4,CVT,58989,New,120,New York,True,25,60
2338,2023-04-13,Customer 2338,555-744-9560,customer2338@email.com,Chevrolet,Traverse,2022,Blue,Sedan,46328,2.5L I4,CVT,59687,Used,118,San Diego,True,1339,36
2339,2023-11-05,Customer 2339,555-539-5714,customer2339@email.com,Audi,Q5,2021,Black,Sedan,23486,2.5L I4,CVT,37146,New,103,Phoenix,True,8627,36
2340,2023-03-14,Customer 2340,555-382-5579,customer2340@email.com,Ford,F-150,2021,Black,Coupe,23892,3.5L V6,Automatic,59060,Used,111,Los Angeles,True,9011,48
2341,2023-05-11,Customer 2341,555-337-7016,customer2341@email.com,Chevrolet,Equinox,2020,White,Sedan,33375,5.0L V8,CVT,29993,Used,117,Los Angeles,False,0,0
2342,2023-01-13,Customer 2342,555-192-6066,customer2342@email.com,BMW,5 Series,2018,Red,Truck,21734,5.0L V8,Manual,21558,Used,116,Chicago,True,5344,36
2343,2023-03-30,Customer 2343,555-710-2692,customer2343@email.com,Toyota,Tacoma,2024,Gray,Truck,2533,3.6L V6,Automatic,34359,New,115,San Jose,False,0,0
2344,2023-02-08,Customer 2344,555-341-8704,customer2344@email.com,Honda,Accord,2020,White,Coupe,42950,2.0L I4,Automatic,40424,New,107,San Jose,True,6395,0
2345,2023-09-06,Customer 2345,555-176-8865,customer2345@email.com,Chevrolet,Silverado,2018,Blue,Coupe,15855,2.5L I4,Automatic,40585,New,108,Dallas,False,0,0
2346,2023-11-10,Customer 2346,555-975-1123,customer2346@email.com,Nissan,Titan,2019,Green,Truck,45778,3.5L V6,CVT,51878,Used,110,San Antonio,True,1172,36
2347,2023-03-31,Customer 2347,555-235-2572,customer2347@email.com,Hyundai,Tucson,2022,White,Coupe,29408,2.5L I4,Manual,55887,Used,101,Philadelphia,True,13393,0
2348,2023-05-29,Customer 2348,555-339-5638,customer2348@email.com,BMW,5 Series,2019,Silver,Coupe,37644,3.6L V6,Automatic,17263,New,112,Phoenix,False,0,0
2349,2023-03-15,Customer 2349,555-402-1007,customer2349@email.com,Ford,Escape,2018,Blue,Truck,17712,5.0L V8,Manual,52718,Used,107,San Jose,True,8028,48
2350,2023-03-27,Customer 2350,555-424-7046,customer2350@email.com,Ford,Escape,2024,Gray,Sedan,54391,5.0L V8,CVT,33146,Used,110,Dallas,False,0,0
2351,2023-12-03,Customer 2351,555-251-1216,customer2351@email.com,Jeep,Cherokee,2018,Gray,SUV,13856,3.6L V6,CVT,35682,New,104,Dallas,True,960,0
2352,2023-08-28,Customer 2352,555-579-6066,customer2352@email.com,Chevrolet,Traverse,2019,Green,Coupe,19540,3.5L V6,Manual,40878,New,116,Dallas,False,0,0
2353,2023-09-15,Customer 2353,555-879-4112,customer2353@email.com,Chevrolet,Silverado,2023,Green,Sedan,49236,3.5L V6,CVT,46089,New,105,San Antonio,True,3266,48
2354,2023-12-24,Customer 2354,555-850-9966,customer2354@email.com,Hyundai,Elantra,2019,Silver,Truck,28180,2.5L I4,Automatic,42606,New,118,San Antonio,True,5970,72
2355,2023-10-16,Customer 2355,555-160-8327,customer2355@email.com,BMW,3 Series,2024,White,Coupe,52611,3.5L V6,CVT,33378,New,109,San Diego,False,0,0
2356,2023-12-25,Customer 2356,555-347-8285,customer2356@email.com,Nissan,Rogue,2023,Blue,Coupe,25866,2.0L I4,Manual,25429,New,109,Phoenix,False,0,0
2357,2023-12-08,Customer 2357,555-154-6084,customer2357@email.com,Chevrolet,Equinox,2019,White,Truck,38926,3.6L V6,Manual,22254,Used,105,Phoenix,True,1374,60
2358,2023-03-23,Customer 2358,555-362-9586,customer2358@email.com,Honda,Civic,2020,Red,Sedan,32329,2.5L I4,CVT,22057,Used,117,Houston,False,0,0
2359,2023-08-09,Customer 2359,555-329-1796,customer2359@email.com,Hyundai,Elantra,2022,White,Sedan,23340,5.0L V8,Manual,56590,New,102,Los Angeles,False,0,0
2360,2023-09-23,Customer 2360,555-315-5514,customer2360@email.com,Chevrolet,Silverado,2024,White,SUV,11973,2.5L I4,Manual,21558,Used,106,New York,False,0,0
2361,2023-10-02,Customer 2361,555-190-2133,customer2361@email.com,Ford,F-150,2023,Black,Coupe,10297,3.5L V6,Automatic,20678,New,115,Los Angeles,True,3207,48
2362,2023-07-20,Customer 2362,555-440-8380,customer2362@email.com,Toyota,RAV4,2018,Green,SUV,32384,5.0L V8,Automatic,57451,New,108,San Jose,False,0,0
2363,2023-06-24,Customer 2363,555-253-8033,customer2363@email.com,Mercedes,S-Class,2022,Gray,Sedan,40511,3.5L V6,CVT,30822,New,108,San Diego,True,2840,72
2364,2023-06-18,Customer 2364,555-861-1115,customer2364@email.com,Jeep,Wrangler,2022,Black,Coupe,32524,3.6L V6,CVT,26794,Used,113,Philadelphia,False,0,0
2365,2023-03-23,Customer 2365,555-760-5152,customer2365@email.com,BMW,3 Series,2024,Black,Sedan,28095,2.0L I4,CVT,29213,Used,117,San Antonio,False,0,0
2366,2023-08-31,Customer 2366,555-754-3860,customer2366@email.com,Toyota,Tacoma,2019,White,Coupe,6349,5.0L V8,Automatic,51727,Used,111,San Antonio,False,0,0
2367,2023-04-18,Customer 2367,555-757-1860,customer2367@email.com,Mercedes,C-Class,2019,Gray,Coupe,26618,2.0L I4,CVT,19862,Used,113,Houston,False,0,0
2368,2023-08-26,Customer 2368,555-855-4201,customer2368@email.com,Hyundai,Elantra,2021,Silver,Coupe,43655,3.5L V6,CVT,22796,Used,116,New York,False,0,0
2369,2023-07-10,Customer 2369,555-695-7164,customer2369@email.com,Chevrolet,Silverado,2021,Silver,SUV,44582,5.0L V8,Manual,20100,Used,102,Los Angeles,False,0,0
2370,2023-08-08,Customer 2370,555-918-1582,customer2370@email.com,Hyundai,Sonata,2021,Red,Coupe,56935,3.5L V6,CVT,34737,Used,101,Los Angeles,False,0,0
2371,2023-09-18,Customer 2371,555-945-6282,customer2371@email.com,Ford,F-150,2019,Silver,Sedan,11655,3.6L V6,Manual,54187,Used,117,Houston,True,3396,60
2372,2023-09-26,Customer 2372,555-344-8338,customer2372@email.com,Nissan,Rogue,2023,White,Sedan,30611,2.0L I4,CVT,22810,New,120,New York,False,0,0
2373,2023-08-20,Customer 2373,555-358-3711,customer2373@email.com,Nissan,Altima,2018,Blue,Sedan,41331,5.0L V8,Manual,20630,Used,106,San Jose,True,3730,36
2374,2023-01-15,Customer 2374,555-619-7844,customer2374@email.com,Ford,Escape,2023,Red,Truck,16370,2.5L I4,Automatic,58204,Used,101,San Diego,False,0,0
2375,2023-09-16,Customer 2375,555-407-2556,customer2375@email.com,Chevrolet,Silverado,2019,White,SUV,18825,3.6L V6,Manual,30375,Used,118,Phoenix,True,7293,48
2376,2023-07-24,Customer 2376,555-690-3062,customer2376@email.com,Nissan,Altima,2023,Blue,Sedan,43013,3.6L V6,Automatic,31307,Used,108,Phoenix,False,0,0
2377,2023-05-04,Customer 2377,555-256-3185,customer2377@email.com,Chevrolet,Equinox,2020,Red,Sedan,5095,5.0L V8,Automatic,35536,Used,110,Los Angeles,False,0,0
2378,2023-08-24,Customer 2378,555-957-3796,customer2378@email.com,Honda,Accord,2021,Silver,SUV,41244,2.5L I4,Manual,48093,New,114,Phoenix,True,1579,72
2379,2023-07-04,Customer 2379,555-906-6126,customer2379@email.com,Mercedes,S-Class,2024,Green,SUV,40751,3.6L V6,CVT,55918,New,116,Phoenix,True,10823,0
2380,2023-01-20,Customer 2380,555-146-6873,customer2380@email.com,Honda,CR-V,2020,Silver,Truck,23542,2.0L I4,Automatic,35793,New,119,Chicago,True,1772,72
2381,2023-03-29,Customer 2381,555-195-3050,customer2381@email.com,Chevrolet,Equinox,2021,Silver,Coupe,35382,5.0L V8,Manual,46329,Used,108,New York,False,0,0
2382,2023-10-06,Customer 2382,555-697-8934,customer2382@email.com,BMW,X5,2021,Black,Sedan,58911,3.5L V6,Automatic,52089,Used,105,Los Angeles,False,0,0
2383,2024-01-12,Customer 2383,555-428-9285,customer2383@email.com,Ford,F-150,2024,Blue,Sedan,29159,3.5L V6,CVT,48308,New,108,Los Angeles,False,0,0
2384,2023-08-02,Customer 2384,555-600-7977,customer2384@email.com,Chevrolet,Traverse,2021,Silver,Truck,54422,2.0L I4,CVT,23188,New,116,Los Angeles,True,2879,36
2385,2023-07-26,Customer 2385,555-634-3940,customer2385@email.com,Chevrolet,Traverse,2018,Green,Coupe,31201,2.5L I4,CVT,26566,Used,115,New York,False,0,0
2386,2023-09-19,Customer 2386,555-568-6978,customer2386@email.com,Toyota,RAV4,2018,Gray,Sedan,51949,2.5L I4,Manual,59674,Used,113,San Jose,False,0,0
2387,2023-09-21,Customer 2387,555-401-2848,customer2387@email.com,BMW,3 Series,2023,Green,Sedan,47720,3.6L V6,CVT,40242,Used,102,Los Angeles,False,0,0
2388,2023-12-18,Customer 2388,555-895-3127,customer2388@email.com,BMW,5 Series,2022,Silver,Coupe,40487,2.5L I4,Automatic,40535,Used,105,New York,False,0,0
2389,2023-01-26,Customer 2389,555-178-2864,customer2389@email.com,Hyundai,Sonata,2018,Gray,SUV,27184,2.0L I4,Manual,53561,Used,105,San Diego,True,13103,36
2390,2023-01-04,Customer 2390,555-702-6312,customer2390@email.com,Hyundai,Tucson,2021,White,Truck,31107,3.5L V6,CVT,20006,New,111,Dallas,True,11,48
2391,2023-12-20,Customer 2391,555-755-6996,customer2391@email.com,Ford,F-150,2024,Blue,SUV,30004,2.0L I4,Manual,46051,New,106,Chicago,False,0,0
2392,2023-08-25,Customer 2392,555-557-5923,customer2392@email.com,Honda,CR-V,2018,Black,Truck,11547,5.0L V8,Manual,46649,New,120,Chicago,True,8062,72
2393,2023-03-18,Customer 2393,555-271-2147,customer2393@email.com,Honda,CR-V,2022,Silver,Sedan,54109,3.5L V6,Automatic,35782,New,104,Chicago,False,0,0
2394,2023-04-12,Customer 2394,555-218-3186,customer2394@email.com,Nissan,Altima,2024,Red,Truck,1887,2.0L I4,CVT,50223,Used,105,Los Angeles,True,12242,36
2395,2023-10-31,Customer 2395,555-867-1717,customer2395@email.com,BMW,5 Series,2018,White,Truck,10091,2.5L I4,CVT,17087,New,115,New York,False,0,0
2396,2023-07-27,Customer 2396,555-265-4975,customer2396@email.com,Toyota,RAV4,2020,White,SUV,55572,2.5L I4,Manual,40827,New,115,San Diego,True,9509,72
2397,2023-12-07,Customer 2397,555-820-8875,customer2397@email.com,Jeep,Cherokee,2023,White,SUV,37887,2.5L I4,CVT,32896,Used,115,Chicago,True,3528,36
2398,2023-11-15,Customer 2398,555-205-1994,customer2398@email.com,Audi,A4,2020,White,Truck,26894,3.5L V6,Automatic,57956,Used,103,New York,True,8797,0
2399,2023-12-08,Customer 2399,555-953-7057,customer2399@email.com,Mercedes,C-Class,2018,Red,Sedan,35483,3.6L V6,Manual,16975,Used,102,Chicago,False,0,0
2400,2023-12-04,Customer 2400,555-591-8913,customer2400@email.com,Mercedes,C-Class,2018,White,Sedan,16059,3.6L V6,Manual,29767,Used,112,Dallas,False,0,0
2401,2023-04-23,Customer 2401,555-919-2267,customer2401@email.com,Mercedes,S-Class,2019,Gray,Sedan,40336,5.0L V8,CVT,27268,New,103,Dallas,True,4634,72
2402,2023-10-10,Customer 2402,555-975-1406,customer2402@email.com,Toyota,Tacoma,2023,Black,Truck,31233,5.0L V8,Manual,25284,New,116,San Antonio,True,142,60
2403,2023-03-07,Customer 2403,555-998-3924,customer2403@email.com,Hyundai,Tucson,2021,Black,SUV,45484,3.6L V6,CVT,21900,New,113,San Antonio,False,0,0
2404,2023-06-04,Customer 2404,555-231-7530,customer2404@email.com,Ford,Escape,2024,White,Truck,15029,2.0L I4,CVT,33409,New,104,Chicago,False,0,0
2405,2023-06-08,Customer 2405,555-916-6360,customer2405@email.com,Toyota,Tacoma,2019,Blue,Truck,48045,5.0L V8,CVT,20780,New,109,Philadelphia,True,565,72
2406,2023-09-02,Customer 2406,555-380-2872,customer2406@email.com,Jeep,Wrangler,2019,Silver,SUV,50535,5.0L V8,Automatic,41030,Used,109,San Antonio,False,0,0
2407,2023-01-12,Customer 2407,555-235-1969,customer2407@email.com,Hyundai,Sonata,2020,Red,SUV,30761,2.0L I4,CVT,47826,New,117,San Antonio,False,0,0
2408,2023-08-24,Customer 2408,555-449-3834,customer2408@email.com,Toyota,RAV4,2024,Green,Sedan,50119,2.0L I4,CVT,40415,Used,107,San Jose,False,0,0
2409,2023-06-23,Customer 2409,555-415-8965,customer2409@email.com,Hyundai,Sonata,2021,Blue,Truck,38197,3.6L V6,Automatic,54943,Used,115,Houston,True,2500,36
2410,2023-03-16,Customer 2410,555-306-3385,customer2410@email.com,Audi,Q5,2019,Gray,Truck,54921,5.0L V8,Manual,39398,Used,104,San Antonio,False,0,0
2411,2024-01-14,Customer 2411,555-193-9065,customer2411@email.com,Ford,Mustang,2020,White,SUV,12295,5.0L V8,Automatic,15677,New,106,Chicago,False,0,0
2412,2023-10-20,Customer 2412,555-285-5782,customer2412@email.com,Ford,F-150,2022,Green,Truck,9226,5.0L V8,CVT,48014,Used,115,New York,False,0,0
2413,2023-05-20,Customer 2413,555-939-8216,customer2413@email.com,Nissan,Rogue,2019,Blue,SUV,22671,2.5L I4,Automatic,55440,Used,117,Philadelphia,True,9716,48
2414,2023-04-21,Customer 2414,555-708-9563,customer2414@email.com,Toyota,Tacoma,2020,White,SUV,9036,3.6L V6,CVT,19359,New,109,San Antonio,True,3832,72
2415,2024-01-25,Customer 2415,555-217-2837,customer2415@email.com,Ford,Escape,2022,White,Coupe,11101,2.0L I4,Manual,20999,New,102,Phoenix,True,4134,72
2416,2023-09-16,Customer 2416,555-477-7071,customer2416@email.com,Toyota,RAV4,2021,Silver,Coupe,21066,2.5L I4,Manual,49143,New,101,Phoenix,False,0,0
2417,2023-04-28,Customer 2417,555-801-3875,customer2417@email.com,Jeep,Cherokee,2020,Blue,SUV,23257,5.0L V8,Manual,55949,New,102,San Diego,False,0,0
2418,2023-08-19,Customer 2418,555-400-8921,customer2418@email.com,Toyota,Tacoma,2023,White,SUV,36886,2.0L I4,CVT,30594,Used,111,Philadelphia,False,0,0
2419,2023-08-24,Customer 2419,555-138-6010,customer2419@email.com,Ford,F-150,2023,White,Coupe,35755,2.5L I4,Automatic,35775,New,115,Dallas,False,0,0
2420,2023-12-29,Customer 2420,555-622-3853,customer2420@email.com,Ford,Mustang,2022,Black,Truck,28697,5.0L V8,Automatic,16266,Used,108,Phoenix,True,903,36
2421,2023-09-08,Customer 2421,555-184-6619,customer2421@email.com,Nissan,Altima,2022,Red,Coupe,20178,3.5L V6,Automatic,47703,Used,111,Dallas,False,0,0
2422,2023-02-06,Customer 2422,555-174-2060,customer2422@email.com,Hyundai,Tucson,2021,Green,Truck,41044,2.0L I4,Manual,56770,Used,112,San Antonio,True,301,36
2423,2023-10-01,Customer 2423,555-552-7207,customer2423@email.com,Chevrolet,Equinox,2019,Red,Truck,36506,2.5L I4,Manual,54510,Used,113,Philadelphia,False,0,0
2424,2023-01-27,Customer 2424,555-251-2929,customer2424@email.com,Jeep,Grand Cherokee,2023,Red,SUV,32148,2.0L I4,CVT,47814,Used,104,Los Angeles,False,0,0
2425,2023-09-18,Customer 2425,555-218-2392,customer2425@email.com,Audi,A6,2023,White,SUV,50186,5.0L V8,Automatic,18649,New,111,Philadelphia,True,3406,48
2426,2023-05-15,Customer 2426,555-437-4299,customer2426@email.com,Chevrolet,Equinox,2021,Silver,Truck,11839,2.5L I4,Automatic,21686,Used,111,New York,True,3024,0
2427,2023-10-25,Customer 2427,555-476-8682,customer2427@email.com,Audi,A6,2021,Silver,Truck,12311,5.0L V8,CVT,33246,Used,120,San Antonio,False,0,0
2428,2023-01-04,Customer 2428,555-912-2688,customer2428@email.com,Toyota,Camry,2020,Green,Sedan,30770,2.0L I4,Manual,56305,New,120,San Antonio,False,0,0
2429,2023-05-22,Customer 2429,555-710-2555,customer2429@email.com,BMW,5 Series,2022,Red,SUV,5922,3.6L V6,Manual,19298,Used,108,Philadelphia,False,0,0
2430,2023-04-11,Customer 2430,555-893-8962,customer2430@email.com,Honda,CR-V,2023,Red,SUV,24007,5.0L V8,CVT,50550,New,105,Dallas,False,0,0
2431,2023-12-29,Customer 2431,555-488-1389,customer2431@email.com,BMW,5 Series,2020,Green,SUV,11487,2.5L I4,CVT,19872,Used,113,Phoenix,True,3657,48
2432,2024-01-09,Customer 2432,555-320-7602,customer2432@email.com,BMW,X5,2018,Red,SUV,32173,2.5L I4,Manual,46610,New,111,Dallas,True,1538,60
2433,2023-05-31,Customer 2433,555-525-6510,customer2433@email.com,Toyota,RAV4,2023,Gray,Truck,29565,3.6L V6,Automatic,40712,Used,119,Chicago,False,0,0
2434,2023-04-12,Customer 2434,555-470-3372,customer2434@email.com,Honda,CR-V,2018,Green,Truck,21273,3.6L V6,CVT,21864,Used,101,Houston,False,0,0
2435,2023-11-11,Customer 2435,555-293-5232,customer2435@email.com,Chevrolet,Equinox,2020,Green,Sedan,37191,5.0L V8,Manual,39538,New,117,Dallas,False,0,0
2436,2023-03-05,Customer 2436,555-494-3943,customer2436@email.com,Toyota,RAV4,2018,Blue,SUV,30330,5.0L V8,Manual,15160,Used,119,San Diego,False,0,0
2437,2023-01-07,Customer 2437,555-804-7792,customer2437@email.com,Ford,Mustang,2023,White,Coupe,20208,2.0L I4,CVT,23521,Used,111,New York,False,0,0
2438,2023-04-04,Customer 2438,555-172-6614,customer2438@email.com,Hyundai,Tucson,2024,Black,Sedan,41314,3.5L V6,Automatic,42245,New,119,Los Angeles,True,421,60
2439,2024-01-17,Customer 2439,555-448-8525,customer2439@email.com,Toyota,Tacoma,2020,Red,Truck,41886,3.5L V6,Manual,47274,New,113,New York,False,0,0
2440,2023-11-15,Customer 2440,555-179-6006,customer2440@email.com,Hyundai,Elantra,2018,Silver,SUV,46296,3.5L V6,Manual,54526,Used,106,Los Angeles,True,10268,48
2441,2024-01-21,Customer 2441,555-981-4287,customer2441@email.com,Honda,CR-V,2020,Red,Truck,43737,2.5L I4,CVT,55580,New,119,Philadelphia,True,396,72
2442,2023-05-19,Customer 2442,555-535-4435,customer2442@email.com,Jeep,Cherokee,2018,Black,Coupe,54857,3.5L V6,CVT,41467,Used,102,New York,False,0,0
2443,2024-01-08,Customer 2443,555-179-6109,customer2443@email.com,Audi,A4,2019,Red,Truck,49260,2.0L I4,Manual,42775,Used,102,Philadelphia,False,0,0
2444,2023-05-14,Customer 2444,555-690-6395,customer2444@email.com,Mercedes,C-Class,2019,Gray,Sedan,58294,3.6L V6,CVT,35477,Used,106,Dallas,False,0,0
2445,2023-06-17,Customer 2445,555-350-8457,customer2445@email.com,Audi,A6,2020,Black,Coupe,18928,5.0L V8,Automatic,52417,Used,110,Philadelphia,True,9792,36
2446,2023-10-19,Customer 2446,555-319-8542,customer2446@email.com,Toyota,Tacoma,2019,Silver,SUV,39946,3.6L V6,CVT,53407,New,101,Los Angeles,False,0,0
2447,2023-05-16,Customer 2447,555-457-3709,customer2447@email.com,Hyundai,Elantra,2019,Blue,Sedan,22834,3.5L V6,CVT,43279,Used,103,San Jose,False,0,0
2448,2023-06-30,Customer 2448,555-830-4900,customer2448@email.com,Mercedes,E-Class,2019,Gray,Truck,14321,3.5L V6,Manual,20445,Used,113,Los Angeles,False,0,0
2449,2023-01-11,Customer 2449,555-979-6296,customer2449@email.com,Hyundai,Tucson,2021,Blue,Sedan,40992,2.0L I4,Manual,29430,New,116,Houston,True,2529,60
2450,2023-10-14,Customer 2450,555-688-7248,customer2450@email.com,Hyundai,Sonata,2020,Red,Coupe,55847,3.5L V6,CVT,41626,New,116,Houston,True,2335,36
2451,2023-02-24,Customer 2451,555-460-5534,customer2451@email.com,Honda,CR-V,2019,Blue,Truck,44969,2.5L I4,Automatic,38168,New,101,Dallas,False,0,0
2452,2024-01-14,Customer 2452,555-637-5551,customer2452@email.com,Honda,CR-V,2023,Green,Sedan,22687,3.5L V6,Automatic,50970,Used,107,San Diego,False,0,0
2453,2023-08-14,Customer 2453,555-847-4147,customer2453@email.com,Toyota,Camry,2024,Black,Truck,43695,5.0L V8,CVT,36746,New,110,Houston,True,5282,36
2454,2024-01-25,Customer 2454,555-221-2409,customer2454@email.com,Ford,F-150,2018,Black,Coupe,23004,5.0L V8,Manual,20975,New,109,San Jose,False,0,0
2455,2023-08-25,Customer 2455,555-543-4652,customer2455@email.com,Ford,Escape,2021,Blue,Coupe,46796,3.5L V6,Manual,49234,Used,113,New York,True,2456,72
2456,2023-06-29,Customer 2456,555-238-8493,customer2456@email.com,Chevrolet,Equinox,2019,Blue,Coupe,30848,2.0L I4,Manual,29191,New,105,New York,False,0,0
2457,2023-12-11,Customer 2457,555-393-5132,customer2457@email.com,Ford,F-150,2021,Blue,Coupe,35119,3.5L V6,CVT,40777,New,108,New York,True,2237,48
2458,2023-08-01,Customer 2458,555-791-7760,customer2458@email.com,BMW,X5,2019,Gray,Sedan,8444,3.6L V6,Manual,20174,New,106,Phoenix,False,0,0
2459,2024-01-27,Customer 2459,555-864-7184,customer2459@email.com,Hyundai,Tucson,2024,Silver,Coupe,20477,3.5L V6,Automatic,58385,Used,119,Chicago,False,0,0
2460,2023-09-03,Customer 2460,555-811-8077,customer2460@email.com,Honda,CR-V,2021,White,Sedan,37118,5.0L V8,Automatic,36430,New,118,San Antonio,False,0,0
2461,2023-03-20,Customer 2461,555-631-4207,customer2461@email.com,BMW,3 Series,2018,White,SUV,16809,3.6L V6,CVT,34469,New,114,San Jose,False,0,0
2462,2023-04-14,Customer 2462,555-854-1201,customer2462@email.com,Nissan,Titan,2023,Red,Sedan,57491,3.6L V6,CVT,40293,New,102,San Jose,True,4064,0
2463,2023-06-10,Customer 2463,555-539-6923,customer2463@email.com,Honda,CR-V,2020,Green,Truck,38787,5.0L V8,CVT,58814,New,112,New York,False,0,0
2464,2023-12-28,Customer 2464,555-408-8406,customer2464@email.com,Nissan,Altima,2020,Green,SUV,46952,5.0L V8,Manual,54301,New,103,Philadelphia,True,8070,72
2465,2023-07-28,Customer 2465,555-459-6503,customer2465@email.com,Audi,A6,2019,Gray,Coupe,57206,2.0L I4,Automatic,57025,New,119,San Antonio,False,0,0
2466,2023-12-12,Customer 2466,555-436-6045,customer2466@email.com,Jeep,Grand Cherokee,2019,Silver,SUV,8995,2.5L I4,CVT,19725,New,104,Philadelphia,False,0,0
2467,2023-01-08,Customer 2467,555-153-3537,customer2467@email.com,Audi,A6,2019,Blue,SUV,26433,5.0L V8,Automatic,52487,New,113,Houston,False,0,0
2468,2023-09-07,Customer 2468,555-221-7976,customer2468@email.com,Jeep,Cherokee,2024,White,Coupe,1725,2.0L I4,Manual,27360,New,102,San Antonio,False,0,0
2469,2023-06-12,Customer 2469,555-987-1919,customer2469@email.com,Honda,CR-V,2020,Gray,Sedan,54468,3.6L V6,Manual,51426,Used,104,Dallas,True,4342,36
2470,2023-02-02,Customer 2470,555-884-2977,customer2470@email.com,Audi,A4,2019,Black,Sedan,37193,2.0L I4,CVT,38174,New,107,Chicago,True,512,36
2471,2023-09-21,Customer 2471,555-300-8310,customer2471@email.com,Nissan,Rogue,2024,Green,Sedan,9682,2.5L I4,Automatic,18582,Used,116,New York,False,0,0
2472,2023-10-29,Customer 2472,555-707-8624,customer2472@email.com,Honda,Accord,2020,Blue,Truck,28568,3.6L V6,Manual,40132,Used,104,Dallas,False,0,0
2473,2023-02-01,Customer 2473,555-394-5258,customer2473@email.com,Toyota,Tacoma,2022,Gray,SUV,24314,3.6L V6,CVT,38845,Used,112,San Antonio,True,4234,72
2474,2023-09-25,Customer 2474,555-112-8685,customer2474@email.com,Hyundai,Sonata,2021,Green,Sedan,12749,3.5L V6,Manual,50592,Used,103,Houston,False,0,0
2475,2024-01-14,Customer 2475,555-447-6091,customer2475@email.com,BMW,X5,2023,Gray,SUV,57818,2.0L I4,Manual,23003,New,104,San Diego,True,930,0
2476,2023-07-11,Customer 2476,555-635-6813,customer2476@email.com,Mercedes,C-Class,2021,Green,Sedan,57586,2.5L I4,CVT,23448,New,103,San Diego,True,1609,48
2477,2023-10-02,Customer 2477,555-981-6366,customer2477@email.com,Audi,Q5,2024,Black,Sedan,44393,3.6L V6,CVT,34705,Used,108,San Antonio,False,0,0
2478,2023-05-20,Customer 2478,555-110-1295,customer2478@email.com,Chevrolet,Equinox,2018,Silver,Coupe,33910,3.5L V6,CVT,16266,New,114,Chicago,False,0,0
2479,2023-05-24,Customer 2479,555-179-9643,customer2479@email.com,Ford,Escape,2021,Black,SUV,9358,3.5L V6,CVT,26198,Used,116,Phoenix,True,5433,0
2480,2023-05-01,Customer 2480,555-204-8764,customer2480@email.com,Nissan,Titan,2023,Gray,Sedan,12442,3.5L V6,Manual,32132,New,111,San Diego,False,0,0
2481,2023-03-24,Customer 2481,555-865-3345,customer2481@email.com,Jeep,Grand Cherokee,2021,Green,Sedan,12178,2.5L I4,Automatic,34741,New,110,Phoenix,False,0,0
2482,2023-02-17,Customer 2482,555-674-1053,customer2482@email.com,Chevrolet,Silverado,2024,Blue,Truck,13538,2.0L I4,Manual,59400,New,120,Phoenix,True,11932,48
2483,2023-11-30,Customer 2483,555-503-5916,customer2483@email.com,Honda,CR-V,2021,Silver,Truck,9119,5.0L V8,CVT,20304,New,116,San Jose,True,1001,72
2484,2023-04-24,Customer 2484,555-637-2213,customer2484@email.com,BMW,3 Series,2023,Blue,Truck,18737,3.6L V6,Automatic,40949,New,109,Los Angeles,False,0,0
2485,2023-01-04,Customer 2485,555-771-2964,customer2485@email.com,Chevrolet,Silverado,2023,Red,Truck,47522,3.6L V6,Manual,58340,New,118,New York,False,0,0
2486,2023-11-10,Customer 2486,555-127-1086,customer2486@email.com,Mercedes,S-Class,2019,Gray,Truck,46662,3.5L V6,Manual,54482,New,107,Los Angeles,True,7494,36
2487,2023-01-16,Customer 2487,555-307-6413,customer2487@email.com,Hyundai,Sonata,2023,Silver,Coupe,44460,2.5L I4,Automatic,25776,New,118,Chicago,True,5667,36
2488,2023-05-17,Customer 2488,555-792-1198,customer2488@email.com,Ford,F-150,2024,White,Coupe,52793,2.0L I4,Automatic,36764,New,109,Philadelphia,True,2842,72
2489,2023-11-24,Customer 2489,555-466-5217,customer2489@email.com,Nissan,Altima,2020,Black,SUV,25007,3.6L V6,Automatic,41974,New,112,Chicago,False,0,0
2490,2023-03-21,Customer 2490,555-199-5380,customer2490@email.com,Mercedes,C-Class,2021,Red,Coupe,17187,3.5L V6,Automatic,35125,Used,117,Dallas,False,0,0
2491,2023-07-26,Customer 2491,555-266-3905,customer2491@email.com,BMW,3 Series,2023,Silver,Truck,31594,3.6L V6,Manual,19739,New,114,San Antonio,True,1264,60
2492,2023-07-21,Customer 2492,555-579-4299,customer2492@email.com,Honda,Accord,2018,White,Coupe,46659,3.6L V6,Manual,41151,New,106,Houston,False,0,0
2493,2023-07-25,Customer 2493,555-423-4941,customer2493@email.com,Honda,Civic,2018,Gray,Sedan,53487,2.0L I4,Automatic,31002,Used,109,Dallas,False,0,0
2494,2023-05-03,Customer 2494,555-209-4133,customer2494@email.com,Mercedes,S-Class,2023,Silver,SUV,24452,2.5L I4,Automatic,15764,Used,118,Philadelphia,True,1944,72
2495,2023-12-04,Customer 2495,555-753-5967,customer2495@email.com,Audi,Q5,2020,Blue,Coupe,47654,2.0L I4,CVT,41617,Used,115,San Jose,True,4692,0
2496,2023-09-01,Customer 2496,555-380-3184,customer2496@email.com,Audi,Q5,2019,Silver,Sedan,52814,3.6L V6,Automatic,40050,New,116,San Antonio,False,0,0
2497,2023-05-12,Customer 2497,555-652-1114,customer2497@email.com,BMW,3 Series,2019,Green,Sedan,40297,5.0L V8,Manual,55265,Used,108,San Jose,True,12362,60
2498,2023-10-29,Customer 2498,555-199-2601,customer2498@email.com,Ford,F-150,2019,Gray,Truck,10733,2.5L I4,Automatic,44305,New,108,Phoenix,False,0,0
2499,2023-01-16,Customer 2499,555-919-3221,customer2499@email.com,Toyota,Camry,2020,Green,SUV,10368,5.0L V8,Automatic,44993,Used,120,Chicago,False,0,0
2500,2023-03-22,Customer 2500,555-925-8279,customer2500@email.com,Audi,A4,2023,Black,Sedan,20423,2.5L I4,Automatic,15691,New,109,San Jose,False,0,0
2501,2023-04-11,Customer 2501,555-845-6421,customer2501@email.com,Audi,Q5,2024,Red,Truck,28633,5.0L V8,Manual,21125,New,114,Chicago,False,0,0
2502,2023-09-27,Customer 2502,555-238-7538,customer2502@email.com,Chevrolet,Traverse,2021,Silver,Sedan,48956,2.5L I4,Manual,44934,Used,107,Philadelphia,True,5973,60
2503,2023-10-25,Customer 2503,555-399-2168,customer2503@email.com,Mercedes,S-Class,2024,Gray,Coupe,36315,2.0L I4,Automatic,54378,New,103,Chicago,False,0,0
2504,2023-05-12,Customer 2504,555-339-2287,customer2504@email.com,Honda,Accord,2024,Gray,Sedan,29575,3.5L V6,Manual,21839,Used,105,Dallas,False,0,0
2505,2023-06-22,Customer 2505,555-618-4123,customer2505@email.com,Audi,A6,2023,White,Truck,31910,5.0L V8,Automatic,25056,New,111,San Diego,False,0,0
2506,2023-02-15,Customer 2506,555-179-3462,customer2506@email.com,Ford,F-150,2024,Black,SUV,51666,2.0L I4,CVT,42746,Used,104,Dallas,True,7189,0
2507,2023-08-28,Customer 2507,555-964-9671,customer2507@email.com,BMW,X5,2021,Green,Coupe,39856,5.0L V8,Automatic,56181,New,119,Phoenix,True,10020,36
2508,2023-05-04,Customer 2508,555-867-7347,customer2508@email.com,Mercedes,E-Class,2019,Blue,SUV,53355,3.6L V6,Automatic,42048,Used,117,San Antonio,False,0,0
2509,2023-10-06,Customer 2509,555-915-5315,customer2509@email.com,Honda,Civic,2022,Green,SUV,56922,3.5L V6,Manual,20169,New,117,Chicago,True,4286,0
2510,2024-01-14,Customer 2510,555-512-9609,customer2510@email.com,Chevrolet,Traverse,2024,Green,Truck,17189,3.5L V6,Automatic,43146,Used,106,Houston,True,9769,36
2511,2023-12-08,Customer 2511,555-428-8435,customer2511@email.com,Hyundai,Sonata,2022,Black,SUV,59794,3.5L V6,Automatic,55341,New,106,San Antonio,True,31,60
2512,2023-09-23,Customer 2512,555-481-2736,customer2512@email.com,Toyota,Camry,2024,Silver,Truck,15053,3.5L V6,CVT,16044,Used,106,Phoenix,False,0,0
2513,2023-10-31,Customer 2513,555-214-6307,customer2513@email.com,BMW,3 Series,2021,Gray,Sedan,9982,3.5L V6,Manual,27176,New,111,Los Angeles,False,0,0
2514,2023-02-16,Customer 2514,555-742-6217,customer2514@email.com,Honda,CR-V,2021,Green,Truck,36733,3.6L V6,CVT,20563,Used,106,San Jose,True,644,0
2515,2023-05-01,Customer 2515,555-399-7514,customer2515@email.com,Honda,CR-V,2021,Green,SUV,5186,3.6L V6,Manual,43033,New,120,Dallas,True,2294,36
2516,2023-05-10,Customer 2516,555-548-3742,customer2516@email.com,Chevrolet,Equinox,2019,Green,Truck,44683,3.6L V6,Automatic,39643,New,113,Dallas,False,0,0
2517,2023-09-08,Customer 2517,555-581-8226,customer2517@email.com,Jeep,Cherokee,2021,Red,Truck,40248,2.5L I4,Manual,24337,Used,101,San Antonio,True,5135,0
2518,2023-09-06,Customer 2518,555-108-6535,customer2518@email.com,Mercedes,E-Class,2024,White,Truck,17590,2.0L I4,CVT,29757,New,120,New York,True,2965,48
2519,2023-05-10,Customer 2519,555-603-1206,customer2519@email.com,Chevrolet,Equinox,2019,White,Sedan,57256,3.5L V6,CVT,18346,New,110,Houston,False,0,0
2520,2023-10-02,Customer 2520,555-951-1740,customer2520@email.com,Audi,A6,2019,Green,Sedan,58196,2.5L I4,Automatic,24311,Used,116,Chicago,True,2434,72
2521,2023-02-14,Customer 2521,555-271-3127,customer2521@email.com,Mercedes,S-Class,2018,Gray,Coupe,52949,5.0L V8,Manual,21671,New,112,Chicago,True,1302,0
2522,2024-01-06,Customer 2522,555-661-5166,customer2522@email.com,Hyundai,Elantra,2022,Green,SUV,55306,3.5L V6,CVT,18945,Used,105,San Antonio,False,0,0
2523,2023-01-28,Customer 2523,555-853-9731,customer2523@email.com,Audi,A4,2024,Silver,Truck,37982,3.5L V6,CVT,26685,Used,106,Los Angeles,True,2062,48
2524,2023-11-12,Customer 2524,555-578-1494,customer2524@email.com,Honda,CR-V,2019,White,Sedan,38173,2.0L I4,CVT,24238,New,112,San Diego,False,0,0
2525,2023-02-27,Customer 2525,555-139-3211,customer2525@email.com,BMW,X5,2023,Gray,SUV,36277,2.5L I4,Automatic,15886,Used,111,Philadelphia,False,0,0
2526,2024-01-07,Customer 2526,555-857-5745,customer2526@email.com,Toyota,Tacoma,2024,Black,Truck,16246,5.0L V8,Manual,48884,New,103,Dallas,True,7421,0
2527,2023-04-29,Customer 2527,555-360-8134,customer2527@email.com,Mercedes,C-Class,2024,Black,SUV,23701,2.0L I4,CVT,32569,Used,101,Chicago,True,1688,60
2528,2023-04-13,Customer 2528,555-836-1455,customer2528@email.com,Ford,Mustang,2023,Silver,Truck,5927,3.5L V6,Automatic,58378,New,116,San Jose,False,0,0
2529,2023-10-28,Customer 2529,555-686-5396,customer2529@email.com,Mercedes,E-Class,2021,Blue,Sedan,6829,3.6L V6,Manual,41102,Used,106,Philadelphia,False,0,0
2530,2024-01-04,Customer 2530,555-745-9208,customer2530@email.com,Jeep,Cherokee,2022,White,Truck,48019,2.5L I4,Manual,42947,New,120,Chicago,True,439,60
2531,2023-08-23,Customer 2531,555-126-9217,customer2531@email.com,Toyota,Tacoma,2024,White,Truck,24007,3.5L V6,Manual,43617,New,112,Houston,True,823,72
2532,2023-06-18,Customer 2532,555-370-5809,customer2532@email.com,Audi,Q5,2021,Red,SUV,31603,3.5L V6,CVT,45766,Used,102,Philadelphia,False,0,0
2533,2023-01-02,Customer 2533,555-778-5071,customer2533@email.com,Toyota,Camry,2018,Green,Coupe,50274,2.5L I4,CVT,37834,New,102,Houston,False,0,0
2534,2023-10-15,Customer 2534,555-948-5932,customer2534@email.com,Audi,A6,2024,White,Truck,22862,5.0L V8,Automatic,55102,Used,116,New York,True,11536,60
2535,2024-01-12,Customer 2535,555-916-1977,customer2535@email.com,Jeep,Wrangler,2022,Black,Truck,27569,2.5L I4,Manual,27063,New,107,San Diego,True,5548,72
2536,2023-11-11,Customer 2536,555-992-6412,customer2536@email.com,Honda,Accord,2024,White,Truck,53364,3.6L V6,Automatic,35210,Used,115,Houston,True,6175,60
2537,2023-05-06,Customer 2537,555-566-4420,customer2537@email.com,BMW,3 Series,2019,Green,Coupe,58728,2.5L I4,Manual,42359,Used,114,San Jose,False,0,0
2538,2023-03-13,Customer 2538,555-582-5485,customer2538@email.com,Toyota,Tacoma,2022,Silver,SUV,16902,3.6L V6,Automatic,58558,New,113,San Jose,True,13346,0
2539,2023-06-01,Customer 2539,555-231-6374,customer2539@email.com,BMW,X5,2018,Green,Truck,37053,3.5L V6,CVT,17592,Used,103,Houston,True,1790,60
2540,2023-12-20,Customer 2540,555-512-5150,customer2540@email.com,Audi,A4,2023,Black,Sedan,42181,2.0L I4,Automatic,21466,Used,106,New York,True,1606,36
2541,2023-07-31,Customer 2541,555-131-2124,customer2541@email.com,Toyota,RAV4,2024,Gray,SUV,31882,5.0L V8,Manual,36826,New,110,Los Angeles,False,0,0
2542,2023-02-23,Customer 2542,555-474-1228,customer2542@email.com,Honda,Civic,2022,Green,SUV,37273,2.5L I4,CVT,55789,Used,119,San Diego,False,0,0
2543,2023-12-04,Customer 2543,555-808-4836,customer2543@email.com,Chevrolet,Equinox,2023,Red,Sedan,13063,3.6L V6,Manual,25900,New,112,Los Angeles,True,3519,48
2544,2023-02-11,Customer 2544,555-247-7341,customer2544@email.com,Hyundai,Tucson,2021,White,Coupe,21980,2.5L I4,Manual,46481,Used,109,San Antonio,True,1184,48
2545,2023-03-24,Customer 2545,555-509-7067,customer2545@email.com,Ford,F-150,2020,Silver,Sedan,50598,3.5L V6,CVT,33384,New,117,Philadelphia,True,4979,60
2546,2024-01-26,Customer 2546,555-245-1109,customer2546@email.com,BMW,5 Series,2023,Silver,Truck,5127,2.0L I4,CVT,22883,Used,109,New York,False,0,0
2547,2024-01-26,Customer 2547,555-244-4044,customer2547@email.com,Honda,CR-V,2018,Gray,SUV,50058,2.5L I4,Manual,51097,New,111,Dallas,False,0,0
2548,2023-02-05,Customer 2548,555-774-7826,customer2548@email.com,Audi,Q5,2018,Blue,Coupe,50256,2.0L I4,Manual,27633,New,107,Houston,False,0,0
2549,2023-04-09,Customer 2549,555-682-5635,customer2549@email.com,Hyundai,Elantra,2020,White,Sedan,46671,2.5L I4,Manual,49987,New,113,Houston,False,0,0
2550,2023-02-24,Customer 2550,555-376-5133,customer2550@email.com,Nissan,Rogue,2024,Silver,Coupe,44544,3.6L V6,CVT,40009,Used,110,Dallas,False,0,0
2551,2023-03-14,Customer 2551,555-630-4899,customer2551@email.com,Honda,Civic,2024,Silver,SUV,25106,2.0L I4,Automatic,49765,Used,111,Dallas,False,0,0
2552,2023-04-07,Customer 2552,555-194-1182,customer2552@email.com,Nissan,Titan,2022,Black,Truck,32616,5.0L V8,Automatic,24290,Used,115,San Jose,True,4409,36
2553,2023-07-21,Customer 2553,555-238-9718,customer2553@email.com,Honda,Civic,2022,Blue,Coupe,20859,2.5L I4,CVT,53905,New,113,San Jose,False,0,0
2554,2023-07-07,Customer 2554,555-251-4519,customer2554@email.com,Toyota,RAV4,2023,Red,SUV,27643,2.0L I4,CVT,56886,Used,112,Chicago,True,9802,60
2555,2023-10-23,Customer 2555,555-817-9979,customer2555@email.com,Nissan,Altima,2021,Green,Truck,26037,3.5L V6,Manual,27583,Used,104,Chicago,False,0,0
2556,2024-01-19,Customer 2556,555-834-1530,customer2556@email.com,Hyundai,Tucson,2018,Silver,Sedan,27281,2.5L I4,Manual,32997,Used,120,San Antonio,True,2095,60
2557,2023-11-30,Customer 2557,555-154-9408,customer2557@email.com,Ford,F-150,2020,Blue,SUV,29003,3.6L V6,Automatic,59348,New,116,Philadelphia,False,0,0
2558,2023-03-11,Customer 2558,555-878-3351,customer2558@email.com,Hyundai,Tucson,2020,Gray,SUV,26682,2.0L I4,Automatic,32046,New,107,Dallas,True,3187,36
2559,2023-07-06,Customer 2559,555-181-5382,customer2559@email.com,BMW,3 Series,2022,Blue,Coupe,6936,3.6L V6,Automatic,50218,Used,106,San Antonio,False,0,0
2560,2023-05-03,Customer 2560,555-276-5004,customer2560@email.com,Jeep,Grand Cherokee,2018,Silver,SUV,50150,2.0L I4,CVT,31326,New,108,Phoenix,False,0,0
2561,2023-05-01,Customer 2561,555-455-9431,customer2561@email.com,Toyota,Camry,2023,Gray,Coupe,56197,2.5L I4,Automatic,22191,Used,105,Houston,True,3039,36
2562,2023-08-14,Customer 2562,555-196-5583,customer2562@email.com,Mercedes,C-Class,2024,Red,SUV,30227,5.0L V8,Automatic,31755,New,102,Houston,True,7485,0
2563,2023-06-18,Customer 2563,555-383-4116,customer2563@email.com,Audi,A6,2020,Silver,Sedan,43837,2.0L I4,Automatic,20016,Used,112,Chicago,False,0,0
2564,2023-02-21,Customer 2564,555-827-9140,customer2564@email.com,BMW,X5,2020,Red,Sedan,39694,3.6L V6,Manual,53786,Used,115,Los Angeles,False,0,0
2565,2023-07-16,Customer 2565,555-243-3838,customer2565@email.com,Hyundai,Sonata,2024,White,Sedan,37912,2.0L I4,Manual,39512,New,107,Los Angeles,False,0,0
2566,2023-10-20,Customer 2566,555-495-8946,customer2566@email.com,Hyundai,Tucson,2019,Blue,Coupe,40020,2.5L I4,Manual,16820,New,115,Phoenix,False,0,0
2567,2023-12-19,Customer 2567,555-773-6698,customer2567@email.com,Honda,CR-V,2019,Blue,Truck,14155,3.6L V6,Manual,40539,Used,110,Phoenix,True,8387,48
2568,2023-07-04,Customer 2568,555-451-1865,customer2568@email.com,Chevrolet,Traverse,2023,Silver,Coupe,34605,2.0L I4,Automatic,42349,Used,101,Chicago,True,6582,36
2569,2023-12-12,Customer 2569,555-902-5399,customer2569@email.com,Jeep,Grand Cherokee,2020,Gray,SUV,16124,3.6L V6,CVT,36067,Used,119,Los Angeles,True,628,72
2570,2023-03-25,Customer 2570,555-570-6825,customer2570@email.com,BMW,3 Series,2018,Black,SUV,12667,3.5L V6,Manual,17710,Used,112,Philadelphia,True,751,72
2571,2024-01-06,Customer 2571,555-420-9775,customer2571@email.com,BMW,5 Series,2020,White,Truck,6692,3.5L V6,CVT,27844,New,116,Philadelphia,False,0,0
2572,2023-04-29,Customer 2572,555-413-1058,customer2572@email.com,Honda,Civic,2019,Gray,SUV,59840,2.0L I4,Automatic,35391,New,109,Chicago,True,8490,60
2573,2024-01-10,Customer 2573,555-362-3654,customer2573@email.com,Mercedes,E-Class,2022,Gray,Coupe,11287,5.0L V8,CVT,57141,Used,102,Dallas,True,4015,48
2574,2023-09-16,Customer 2574,555-703-7060,customer2574@email.com,Nissan,Titan,2022,Black,Sedan,26262,3.5L V6,CVT,23749,Used,118,San Diego,True,5013,60
2575,2023-03-27,Customer 2575,555-789-3288,customer2575@email.com,Hyundai,Tucson,2021,Red,Truck,47251,3.5L V6,Automatic,44898,New,119,Dallas,False,0,0
2576,2024-01-15,Customer 2576,555-371-5135,customer2576@email.com,Toyota,Camry,2022,Black,Truck,30880,3.5L V6,CVT,30417,Used,118,San Jose,False,0,0
2577,2023-12-14,Customer 2577,555-423-7440,customer2577@email.com,Mercedes,C-Class,2018,Red,Coupe,42288,2.5L I4,CVT,25597,Used,103,Dallas,False,0,0
2578,2024-01-21,Customer 2578,555-101-9148,customer2578@email.com,Toyota,Camry,2018,Green,Coupe,50759,5.0L V8,CVT,19682,New,119,Los Angeles,False,0,0
2579,2023-02-16,Customer 2579,555-681-6762,customer2579@email.com,Ford,Escape,2024,Green,Sedan,37767,2.5L I4,CVT,54878,New,117,Phoenix,True,7332,72
2580,2023-05-26,Customer 2580,555-856-1870,customer2580@email.com,Ford,Escape,2018,Gray,Truck,57993,2.0L I4,Automatic,40922,New,103,Los Angeles,False,0,0
2581,2023-10-09,Customer 2581,555-327-1897,customer2581@email.com,Ford,Escape,2022,Green,SUV,46674,3.6L V6,CVT,21034,Used,104,Los Angeles,True,541,36
2582,2024-01-30,Customer 2582,555-212-3197,customer2582@email.com,BMW,5 Series,2023,Black,Sedan,51502,2.0L I4,Manual,21295,New,103,San Diego,True,1900,60
2583,2024-01-29,Customer 2583,555-255-1702,customer2583@email.com,Audi,Q5,2019,Gray,Coupe,30750,3.5L V6,CVT,31884,New,108,Phoenix,True,1947,48
2584,2023-12-31,Customer 2584,555-789-2174,customer2584@email.com,Audi,A4,2018,Red,SUV,25121,2.5L I4,Manual,24458,Used,113,Chicago,False,0,0
2585,2023-03-04,Customer 2585,555-656-5088,customer2585@email.com,Honda,Accord,2024,Red,Coupe,55457,3.6L V6,Automatic,19838,New,102,Philadelphia,True,1263,0
2586,2023-07-21,Customer 2586,555-388-4187,customer2586@email.com,Honda,Civic,2024,Blue,Coupe,52563,3.5L V6,Automatic,34050,New,116,Phoenix,True,6164,0
2587,2023-04-05,Customer 2587,555-640-3948,customer2587@email.com,Mercedes,E-Class,2023,Gray,Sedan,40320,3.6L V6,CVT,33646,Used,120,San Jose,False,0,0
2588,2023-12-15,Customer 2588,555-506-1648,customer2588@email.com,BMW,X5,2021,White,SUV,14456,5.0L V8,CVT,15054,New,104,New York,False,0,0
2589,2023-08-03,Customer 2589,555-332-2254,customer2589@email.com,Jeep,Cherokee,2019,White,Sedan,55617,2.5L I4,Manual,35890,Used,114,Houston,True,7770,60
2590,2023-07-15,Customer 2590,555-476-8009,customer2590@email.com,Jeep,Wrangler,2018,White,SUV,21969,3.6L V6,Automatic,22101,Used,102,Houston,False,0,0
2591,2023-01-01,Customer 2591,555-341-8569,customer2591@email.com,Ford,F-150,2019,Silver,SUV,20914,3.5L V6,CVT,42266,Used,115,Houston,False,0,0
2592,2023-02-09,Customer 2592,555-182-3984,customer2592@email.com,Chevrolet,Equinox,2022,Green,SUV,24385,3.6L V6,Automatic,57336,Used,117,San Antonio,False,0,0
2593,2023-06-07,Customer 2593,555-714-1613,customer2593@email.com,Mercedes,S-Class,2018,Black,Sedan,52579,3.6L V6,Manual,49413,New,110,Philadelphia,True,1290,60
2594,2023-05-05,Customer 2594,555-336-7731,customer2594@email.com,Hyundai,Tucson,2019,Blue,Truck,53432,2.0L I4,CVT,33741,Used,104,San Jose,False,0,0
2595,2023-12-24,Customer 2595,555-515-5463,customer2595@email.com,Hyundai,Tucson,2018,White,Sedan,44344,3.6L V6,Automatic,23787,New,120,New York,False,0,0
2596,2023-04-10,Customer 2596,555-497-4943,customer2596@email.com,Chevrolet,Silverado,2023,Green,Coupe,51202,3.6L V6,Automatic,34590,Used,111,Chicago,False,0,0
2597,2023-07-16,Customer 2597,555-322-8354,customer2597@email.com,Nissan,Rogue,2023,Gray,Sedan,27223,3.5L V6,Automatic,22592,Used,107,Los Angeles,False,0,0
2598,2024-01-16,Customer 2598,555-558-4006,customer2598@email.com,Ford,F-150,2020,Gray,Sedan,59982,3.5L V6,CVT,23996,Used,108,Dallas,True,766,36
2599,2023-12-19,Customer 2599,555-542-5081,customer2599@email.com,Chevrolet,Traverse,2023,Black,SUV,54867,5.0L V8,CVT,52305,Used,108,Phoenix,False,0,0
2600,2023-05-21,Customer 2600,555-612-4525,customer2600@email.com,Toyota,Camry,2020,Blue,Truck,16805,3.6L V6,Automatic,34939,New,102,Philadelphia,False,0,0
2601,2023-08-15,Customer 2601,555-709-4172,customer2601@email.com,Mercedes,C-Class,2023,White,Truck,6329,3.6L V6,Manual,21320,Used,119,Phoenix,False,0,0
2602,2023-08-02,Customer 2602,555-580-9834,customer2602@email.com,Hyundai,Tucson,2022,Gray,Truck,54782,3.6L V6,Automatic,37543,Used,116,Los Angeles,False,0,0
2603,2023-12-04,Customer 2603,555-552-2566,customer2603@email.com,Ford,Escape,2021,Red,SUV,29968,2.0L I4,CVT,21807,New,120,San Antonio,False,0,0
2604,2023-09-10,Customer 2604,555-384-6878,customer2604@email.com,Nissan,Rogue,2021,White,Coupe,43917,2.0L I4,Automatic,59886,Used,118,Philadelphia,False,0,0
2605,2023-02-22,Customer 2605,555-804-8660,customer2605@email.com,Audi,Q5,2024,Gray,SUV,14960,3.5L V6,Automatic,55906,Used,102,San Antonio,False,0,0
2606,2023-12-18,Customer 2606,555-445-2441,customer2606@email.com,Jeep,Cherokee,2018,Red,Sedan,24573,2.5L I4,CVT,40733,New,105,New York,False,0,0
2607,2023-02-27,Customer 2607,555-629-8291,customer2607@email.com,Chevrolet,Traverse,2024,Green,Coupe,48496,2.5L I4,CVT,18759,New,109,Philadelphia,False,0,0
2608,2023-11-11,Customer 2608,555-313-5033,customer2608@email.com,Toyota,RAV4,2024,Red,SUV,13402,2.5L I4,Manual,16228,New,119,Phoenix,False,0,0
2609,2023-05-30,Customer 2609,555-359-3920,customer2609@email.com,BMW,3 Series,2020,Black,Coupe,19456,5.0L V8,Automatic,19996,Used,107,Phoenix,False,0,0
2610,2023-02-15,Customer 2610,555-104-1527,customer2610@email.com,Jeep,Grand Cherokee,2019,Green,SUV,37626,2.5L I4,Automatic,49902,Used,108,Dallas,True,2178,60
2611,2023-08-27,Customer 2611,555-340-6562,customer2611@email.com,Toyota,Tacoma,2018,Black,Truck,7107,3.6L V6,Manual,41266,New,107,Phoenix,False,0,0
2612,2023-11-15,Customer 2612,555-689-2565,customer2612@email.com,Audi,A4,2020,Silver,SUV,6056,3.5L V6,Automatic,47670,Used,118,Los Angeles,False,0,0
2613,2023-11-07,Customer 2613,555-908-8221,customer2613@email.com,Nissan,Rogue,2018,White,Truck,58240,2.5L I4,Manual,36424,New,105,San Antonio,False,0,0
2614,2024-01-07,Customer 2614,555-282-5965,customer2614@email.com,Chevrolet,Traverse,2021,Black,Coupe,53710,3.5L V6,Automatic,46150,New,117,San Antonio,False,0,0
2615,2023-08-04,Customer 2615,555-742-9508,customer2615@email.com,Ford,Escape,2019,Blue,Truck,45061,5.0L V8,Manual,16998,Used,112,Houston,True,915,72
2616,2023-08-19,Customer 2616,555-991-4754,customer2616@email.com,Mercedes,E-Class,2023,Silver,Coupe,7252,5.0L V8,Automatic,42315,Used,103,Philadelphia,False,0,0
2617,2023-02-20,Customer 2617,555-225-5189,customer2617@email.com,Ford,Escape,2023,Red,SUV,22304,5.0L V8,Manual,50186,New,119,Chicago,True,9741,72
2618,2023-10-13,Customer 2618,555-857-7073,customer2618@email.com,Nissan,Titan,2021,Black,SUV,19451,2.0L I4,Automatic,33991,Used,115,Dallas,True,5252,48
2619,2023-11-10,Customer 2619,555-943-1203,customer2619@email.com,Honda,Accord,2021,Blue,Truck,11849,3.6L V6,Automatic,59719,New,120,Houston,False,0,0
2620,2023-04-25,Customer 2620,555-727-4782,customer2620@email.com,Chevrolet,Silverado,2018,Black,Coupe,50223,5.0L V8,CVT,39463,New,114,San Antonio,True,284,36
2621,2023-10-02,Customer 2621,555-907-1188,customer2621@email.com,Nissan,Rogue,2021,Silver,Truck,58123,3.6L V6,Automatic,51964,Used,107,Phoenix,False,0,0
2622,2023-03-28,Customer 2622,555-346-4138,customer2622@email.com,Hyundai,Elantra,2020,Gray,Sedan,14079,2.0L I4,Manual,59501,Used,110,Los Angeles,True,4536,72
2623,2023-08-04,Customer 2623,555-639-8667,customer2623@email.com,Honda,CR-V,2020,Gray,Sedan,17299,2.5L I4,Automatic,40255,Used,102,San Jose,True,5444,36
2624,2023-12-23,Customer 2624,555-563-8295,customer2624@email.com,Audi,A4,2018,Blue,Truck,34375,5.0L V8,CVT,55893,New,118,San Antonio,False,0,0
2625,2024-01-14,Customer 2625,555-434-3246,customer2625@email.com,Toyota,RAV4,2018,Black,Coupe,55102,2.5L I4,Manual,59006,Used,120,San Diego,False,0,0
2626,2023-12-15,Customer 2626,555-301-1306,customer2626@email.com,Nissan,Altima,2021,Red,SUV,59397,2.5L I4,Manual,56645,New,101,Chicago,False,0,0
2627,2023-06-14,Customer 2627,555-303-9023,customer2627@email.com,Honda,Accord,2018,Silver,Sedan,16207,2.5L I4,Automatic,55727,New,107,San Antonio,False,0,0
2628,2023-03-21,Customer 2628,555-418-9191,customer2628@email.com,Honda,Civic,2024,Blue,Sedan,7962,2.0L I4,CVT,27106,New,113,San Diego,True,4082,72
2629,2023-10-30,Customer 2629,555-503-4468,customer2629@email.com,Chevrolet,Equinox,2019,Red,SUV,29308,2.5L I4,Manual,15733,New,119,San Diego,True,822,36
2630,2023-09-30,Customer 2630,555-841-1373,customer2630@email.com,Chevrolet,Equinox,2019,Gray,SUV,19918,2.0L I4,CVT,21310,Used,108,San Jose,False,0,0
2631,2023-03-13,Customer 2631,555-372-8638,customer2631@email.com,Nissan,Altima,2023,White,Sedan,7085,2.0L I4,CVT,20154,Used,119,New York,True,706,60
2632,2023-09-04,Customer 2632,555-265-9496,customer2632@email.com,Jeep,Cherokee,2021,Blue,SUV,34399,2.5L I4,CVT,41787,New,103,Los Angeles,True,7250,48
2633,2023-09-12,Customer 2633,555-346-9508,customer2633@email.com,Ford,Mustang,2020,Black,Coupe,11217,5.0L V8,Automatic,40351,New,120,San Diego,True,7185,60
2634,2023-04-27,Customer 2634,555-174-8299,customer2634@email.com,Audi,A4,2018,Green,Truck,21324,2.5L I4,CVT,29863,New,113,New York,False,0,0
2635,2023-09-02,Customer 2635,555-639-3538,customer2635@email.com,Hyundai,Elantra,2024,Green,Truck,8929,3.6L V6,Manual,48916,Used,109,Dallas,False,0,0
2636,2023-02-22,Customer 2636,555-571-2315,customer2636@email.com,BMW,3 Series,2019,White,Truck,54560,5.0L V8,Automatic,59693,Used,115,San Diego,True,12526,72
2637,2023-12-11,Customer 2637,555-899-2264,customer2637@email.com,Chevrolet,Equinox,2019,Red,Sedan,34380,5.0L V8,Manual,15359,New,102,Philadelphia,False,0,0
2638,2024-01-05,Customer 2638,555-775-7132,customer2638@email.com,Jeep,Wrangler,2022,Gray,Truck,58636,2.0L I4,Automatic,37317,Used,101,San Jose,False,0,0
2639,2023-12-07,Customer 2639,555-933-3798,customer2639@email.com,Toyota,Tacoma,2020,Gray,Coupe,50389,3.5L V6,CVT,25568,New,103,Phoenix,False,0,0
2640,2023-06-17,Customer 2640,555-245-9435,customer2640@email.com,BMW,X5,2022,Silver,SUV,33179,3.6L V6,Manual,27101,Used,116,San Jose,False,0,0
2641,2023-02-01,Customer 2641,555-969-1923,customer2641@email.com,Chevrolet,Silverado,2019,Blue,Coupe,23562,2.0L I4,CVT,54754,Used,109,San Antonio,True,13365,72
2642,2023-05-04,Customer 2642,555-115-1974,customer2642@email.com,Mercedes,E-Class,2023,Black,Coupe,39978,3.5L V6,Automatic,29771,Used,104,Houston,True,5353,36
2643,2023-02-07,Customer 2643,555-870-1237,customer2643@email.com,Nissan,Rogue,2023,Silver,SUV,32804,5.0L V8,CVT,45578,Used,111,Houston,False,0,0
2644,2023-03-01,Customer 2644,555-337-2149,customer2644@email.com,Jeep,Wrangler,2020,Gray,SUV,25354,2.5L I4,CVT,41097,New,105,Houston,True,7541,36
2645,2023-03-27,Customer 2645,555-891-8830,customer2645@email.com,Hyundai,Tucson,2021,Green,Truck,5592,3.6L V6,Manual,15885,New,118,Phoenix,True,580,72
2646,2023-12-29,Customer 2646,555-159-1450,customer2646@email.com,Mercedes,S-Class,2020,Silver,SUV,50317,3.6L V6,Manual,52634,New,109,San Jose,True,9695,60
2647,2023-08-13,Customer 2647,555-933-5916,customer2647@email.com,Mercedes,E-Class,2020,Silver,Coupe,7135,3.5L V6,Manual,31131,New,101,Phoenix,True,1071,0
2648,2023-10-18,Customer 2648,555-677-6673,customer2648@email.com,Audi,A6,2019,Gray,Sedan,58794,5.0L V8,Manual,26461,Used,113,Phoenix,True,1114,36
2649,2023-05-27,Customer 2649,555-932-9277,customer2649@email.com,Mercedes,S-Class,2018,Gray,SUV,50801,2.0L I4,CVT,44487,New,113,Chicago,True,1011,48
2650,2023-10-29,Customer 2650,555-788-6772,customer2650@email.com,Jeep,Grand Cherokee,2022,Silver,Truck,17842,2.0L I4,Automatic,24856,New,104,Chicago,False,0,0
2651,2023-12-13,Customer 2651,555-738-2482,customer2651@email.com,Audi,Q5,2022,Black,Sedan,23466,3.5L V6,CVT,39729,New,102,Chicago,False,0,0
2652,2023-11-25,Customer 2652,555-963-1501,customer2652@email.com,BMW,X5,2020,Gray,Coupe,38164,3.5L V6,CVT,40364,Used,104,Los Angeles,False,0,0
2653,2023-03-14,Customer 2653,555-383-5106,customer2653@email.com,Toyota,Tacoma,2018,Gray,Coupe,7470,5.0L V8,CVT,48055,New,119,Dallas,False,0,0
2654,2023-10-28,Customer 2654,555-498-1482,customer2654@email.com,Audi,A4,2023,Gray,SUV,24085,3.6L V6,CVT,46123,New,114,San Jose,False,0,0
2655,2023-05-20,Customer 2655,555-574-6328,customer2655@email.com,BMW,5 Series,2019,Green,Coupe,13778,2.5L I4,Automatic,18875,New,119,Dallas,True,430,60
2656,2023-09-17,Customer 2656,555-775-6546,customer2656@email.com,Chevrolet,Traverse,2020,Blue,Coupe,58178,2.0L I4,Manual,47370,New,103,Houston,True,11468,60
2657,2023-12-09,Customer 2657,555-975-3609,customer2657@email.com,Hyundai,Elantra,2018,Blue,Coupe,21941,3.6L V6,Manual,19882,New,117,San Antonio,False,0,0
2658,2023-05-10,Customer 2658,555-867-5481,customer2658@email.com,Hyundai,Sonata,2023,Blue,Truck,58228,3.5L V6,Automatic,34586,New,114,Dallas,False,0,0
2659,2023-06-25,Customer 2659,555-118-3263,customer2659@email.com,Nissan,Titan,2023,Red,Truck,24741,3.5L V6,Automatic,30700,New,111,Dallas,False,0,0
2660,2023-02-25,Customer 2660,555-745-7712,customer2660@email.com,Audi,A4,2020,Black,Coupe,21598,5.0L V8,CVT,50614,New,106,San Antonio,False,0,0
2661,2023-09-13,Customer 2661,555-715-5628,customer2661@email.com,Hyundai,Tucson,2019,Black,Coupe,58837,2.5L I4,CVT,37294,New,118,New York,True,3543,72
2662,2023-12-27,Customer 2662,555-888-2441,customer2662@email.com,Nissan,Altima,2022,Red,Sedan,47247,3.5L V6,Automatic,51569,Used,115,San Diego,False,0,0
2663,2023-08-02,Customer 2663,555-792-8899,customer2663@email.com,Hyundai,Tucson,2018,Blue,Truck,29984,3.6L V6,CVT,59822,New,103,San Jose,False,0,0
2664,2024-01-27,Customer 2664,555-161-9653,customer2664@email.com,Jeep,Grand Cherokee,2018,Green,Sedan,53422,2.5L I4,Automatic,49668,New,109,Los Angeles,True,1546,72
2665,2023-06-11,Customer 2665,555-777-4710,customer2665@email.com,Honda,Accord,2020,Black,Coupe,47611,3.5L V6,CVT,54197,New,112,Houston,False,0,0
2666,2023-07-01,Customer 2666,555-571-7617,customer2666@email.com,Mercedes,S-Class,2020,Gray,Coupe,15851,3.5L V6,CVT,54502,New,101,San Jose,True,8500,48
2667,2023-12-21,Customer 2667,555-398-6611,customer2667@email.com,Toyota,Tacoma,2022,Black,Sedan,6743,5.0L V8,CVT,43935,New,101,San Antonio,True,665,48
2668,2023-10-17,Customer 2668,555-730-8462,customer2668@email.com,BMW,3 Series,2020,Blue,Truck,17432,2.0L I4,Automatic,47834,Used,111,San Diego,False,0,0
2669,2023-02-10,Customer 2669,555-550-2125,customer2669@email.com,Jeep,Grand Cherokee,2019,Green,Coupe,42236,2.0L I4,Automatic,52841,New,109,New York,True,5813,36
2670,2023-01-07,Customer 2670,555-152-7446,customer2670@email.com,Hyundai,Sonata,2021,Black,Truck,29984,2.5L I4,CVT,32579,New,109,Phoenix,False,0,0
2671,2024-01-15,Customer 2671,555-823-1837,customer2671@email.com,BMW,X5,2018,Silver,SUV,6386,2.5L I4,Manual,34422,Used,118,Chicago,True,875,60
2672,2023-01-26,Customer 2672,555-778-7997,customer2672@email.com,Nissan,Altima,2023,Gray,Coupe,52546,2.0L I4,Automatic,41519,New,105,Philadelphia,False,0,0
2673,2024-01-14,Customer 2673,555-322-7435,customer2673@email.com,Toyota,Camry,2018,Black,Coupe,23432,2.0L I4,Automatic,18558,New,113,Dallas,True,1206,72
2674,2023-08-07,Customer 2674,555-138-5418,customer2674@email.com,Audi,A6,2019,Red,Truck,54480,5.0L V8,CVT,40840,New,120,San Diego,True,8717,36
2675,2023-04-03,Customer 2675,555-236-8735,customer2675@email.com,Audi,A6,2022,Green,Coupe,28520,2.5L I4,CVT,19500,Used,115,Philadelphia,False,0,0
2676,2023-06-13,Customer 2676,555-647-5993,customer2676@email.com,Nissan,Rogue,2018,Red,SUV,51588,3.5L V6,Automatic,25984,Used,107,Philadelphia,True,5357,60
2677,2023-08-28,Customer 2677,555-574-9484,customer2677@email.com,Ford,Mustang,2024,Blue,SUV,18538,2.0L I4,CVT,30445,Used,109,New York,False,0,0
2678,2023-04-29,Customer 2678,555-785-8588,customer2678@email.com,Audi,A6,2018,White,SUV,14193,2.5L I4,Automatic,46492,New,117,Phoenix,False,0,0
2679,2023-03-14,Customer 2679,555-909-7972,customer2679@email.com,Jeep,Cherokee,2022,Green,SUV,27086,3.5L V6,Manual,41467,Used,101,San Diego,False,0,0
2680,2023-05-17,Customer 2680,555-749-8274,customer2680@email.com,Toyota,Tacoma,2020,Silver,SUV,37602,3.6L V6,Automatic,28870,New,103,New York,True,6727,36
2681,2024-01-01,Customer 2681,555-663-5199,customer2681@email.com,Toyota,Camry,2021,Red,Truck,40740,2.5L I4,CVT,51254,New,114,Philadelphia,True,1732,60
2682,2023-04-17,Customer 2682,555-976-3310,customer2682@email.com,BMW,X5,2021,White,Truck,36732,2.5L I4,Manual,51909,New,107,Phoenix,True,8973,0
2683,2023-06-17,Customer 2683,555-449-4749,customer2683@email.com,BMW,X5,2023,Silver,Truck,24769,5.0L V8,CVT,32664,New,107,San Jose,False,0,0
2684,2023-12-29,Customer 2684,555-434-8421,customer2684@email.com,Honda,CR-V,2021,Green,Truck,31662,3.5L V6,Automatic,21989,New,108,San Antonio,False,0,0
2685,2023-07-25,Customer 2685,555-261-4822,customer2685@email.com,Chevrolet,Silverado,2022,Red,SUV,21785,3.6L V6,Automatic,48540,Used,107,Los Angeles,False,0,0
2686,2023-08-04,Customer 2686,555-342-7997,customer2686@email.com,Nissan,Rogue,2018,Gray,Truck,15166,3.5L V6,Manual,50302,Used,102,San Antonio,False,0,0
2687,2023-03-16,Customer 2687,555-805-9811,customer2687@email.com,Jeep,Wrangler,2021,Red,Coupe,21482,3.5L V6,CVT,19552,New,117,New York,True,3823,36
2688,2023-03-11,Customer 2688,555-101-7205,customer2688@email.com,Mercedes,E-Class,2022,Red,Coupe,15613,3.5L V6,Manual,24469,New,117,New York,True,264,60
2689,2023-08-06,Customer 2689,555-114-4217,customer2689@email.com,Mercedes,E-Class,2021,Red,Truck,45878,2.5L I4,Automatic,46398,Used,111,San Diego,True,8075,60
2690,2023-06-17,Customer 2690,555-855-6044,customer2690@email.com,Ford,Mustang,2023,Green,SUV,47881,3.6L V6,Manual,46861,New,101,Houston,True,6060,60
2691,2023-02-17,Customer 2691,555-598-4034,customer2691@email.com,Nissan,Altima,2022,Silver,Truck,47907,3.5L V6,Manual,49333,New,111,Chicago,True,3803,48
2692,2023-03-21,Customer 2692,555-497-1906,customer2692@email.com,Mercedes,E-Class,2024,Red,SUV,51272,5.0L V8,Automatic,56729,New,120,Chicago,False,0,0
2693,2023-09-15,Customer 2693,555-174-7693,customer2693@email.com,Nissan,Rogue,2023,Green,Sedan,6011,3.5L V6,CVT,58827,New,108,Dallas,False,0,0
2694,2023-08-10,Customer 2694,555-557-4573,customer2694@email.com,Mercedes,C-Class,2022,White,Truck,16029,2.5L I4,Manual,49770,New,105,San Jose,True,10946,60
2695,2023-12-09,Customer 2695,555-715-9688,customer2695@email.com,Chevrolet,Silverado,2019,Red,Truck,21589,5.0L V8,CVT,59648,Used,104,San Antonio,True,10235,72
2696,2023-09-04,Customer 2696,555-553-1390,customer2696@email.com,Toyota,Tacoma,2019,Black,Truck,26823,3.5L V6,Manual,39570,New,108,New York,False,0,0
2697,2023-02-07,Customer 2697,555-925-9426,customer2697@email.com,Toyota,Tacoma,2022,Black,Truck,55480,3.6L V6,Automatic,23277,Used,107,San Jose,True,5521,72
2698,2023-03-12,Customer 2698,555-672-4518,customer2698@email.com,Audi,Q5,2020,Blue,Coupe,41138,2.0L I4,Manual,31797,Used,106,Houston,False,0,0
2699,2023-04-06,Customer 2699,555-390-9545,customer2699@email.com,Hyundai,Sonata,2019,Blue,Truck,45435,2.5L I4,CVT,26988,Used,101,Los Angeles,True,5620,0
2700,2023-08-01,Customer 2700,555-259-6404,customer2700@email.com,Hyundai,Tucson,2022,Blue,SUV,9105,5.0L V8,CVT,20878,New,118,San Jose,False,0,0
2701,2023-06-25,Customer 2701,555-159-8897,customer2701@email.com,Nissan,Rogue,2021,White,Truck,32935,3.5L V6,Automatic,27429,New,109,Phoenix,False,0,0
2702,2023-03-22,Customer 2702,555-552-2278,customer2702@email.com,Audi,Q5,2022,Gray,SUV,12008,2.0L I4,Manual,26753,Used,119,San Diego,True,4943,0
2703,2023-05-09,Customer 2703,555-899-1894,customer2703@email.com,Toyota,Camry,2021,Gray,Coupe,30451,5.0L V8,Automatic,21280,New,109,San Jose,True,1321,60
2704,2023-04-13,Customer 2704,555-850-6272,customer2704@email.com,BMW,5 Series,2024,Red,Truck,55325,2.0L I4,CVT,35841,New,118,San Jose,False,0,0
2705,2023-04-09,Customer 2705,555-198-8136,customer2705@email.com,BMW,5 Series,2021,Silver,SUV,11988,5.0L V8,Automatic,27577,New,103,San Diego,False,0,0
2706,2023-02-18,Customer 2706,555-974-8455,customer2706@email.com,Nissan,Rogue,2023,Blue,Sedan,52019,2.0L I4,Automatic,32889,Used,104,Philadelphia,True,5302,48
2707,2023-03-17,Customer 2707,555-486-8398,customer2707@email.com,Ford,F-150,2024,Blue,Coupe,1135,3.5L V6,CVT,40143,New,117,Houston,True,2840,48
2708,2023-11-26,Customer 2708,555-625-8734,customer2708@email.com,Honda,Accord,2023,Red,Sedan,43226,2.5L I4,Automatic,31693,New,105,Chicago,False,0,0
2709,2023-02-25,Customer 2709,555-646-1542,customer2709@email.com,Toyota,RAV4,2022,White,Truck,35798,3.6L V6,Manual,26635,Used,118,Philadelphia,True,1937,48
2710,2023-02-09,Customer 2710,555-605-4265,customer2710@email.com,Nissan,Altima,2020,Red,SUV,49476,5.0L V8,CVT,53609,Used,117,San Diego,True,1534,0
2711,2023-02-26,Customer 2711,555-173-4834,customer2711@email.com,BMW,5 Series,2023,Silver,Coupe,39503,3.5L V6,Manual,58448,Used,119,Houston,True,4413,60
2712,2023-12-22,Customer 2712,555-530-8332,customer2712@email.com,Honda,Civic,2019,White,SUV,30260,5.0L V8,Automatic,58215,New,101,Chicago,False,0,0
2713,2023-08-09,Customer 2713,555-202-3584,customer2713@email.com,Toyota,Camry,2024,Green,Sedan,20704,2.0L I4,Manual,49028,New,101,Philadelphia,True,4122,60
2714,2023-03-02,Customer 2714,555-954-5980,customer2714@email.com,Hyundai,Sonata,2022,Silver,Truck,37637,3.6L V6,CVT,39435,Used,112,Chicago,True,2502,36
2715,2023-06-09,Customer 2715,555-478-3886,customer2715@email.com,Nissan,Altima,2018,White,Sedan,48751,2.5L I4,Automatic,55021,New,113,Dallas,True,8766,36
2716,2023-03-02,Customer 2716,555-214-3105,customer2716@email.com,Jeep,Grand Cherokee,2019,Black,Sedan,59564,3.6L V6,Automatic,16112,New,106,San Antonio,True,1649,48
2717,2023-09-28,Customer 2717,555-833-9701,customer2717@email.com,BMW,5 Series,2018,White,Sedan,9416,2.5L I4,Automatic,59272,New,106,Dallas,True,5726,72
2718,2023-07-15,Customer 2718,555-576-3879,customer2718@email.com,Jeep,Cherokee,2019,Blue,Truck,31390,3.5L V6,Automatic,20514,New,115,San Diego,True,762,48
2719,2023-03-19,Customer 2719,555-537-4028,customer2719@email.com,Jeep,Wrangler,2024,Silver,Coupe,37169,5.0L V8,Automatic,22393,Used,107,Chicago,False,0,0
2720,2023-04-05,Customer 2720,555-408-2819,customer2720@email.com,BMW,5 Series,2023,Silver,Truck,58445,5.0L V8,Automatic,44450,Used,112,Phoenix,True,10484,48
2721,2023-04-07,Customer 2721,555-243-1844,customer2721@email.com,Mercedes,E-Class,2023,Green,Coupe,59686,3.6L V6,Automatic,55875,Used,110,Houston,False,0,0
2722,2023-04-26,Customer 2722,555-363-2278,customer2722@email.com,Hyundai,Tucson,2019,White,Coupe,50873,3.6L V6,Automatic,39843,Used,111,Dallas,True,3989,60
2723,2023-10-29,Customer 2723,555-597-2631,customer2723@email.com,Hyundai,Sonata,2018,Silver,Coupe,59268,3.5L V6,CVT,53939,New,108,San Diego,False,0,0
2724,2023-01-10,Customer 2724,555-707-5306,customer2724@email.com,Toyota,Tacoma,2022,White,Coupe,11734,3.5L V6,CVT,37197,New,113,Dallas,True,458,36
2725,2023-12-18,Customer 2725,555-485-8281,customer2725@email.com,BMW,5 Series,2024,Red,SUV,47682,2.5L I4,Automatic,43053,New,115,Houston,True,1646,36
2726,2023-06-14,Customer 2726,555-937-1296,customer2726@email.com,Mercedes,S-Class,2020,Red,Coupe,26680,2.0L I4,Automatic,42797,Used,102,San Diego,False,0,0
2727,2023-10-24,Customer 2727,555-555-9922,customer2727@email.com,Hyundai,Sonata,2019,Blue,Coupe,23296,3.5L V6,CVT,15109,Used,114,San Diego,False,0,0
2728,2023-02-12,Customer 2728,555-433-7616,customer2728@email.com,Toyota,Tacoma,2020,Gray,Coupe,37121,2.0L I4,Automatic,29211,Used,102,San Jose,False,0,0
2729,2023-12-26,Customer 2729,555-680-4250,customer2729@email.com,Nissan,Rogue,2021,Gray,Coupe,10614,5.0L V8,Automatic,56176,New,101,San Diego,False,0,0
2730,2023-09-22,Customer 2730,555-891-6389,customer2730@email.com,Mercedes,E-Class,2022,Blue,Sedan,25166,5.0L V8,Automatic,28460,New,118,Philadelphia,True,1628,36
2731,2023-07-09,Customer 2731,555-598-2487,customer2731@email.com,Ford,Escape,2019,Blue,Truck,24643,3.5L V6,Manual,22419,New,106,Dallas,False,0,0
2732,2023-10-17,Customer 2732,555-125-9645,customer2732@email.com,Toyota,Camry,2018,White,Truck,31225,3.6L V6,Manual,38702,New,102,San Jose,True,4524,36
2733,2023-08-09,Customer 2733,555-207-3812,customer2733@email.com,Hyundai,Elantra,2024,Blue,Coupe,26618,2.0L I4,CVT,33549,Used,120,New York,True,7599,36
2734,2023-09-10,Customer 2734,555-971-4688,customer2734@email.com,Hyundai,Sonata,2021,White,SUV,48483,3.6L V6,Automatic,40705,Used,109,New York,False,0,0
2735,2023-03-21,Customer 2735,555-445-4798,customer2735@email.com,Nissan,Titan,2018,Red,Coupe,54828,5.0L V8,Automatic,27954,New,101,San Diego,True,5816,36
2736,2023-08-19,Customer 2736,555-930-1511,customer2736@email.com,Honda,Civic,2022,Red,Sedan,27616,3.5L V6,Manual,29753,New,105,Chicago,False,0,0
2737,2023-06-30,Customer 2737,555-434-1720,customer2737@email.com,Nissan,Rogue,2019,Black,SUV,15467,2.5L I4,Manual,24333,Used,110,Chicago,True,1055,0
2738,2023-03-16,Customer 2738,555-869-8713,customer2738@email.com,Chevrolet,Silverado,2018,Black,Coupe,46883,3.6L V6,Automatic,34245,Used,113,Dallas,False,0,0
2739,2023-12-04,Customer 2739,555-440-5911,customer2739@email.com,Toyota,RAV4,2023,Blue,Coupe,14294,2.0L I4,Manual,36256,Used,113,San Diego,True,2206,0
2740,2023-06-11,Customer 2740,555-903-8447,customer2740@email.com,Chevrolet,Silverado,2020,Silver,Sedan,23944,5.0L V8,Manual,30164,New,106,New York,False,0,0
2741,2023-01-16,Customer 2741,555-894-4000,customer2741@email.com,Audi,Q5,2022,Silver,Truck,18250,3.5L V6,CVT,24484,New,102,New York,True,2209,60
2742,2023-06-08,Customer 2742,555-135-8369,customer2742@email.com,Chevrolet,Silverado,2018,Green,Sedan,10378,2.5L I4,CVT,46595,New,105,Chicago,True,10295,0
2743,2023-12-09,Customer 2743,555-757-5741,customer2743@email.com,BMW,5 Series,2018,Gray,Truck,59066,5.0L V8,CVT,36754,Used,119,San Antonio,True,7549,60
2744,2023-10-26,Customer 2744,555-331-4578,customer2744@email.com,Honda,Civic,2019,Black,Sedan,39173,3.6L V6,Automatic,26777,New,111,Phoenix,False,0,0
2745,2023-01-03,Customer 2745,555-690-5550,customer2745@email.com,BMW,5 Series,2020,Gray,Coupe,38124,2.5L I4,CVT,23780,New,116,New York,False,0,0
2746,2023-12-04,Customer 2746,555-632-4334,customer2746@email.com,Nissan,Rogue,2024,Red,Coupe,20902,2.5L I4,Manual,52028,New,109,San Diego,True,8376,0
2747,2023-11-10,Customer 2747,555-176-2026,customer2747@email.com,BMW,X5,2022,Silver,Truck,11911,3.6L V6,Automatic,26303,New,116,Dallas,False,0,0
2748,2023-05-31,Customer 2748,555-442-9480,customer2748@email.com,Hyundai,Sonata,2023,White,Truck,29257,2.0L I4,CVT,25476,Used,103,Los Angeles,True,4233,48
2749,2023-04-07,Customer 2749,555-507-6238,customer2749@email.com,Audi,Q5,2018,Green,Sedan,17237,3.5L V6,Automatic,48421,New,108,Chicago,False,0,0
2750,2023-07-25,Customer 2750,555-494-3096,customer2750@email.com,Toyota,Tacoma,2023,Blue,Truck,6962,3.5L V6,Manual,45297,New,107,New York,False,0,0
2751,2023-07-11,Customer 2751,555-956-8149,customer2751@email.com,Mercedes,S-Class,2022,Blue,Truck,21439,3.5L V6,Manual,44409,Used,101,Houston,True,3099,0
2752,2024-01-27,Customer 2752,555-316-7644,customer2752@email.com,Honda,CR-V,2024,Gray,Truck,25243,2.5L I4,CVT,32292,New,112,San Diego,False,0,0
2753,2023-04-20,Customer 2753,555-944-4369,customer2753@email.com,Toyota,Camry,2019,White,SUV,14517,5.0L V8,Automatic,15261,New,104,Dallas,True,1206,48
2754,2023-04-25,Customer 2754,555-884-6990,customer2754@email.com,Nissan,Altima,2021,Black,Truck,20034,2.5L I4,CVT,21818,New,109,Houston,True,1027,72
2755,2023-02-23,Customer 2755,555-208-2574,customer2755@email.com,Nissan,Titan,2019,Gray,Sedan,12492,2.0L I4,CVT,22282,Used,119,Los Angeles,True,3966,60
2756,2023-03-05,Customer 2756,555-887-5628,customer2756@email.com,Ford,Mustang,2021,Blue,Sedan,26373,2.5L I4,CVT,38796,Used,108,Dallas,True,3197,72
2757,2023-03-14,Customer 2757,555-118-8993,customer2757@email.com,Ford,F-150,2024,Blue,Truck,59284,3.5L V6,Automatic,46562,New,119,Chicago,False,0,0
2758,2023-09-16,Customer 2758,555-879-5743,customer2758@email.com,Honda,Accord,2018,Blue,SUV,30437,2.5L I4,CVT,26802,Used,116,Philadelphia,False,0,0
2759,2024-01-07,Customer 2759,555-825-6359,customer2759@email.com,Honda,Accord,2024,Gray,Coupe,46750,2.0L I4,CVT,30588,Used,109,Dallas,False,0,0
2760,2023-02-13,Customer 2760,555-816-7896,customer2760@email.com,Hyundai,Elantra,2024,White,Coupe,9805,3.6L V6,Automatic,35273,Used,119,Philadelphia,False,0,0
2761,2023-01-05,Customer 2761,555-816-2651,customer2761@email.com,Jeep,Grand Cherokee,2021,Green,Sedan,18452,2.5L I4,Automatic,26486,Used,112,San Antonio,False,0,0
2762,2023-09-13,Customer 2762,555-493-9250,customer2762@email.com,Chevrolet,Silverado,2020,Red,Coupe,23235,3.6L V6,CVT,47152,New,113,San Antonio,False,0,0
2763,2023-05-20,Customer 2763,555-761-9239,customer2763@email.com,Chevrolet,Silverado,2019,Silver,SUV,14090,2.5L I4,Manual,55932,Used,120,New York,True,6220,0
2764,2023-04-04,Customer 2764,555-507-6838,customer2764@email.com,Jeep,Cherokee,2022,Blue,Truck,40819,2.0L I4,CVT,33304,Used,111,San Antonio,True,3258,36
2765,2023-11-15,Customer 2765,555-909-4153,customer2765@email.com,Honda,Civic,2021,Black,Coupe,51753,5.0L V8,CVT,18331,New,111,San Jose,False,0,0
2766,2023-02-15,Customer 2766,555-475-5943,customer2766@email.com,Nissan,Titan,2022,Blue,Coupe,34974,5.0L V8,CVT,22541,New,108,Chicago,False,0,0
2767,2023-12-11,Customer 2767,555-342-1404,customer2767@email.com,Chevrolet,Equinox,2021,Green,Truck,58920,3.5L V6,CVT,17274,New,105,Dallas,True,1783,48
2768,2023-01-10,Customer 2768,555-505-9589,customer2768@email.com,Audi,A6,2024,Black,Sedan,53386,2.0L I4,CVT,31038,Used,110,Chicago,True,2860,72
2769,2023-02-21,Customer 2769,555-185-9371,customer2769@email.com,Honda,Accord,2020,Silver,SUV,30978,2.0L I4,Manual,16901,Used,104,Los Angeles,True,1358,36
2770,2023-08-19,Customer 2770,555-194-8392,customer2770@email.com,Audi,Q5,2022,White,SUV,29868,5.0L V8,Automatic,40991,Used,119,Dallas,True,4518,36
2771,2023-08-27,Customer 2771,555-527-3757,customer2771@email.com,Mercedes,S-Class,2024,Green,Truck,26988,5.0L V8,Manual,32740,Used,103,Chicago,False,0,0
2772,2023-06-05,Customer 2772,555-585-2179,customer2772@email.com,Ford,F-150,2022,White,Coupe,39105,3.6L V6,Automatic,37087,New,106,Los Angeles,False,0,0
2773,2023-07-01,Customer 2773,555-104-2593,customer2773@email.com,Hyundai,Tucson,2022,Green,SUV,19277,2.0L I4,Automatic,40610,New,104,Dallas,True,492,72
2774,2023-09-30,Customer 2774,555-823-3477,customer2774@email.com,Jeep,Wrangler,2018,Red,Truck,9143,5.0L V8,CVT,27862,Used,119,Chicago,False,0,0
2775,2023-09-27,Customer 2775,555-993-2176,customer2775@email.com,Toyota,Camry,2024,White,Sedan,56641,3.5L V6,CVT,51533,New,113,Houston,True,128,60
2776,2023-08-05,Customer 2776,555-566-9011,customer2776@email.com,Audi,A4,2023,Blue,SUV,29949,3.5L V6,Automatic,18464,Used,108,Houston,True,3649,36
2777,2023-10-22,Customer 2777,555-205-5992,customer2777@email.com,Mercedes,E-Class,2022,Green,Truck,47545,2.5L I4,CVT,22992,Used,107,San Antonio,False,0,0
2778,2023-11-06,Customer 2778,555-110-5065,customer2778@email.com,Ford,Escape,2021,Blue,Coupe,14235,3.6L V6,Manual,43779,New,107,San Jose,True,9420,60
2779,2023-12-26,Customer 2779,555-514-1694,customer2779@email.com,Mercedes,S-Class,2018,Black,Coupe,23121,5.0L V8,Manual,31346,New,105,Houston,True,6321,0
2780,2023-11-13,Customer 2780,555-943-3769,customer2780@email.com,Ford,F-150,2023,Red,SUV,17572,2.0L I4,CVT,57698,Used,119,Houston,False,0,0
2781,2023-11-29,Customer 2781,555-544-2866,customer2781@email.com,Honda,Civic,2023,Gray,Truck,38951,2.0L I4,Manual,16336,New,116,San Antonio,False,0,0
2782,2023-03-04,Customer 2782,555-925-4595,customer2782@email.com,Jeep,Cherokee,2024,Green,SUV,13462,3.5L V6,CVT,37173,New,101,San Jose,False,0,0
2783,2023-01-30,Customer 2783,555-926-1212,customer2783@email.com,Mercedes,S-Class,2020,White,Truck,32911,2.0L I4,Automatic,17019,New,119,San Diego,True,3556,60
2784,2023-12-06,Customer 2784,555-719-1142,customer2784@email.com,Jeep,Cherokee,2020,Red,Coupe,12875,3.5L V6,Manual,56372,Used,117,Phoenix,False,0,0
2785,2023-12-12,Customer 2785,555-387-2114,customer2785@email.com,Hyundai,Sonata,2022,Blue,Coupe,16011,5.0L V8,Automatic,38316,Used,114,Los Angeles,True,5118,36
2786,2023-05-24,Customer 2786,555-438-2452,customer2786@email.com,Toyota,Camry,2024,Gray,Truck,8137,5.0L V8,Manual,33739,Used,111,Los Angeles,True,3229,60
2787,2023-05-06,Customer 2787,555-454-8121,customer2787@email.com,Mercedes,E-Class,2021,Red,SUV,43884,3.5L V6,Automatic,34335,New,113,Los Angeles,True,6463,72
2788,2024-01-21,Customer 2788,555-264-2843,customer2788@email.com,Nissan,Rogue,2022,Silver,Sedan,45865,3.5L V6,Automatic,18277,New,119,Los Angeles,False,0,0
2789,2023-12-25,Customer 2789,555-376-7728,customer2789@email.com,Honda,CR-V,2024,Blue,Coupe,34826,2.5L I4,Manual,57279,New,119,Philadelphia,True,8857,48
2790,2023-05-12,Customer 2790,555-754-7937,customer2790@email.com,Chevrolet,Silverado,2021,Red,SUV,58967,2.5L I4,CVT,42221,Used,104,Houston,False,0,0
2791,2023-10-29,Customer 2791,555-895-6498,customer2791@email.com,Jeep,Cherokee,2024,Black,Coupe,13191,2.5L I4,Manual,38435,Used,107,Chicago,False,0,0
2792,2023-07-31,Customer 2792,555-870-6835,customer2792@email.com,Toyota,Tacoma,2024,Silver,SUV,14872,2.5L I4,Manual,16592,Used,110,Los Angeles,False,0,0
2793,2023-12-09,Customer 2793,555-910-6517,customer2793@email.com,Mercedes,E-Class,2021,Black,SUV,6610,2.0L I4,CVT,29771,New,103,Philadelphia,True,4856,72
2794,2023-02-18,Customer 2794,555-346-1264,customer2794@email.com,BMW,5 Series,2019,Black,SUV,43365,2.5L I4,CVT,33950,Used,109,Dallas,False,0,0
2795,2023-12-09,Customer 2795,555-615-3766,customer2795@email.com,Toyota,Tacoma,2023,Silver,Sedan,43434,2.0L I4,Manual,15233,New,109,Los Angeles,False,0,0
2796,2023-09-21,Customer 2796,555-363-1898,customer2796@email.com,Ford,Mustang,2024,Black,Truck,42510,5.0L V8,CVT,20314,New,113,San Jose,False,0,0
2797,2023-12-01,Customer 2797,555-887-3676,customer2797@email.com,Audi,Q5,2023,Green,Sedan,25533,2.5L I4,CVT,37572,Used,102,Dallas,True,4726,48
2798,2023-02-23,Customer 2798,555-765-1408,customer2798@email.com,Chevrolet,Equinox,2021,Gray,Sedan,8775,3.6L V6,Automatic,37952,Used,101,Houston,False,0,0
2799,2024-01-08,Customer 2799,555-545-6145,customer2799@email.com,BMW,3 Series,2019,Silver,Coupe,24527,2.0L I4,CVT,59083,New,120,San Diego,True,88,72
2800,2023-09-06,Customer 2800,555-986-3479,customer2800@email.com,Jeep,Cherokee,2022,Blue,Coupe,26330,3.5L V6,Manual,44387,New,108,Dallas,True,7340,60
2801,2023-10-15,Customer 2801,555-579-2237,customer2801@email.com,Hyundai,Elantra,2019,Blue,Sedan,25821,3.6L V6,Automatic,20794,Used,101,Chicago,True,788,60
2802,2023-08-06,Customer 2802,555-319-7192,customer2802@email.com,Jeep,Cherokee,2024,Gray,Truck,35848,2.0L I4,Automatic,35527,New,104,Los Angeles,True,3243,0
2803,2023-10-06,Customer 2803,555-584-3616,customer2803@email.com,Honda,Accord,2020,Black,Truck,57252,5.0L V8,Manual,42996,Used,117,San Jose,True,4610,60
2804,2023-05-26,Customer 2804,555-916-3419,customer2804@email.com,Chevrolet,Traverse,2022,Silver,Coupe,40803,2.5L I4,Manual,16572,Used,118,Philadelphia,True,1731,48
2805,2023-11-20,Customer 2805,555-442-1519,customer2805@email.com,Mercedes,S-Class,2023,Black,Sedan,23848,5.0L V8,CVT,44128,New,108,Chicago,False,0,0
2806,2023-01-05,Customer 2806,555-880-1555,customer2806@email.com,Toyota,RAV4,2019,Blue,Truck,47397,3.5L V6,CVT,36524,New,104,San Diego,True,453,0
2807,2023-08-07,Customer 2807,555-603-7303,customer2807@email.com,Honda,Accord,2018,Silver,Sedan,23165,3.6L V6,Automatic,53686,Used,111,Phoenix,True,10928,48
2808,2024-01-29,Customer 2808,555-749-5189,customer2808@email.com,Mercedes,E-Class,2020,Blue,SUV,39357,5.0L V8,CVT,35189,New,120,Chicago,True,3195,36
2809,2023-06-14,Customer 2809,555-122-3684,customer2809@email.com,BMW,5 Series,2021,White,SUV,24818,5.0L V8,CVT,27486,Used,113,Los Angeles,False,0,0
2810,2023-06-03,Customer 2810,555-165-4417,customer2810@email.com,Chevrolet,Traverse,2022,Green,Sedan,26109,2.0L I4,Automatic,54968,New,109,Phoenix,False,0,0
2811,2023-07-09,Customer 2811,555-158-2839,customer2811@email.com,Jeep,Wrangler,2020,Black,Coupe,21356,5.0L V8,CVT,33521,New,103,San Antonio,True,8199,48
2812,2023-11-02,Customer 2812,555-322-4163,customer2812@email.com,Hyundai,Sonata,2019,Blue,Truck,34956,3.5L V6,Automatic,22570,Used,111,New York,False,0,0
2813,2023-01-06,Customer 2813,555-458-8486,customer2813@email.com,BMW,5 Series,2019,White,SUV,30986,3.5L V6,CVT,42436,Used,110,San Antonio,True,6635,36
2814,2023-08-26,Customer 2814,555-621-8352,customer2814@email.com,Nissan,Altima,2023,Gray,Coupe,40699,2.5L I4,Manual,27124,New,118,Dallas,False,0,0
2815,2023-08-25,Customer 2815,555-185-1797,customer2815@email.com,Chevrolet,Silverado,2019,Green,SUV,39759,2.0L I4,Automatic,17816,Used,101,Chicago,True,2139,36
2816,2023-04-17,Customer 2816,555-226-6150,customer2816@email.com,Honda,CR-V,2019,Silver,SUV,58132,5.0L V8,CVT,47338,New,102,Philadelphia,True,2777,36
2817,2023-03-18,Customer 2817,555-989-2095,customer2817@email.com,Honda,Accord,2020,Black,SUV,34019,2.0L I4,Manual,44586,Used,105,San Jose,True,10839,36
2818,2023-03-21,Customer 2818,555-281-9010,customer2818@email.com,Mercedes,S-Class,2024,White,SUV,24164,5.0L V8,Automatic,25363,Used,114,Dallas,True,1209,48
2819,2023-11-06,Customer 2819,555-359-5964,customer2819@email.com,Jeep,Grand Cherokee,2019,Green,Sedan,43272,5.0L V8,Manual,18800,New,105,San Diego,False,0,0
2820,2023-11-29,Customer 2820,555-897-3531,customer2820@email.com,BMW,X5,2019,Black,SUV,9115,5.0L V8,CVT,20177,Used,103,Houston,False,0,0
2821,2023-01-26,Customer 2821,555-730-1287,customer2821@email.com,Jeep,Cherokee,2024,Gray,Truck,9312,2.5L I4,Manual,32582,Used,118,San Antonio,False,0,0
2822,2023-02-25,Customer 2822,555-534-3037,customer2822@email.com,BMW,5 Series,2021,Silver,Sedan,21878,5.0L V8,CVT,29276,Used,120,Phoenix,True,1832,36
2823,2023-01-29,Customer 2823,555-600-7867,customer2823@email.com,BMW,3 Series,2020,Black,SUV,53041,3.6L V6,CVT,59538,New,114,Los Angeles,True,2830,36
2824,2023-10-08,Customer 2824,555-718-2398,customer2824@email.com,Mercedes,S-Class,2023,Green,Truck,38821,3.5L V6,Automatic,27347,New,120,San Diego,True,3483,60
2825,2023-08-16,Customer 2825,555-503-4861,customer2825@email.com,Nissan,Altima,2020,Gray,Coupe,55771,2.5L I4,CVT,53048,Used,114,San Jose,True,8601,36
2826,2023-12-05,Customer 2826,555-579-5823,customer2826@email.com,Chevrolet,Silverado,2022,Black,Truck,10820,5.0L V8,Manual,39740,Used,109,Houston,True,3797,0
2827,2023-01-24,Customer 2827,555-975-1863,customer2827@email.com,BMW,X5,2024,Gray,SUV,17532,2.0L I4,Manual,39622,Used,106,New York,True,9135,60
2828,2023-08-12,Customer 2828,555-890-9807,customer2828@email.com,Jeep,Grand Cherokee,2023,Blue,SUV,47715,2.0L I4,CVT,47210,Used,110,San Antonio,False,0,0
2829,2023-04-30,Customer 2829,555-418-7627,customer2829@email.com,Hyundai,Elantra,2024,Red,Truck,23924,3.6L V6,CVT,32200,Used,106,Phoenix,True,5836,72
2830,2023-07-04,Customer 2830,555-352-6508,customer2830@email.com,Honda,Civic,2024,Silver,Sedan,5802,3.5L V6,CVT,55125,New,104,New York,False,0,0
2831,2023-02-15,Customer 2831,555-327-5398,customer2831@email.com,Nissan,Titan,2019,Blue,SUV,8627,5.0L V8,Manual,40989,Used,103,Philadelphia,True,4830,60
2832,2024-01-05,Customer 2832,555-481-7824,customer2832@email.com,Audi,Q5,2023,Red,Sedan,57242,3.5L V6,CVT,15897,Used,114,San Jose,True,1546,60
2833,2023-06-07,Customer 2833,555-905-6304,customer2833@email.com,Hyundai,Tucson,2018,Gray,Coupe,45145,5.0L V8,Automatic,23383,Used,107,New York,True,2603,36
2834,2023-07-09,Customer 2834,555-687-8470,customer2834@email.com,Chevrolet,Equinox,2019,Black,Truck,7505,3.5L V6,Manual,58178,New,120,New York,True,6404,48
2835,2023-05-05,Customer 2835,555-842-9916,customer2835@email.com,Toyota,RAV4,2023,Green,Truck,13472,3.6L V6,CVT,41937,Used,108,Philadelphia,True,7969,60
2836,2023-03-06,Customer 2836,555-705-5506,customer2836@email.com,Nissan,Titan,2019,Silver,Truck,15154,2.5L I4,Manual,21294,New,111,Houston,False,0,0
2837,2023-12-31,Customer 2837,555-295-2380,customer2837@email.com,Honda,Accord,2022,Gray,Truck,35728,5.0L V8,Automatic,50517,New,108,Houston,False,0,0
2838,2023-12-03,Customer 2838,555-652-5480,customer2838@email.com,Hyundai,Elantra,2018,Black,SUV,25828,2.0L I4,Manual,18872,Used,115,Houston,True,215,60
2839,2023-01-26,Customer 2839,555-340-7562,customer2839@email.com,Honda,Civic,2022,Red,Coupe,57496,3.5L V6,Manual,28400,New,120,Los Angeles,False,0,0
2840,2023-01-31,Customer 2840,555-654-2112,customer2840@email.com,BMW,3 Series,2018,Red,SUV,50693,2.0L I4,Automatic,19356,New,108,Phoenix,False,0,0
2841,2023-11-30,Customer 2841,555-390-6027,customer2841@email.com,Chevrolet,Traverse,2022,Blue,Truck,23637,2.5L I4,Automatic,23423,Used,107,San Jose,False,0,0
2842,2023-05-14,Customer 2842,555-954-1261,customer2842@email.com,Hyundai,Sonata,2021,Blue,Coupe,14446,5.0L V8,Automatic,33667,New,120,San Diego,True,1342,48
2843,2024-01-13,Customer 2843,555-799-7284,customer2843@email.com,Hyundai,Sonata,2020,Red,Truck,37483,2.0L I4,Manual,53835,New,110,San Jose,True,13159,48
2844,2023-03-03,Customer 2844,555-375-4344,customer2844@email.com,Ford,Escape,2018,Gray,Coupe,14340,2.0L I4,Manual,24726,New,106,Houston,True,1659,60
2845,2023-12-16,Customer 2845,555-645-9171,customer2845@email.com,Jeep,Wrangler,2018,Green,Sedan,13637,2.0L I4,Automatic,50223,Used,111,San Antonio,False,0,0
2846,2023-09-30,Customer 2846,555-262-8322,customer2846@email.com,Toyota,Camry,2018,Green,Truck,22854,2.5L I4,Manual,15165,Used,113,New York,True,2579,72
2847,2023-07-13,Customer 2847,555-402-1016,customer2847@email.com,Jeep,Cherokee,2024,Silver,Sedan,24928,5.0L V8,Manual,40736,Used,115,San Antonio,False,0,0
2848,2023-07-13,Customer 2848,555-557-5830,customer2848@email.com,Honda,Civic,2023,Black,SUV,29048,2.5L I4,Automatic,35750,Used,104,San Jose,False,0,0
2849,2023-01-22,Customer 2849,555-402-8544,customer2849@email.com,Jeep,Cherokee,2020,Silver,SUV,27405,3.5L V6,CVT,53305,Used,111,Chicago,False,0,0
2850,2023-08-19,Customer 2850,555-168-8911,customer2850@email.com,Chevrolet,Silverado,2018,Black,Coupe,34610,2.0L I4,Manual,38079,New,111,Chicago,True,9464,0
2851,2023-03-30,Customer 2851,555-714-8912,customer2851@email.com,Jeep,Grand Cherokee,2018,Red,SUV,10655,5.0L V8,CVT,57761,New,102,Dallas,True,12854,60
2852,2023-11-09,Customer 2852,555-982-8084,customer2852@email.com,Toyota,Camry,2019,Red,Truck,37273,3.6L V6,Automatic,18014,New,113,Philadelphia,True,1805,60
2853,2023-10-19,Customer 2853,555-172-2048,customer2853@email.com,Mercedes,S-Class,2022,Red,Coupe,59634,2.0L I4,Automatic,34920,New,114,New York,True,3145,48
2854,2023-03-23,Customer 2854,555-269-8413,customer2854@email.com,Hyundai,Elantra,2022,White,Coupe,55807,2.5L I4,Automatic,32767,Used,108,Los Angeles,False,0,0
2855,2023-03-14,Customer 2855,555-234-3725,customer2855@email.com,Jeep,Wrangler,2024,Silver,Sedan,42271,3.5L V6,Manual,17746,New,105,Los Angeles,False,0,0
2856,2023-02-22,Customer 2856,555-949-8788,customer2856@email.com,Ford,F-150,2022,Green,Coupe,9030,2.0L I4,CVT,59625,Used,101,Dallas,True,7980,60
2857,2024-01-20,Customer 2857,555-266-3990,customer2857@email.com,Nissan,Rogue,2022,Blue,Coupe,6807,2.5L I4,Automatic,29265,Used,104,Phoenix,False,0,0
2858,2023-12-06,Customer 2858,555-496-6744,customer2858@email.com,Hyundai,Tucson,2024,Blue,Coupe,38929,3.5L V6,Manual,15346,Used,101,Chicago,False,0,0
2859,2023-08-22,Customer 2859,555-262-1243,customer2859@email.com,Nissan,Titan,2024,White,Coupe,39422,2.5L I4,Manual,19112,New,115,Chicago,False,0,0
2860,2023-02-25,Customer 2860,555-624-4891,customer2860@email.com,Honda,Accord,2023,Black,SUV,7979,2.0L I4,Automatic,53775,Used,108,San Diego,False,0,0
2861,2023-12-06,Customer 2861,555-581-8296,customer2861@email.com,Mercedes,C-Class,2023,White,Coupe,9313,3.6L V6,Automatic,19674,Used,116,San Diego,False,0,0
2862,2023-06-17,Customer 2862,555-662-9904,customer2862@email.com,Toyota,Tacoma,2021,White,SUV,37439,3.5L V6,Manual,17503,New,108,Dallas,False,0,0
2863,2023-12-16,Customer 2863,555-141-6768,customer2863@email.com,Ford,Mustang,2020,White,Coupe,11577,3.6L V6,CVT,47790,Used,116,Chicago,False,0,0
2864,2023-01-08,Customer 2864,555-343-6629,customer2864@email.com,Audi,A6,2019,Gray,Truck,52278,2.0L I4,CVT,15340,New,102,Chicago,False,0,0
2865,2023-06-09,Customer 2865,555-500-3698,customer2865@email.com,Honda,Accord,2020,Gray,Coupe,38963,3.6L V6,CVT,18859,New,116,San Jose,True,3400,72
2866,2023-09-07,Customer 2866,555-389-9085,customer2866@email.com,Jeep,Wrangler,2019,Silver,Coupe,19447,2.0L I4,CVT,34958,New,108,Phoenix,False,0,0
2867,2023-06-21,Customer 2867,555-397-4262,customer2867@email.com,Mercedes,C-Class,2024,Red,SUV,17141,2.5L I4,CVT,23934,Used,106,San Diego,True,4910,60
2868,2023-01-05,Customer 2868,555-130-6309,customer2868@email.com,Ford,Mustang,2024,Gray,Sedan,55811,2.5L I4,Manual,50877,New,112,Phoenix,False,0,0
2869,2023-02-14,Customer 2869,555-238-1118,customer2869@email.com,Mercedes,S-Class,2019,Green,SUV,6959,3.5L V6,CVT,31598,Used,119,Los Angeles,True,7322,48
2870,2023-05-24,Customer 2870,555-529-2954,customer2870@email.com,Audi,A4,2022,Green,SUV,11023,2.5L I4,Automatic,58345,New,109,Chicago,False,0,0
2871,2023-12-24,Customer 2871,555-313-4031,customer2871@email.com,Toyota,RAV4,2018,Blue,SUV,42647,2.5L I4,CVT,45085,Used,102,San Antonio,True,2441,60
2872,2023-12-02,Customer 2872,555-109-6672,customer2872@email.com,Toyota,RAV4,2019,Gray,SUV,35103,2.0L I4,Automatic,42164,New,112,Phoenix,False,0,0
2873,2023-06-22,Customer 2873,555-937-3934,customer2873@email.com,BMW,3 Series,2021,Black,Coupe,6479,2.0L I4,Manual,49914,New,109,Phoenix,True,7733,36
2874,2023-10-01,Customer 2874,555-406-2503,customer2874@email.com,Jeep,Cherokee,2020,Gray,Sedan,16622,5.0L V8,CVT,28233,New,120,Chicago,True,5733,72
2875,2023-09-30,Customer 2875,555-124-1444,customer2875@email.com,Nissan,Rogue,2018,Black,Truck,29114,5.0L V8,Automatic,32504,New,105,San Jose,False,0,0
2876,2023-09-25,Customer 2876,555-523-7420,customer2876@email.com,Chevrolet,Equinox,2022,Red,Sedan,38169,5.0L V8,Automatic,57659,Used,119,Chicago,True,2553,72
2877,2023-08-09,Customer 2877,555-315-7639,customer2877@email.com,Jeep,Grand Cherokee,2023,Green,SUV,32642,3.6L V6,Manual,42180,Used,114,San Antonio,False,0,0
2878,2023-01-01,Customer 2878,555-276-9114,customer2878@email.com,Mercedes,S-Class,2020,Silver,Coupe,46000,2.0L I4,CVT,42402,Used,105,San Jose,True,5987,60
2879,2023-06-13,Customer 2879,555-276-5104,customer2879@email.com,BMW,5 Series,2018,Red,Coupe,32068,2.5L I4,CVT,16295,New,118,Dallas,False,0,0
2880,2023-04-13,Customer 2880,555-846-5386,customer2880@email.com,Honda,Accord,2023,Green,SUV,17554,3.6L V6,Automatic,45390,Used,110,Phoenix,True,2786,48
2881,2023-06-29,Customer 2881,555-133-1513,customer2881@email.com,Mercedes,C-Class,2022,Red,Coupe,19969,2.5L I4,CVT,28370,New,117,Houston,True,198,60
2882,2023-08-08,Customer 2882,555-966-2264,customer2882@email.com,BMW,3 Series,2018,White,Coupe,49206,2.0L I4,CVT,52807,New,108,Houston,True,5915,36
2883,2023-12-14,Customer 2883,555-795-4300,customer2883@email.com,Chevrolet,Silverado,2019,Green,Coupe,15215,3.6L V6,Automatic,48171,Used,111,Phoenix,False,0,0
2884,2023-09-24,Customer 2884,555-496-9433,customer2884@email.com,Mercedes,E-Class,2022,White,Sedan,41686,3.6L V6,Automatic,47968,New,108,Philadelphia,False,0,0
2885,2023-04-14,Customer 2885,555-169-4989,customer2885@email.com,Hyundai,Elantra,2022,Gray,Sedan,55074,5.0L V8,CVT,44383,New,103,Los Angeles,False,0,0
2886,2023-12-20,Customer 2886,555-971-9166,customer2886@email.com,Toyota,RAV4,2020,Blue,Coupe,27800,2.0L I4,CVT,23382,Used,109,New York,True,3325,60
2887,2023-01-24,Customer 2887,555-169-2084,customer2887@email.com,Honda,Civic,2023,White,Sedan,58765,5.0L V8,CVT,26501,Used,108,Dallas,False,0,0
2888,2023-01-27,Customer 2888,555-841-5008,customer2888@email.com,Chevrolet,Equinox,2023,Green,Truck,14236,5.0L V8,CVT,43878,New,120,San Diego,True,2405,60
2889,2023-07-22,Customer 2889,555-568-7084,customer2889@email.com,Mercedes,S-Class,2022,White,SUV,23370,3.5L V6,Manual,17681,New,102,Dallas,True,116,60
2890,2023-07-04,Customer 2890,555-241-6689,customer2890@email.com,Jeep,Grand Cherokee,2021,Green,Sedan,52781,2.0L I4,Manual,16972,New,103,Dallas,True,1943,36
2891,2023-08-25,Customer 2891,555-159-2484,customer2891@email.com,Toyota,RAV4,2018,Red,Sedan,8104,2.0L I4,CVT,51863,Used,109,San Antonio,False,0,0
2892,2023-10-26,Customer 2892,555-245-7538,customer2892@email.com,Jeep,Wrangler,2024,White,Truck,14859,3.6L V6,CVT,27032,Used,120,San Diego,True,160,72
2893,2023-04-30,Customer 2893,555-287-7515,customer2893@email.com,Audi,A4,2023,Blue,Truck,7105,2.0L I4,Automatic,50101,New,114,Chicago,True,9162,48
2894,2023-09-10,Customer 2894,555-670-8453,customer2894@email.com,Ford,F-150,2018,Gray,Sedan,9446,5.0L V8,Manual,18461,New,112,Houston,True,4318,48
2895,2023-02-22,Customer 2895,555-598-4181,customer2895@email.com,Honda,Accord,2018,Silver,Coupe,26065,3.5L V6,Manual,17282,Used,107,Dallas,True,4184,60
2896,2023-08-24,Customer 2896,555-942-8873,customer2896@email.com,Toyota,Camry,2022,Green,Truck,16176,2.0L I4,CVT,45269,Used,102,Philadelphia,True,4774,72
2897,2023-01-11,Customer 2897,555-463-8120,customer2897@email.com,Honda,Civic,2018,Black,Truck,20091,3.5L V6,Manual,16744,New,105,Los Angeles,True,3097,60
2898,2023-06-18,Customer 2898,555-281-6935,customer2898@email.com,Toyota,RAV4,2019,Gray,Coupe,11481,5.0L V8,Automatic,59023,Used,118,Dallas,True,3207,0
2899,2023-10-16,Customer 2899,555-751-8358,customer2899@email.com,Honda,CR-V,2018,Green,Truck,17114,5.0L V8,Manual,37226,New,101,Dallas,False,0,0
2900,2023-02-08,Customer 2900,555-341-2937,customer2900@email.com,Audi,A6,2021,White,Truck,16101,5.0L V8,Manual,50673,Used,116,Phoenix,False,0,0
2901,2023-09-01,Customer 2901,555-295-6202,customer2901@email.com,Chevrolet,Traverse,2019,Red,Sedan,49989,5.0L V8,CVT,54207,Used,105,San Diego,False,0,0
2902,2023-11-26,Customer 2902,555-897-1857,customer2902@email.com,Audi,A6,2020,Gray,Sedan,39769,3.6L V6,CVT,41593,New,108,New York,True,10011,48
2903,2023-03-07,Customer 2903,555-540-8871,customer2903@email.com,Ford,F-150,2020,Silver,Truck,23884,2.5L I4,Manual,53380,Used,104,San Antonio,True,6084,0
2904,2023-06-06,Customer 2904,555-302-4617,customer2904@email.com,Honda,Accord,2023,Black,Sedan,34413,3.5L V6,Manual,18897,Used,118,Phoenix,True,300,36
2905,2023-12-10,Customer 2905,555-516-6659,customer2905@email.com,Audi,A4,2019,Silver,Coupe,50346,3.6L V6,Manual,41421,Used,119,Phoenix,True,5044,0
2906,2023-12-09,Customer 2906,555-851-4855,customer2906@email.com,Ford,F-150,2019,Red,Coupe,40244,3.5L V6,CVT,44290,New,114,Philadelphia,False,0,0
2907,2023-10-03,Customer 2907,555-305-1290,customer2907@email.com,Mercedes,E-Class,2018,Red,Sedan,47854,2.5L I4,Automatic,52606,New,116,San Diego,True,11601,60
2908,2023-08-10,Customer 2908,555-774-4218,customer2908@email.com,Hyundai,Tucson,2023,White,Sedan,8185,2.5L I4,Manual,33845,New,105,Houston,False,0,0
2909,2023-05-28,Customer 2909,555-149-6568,customer2909@email.com,Ford,Mustang,2023,White,Truck,21694,2.5L I4,Automatic,18568,New,102,Philadelphia,True,3776,60
2910,2023-11-17,Customer 2910,555-267-3279,customer2910@email.com,Hyundai,Sonata,2022,Blue,Coupe,5239,3.6L V6,CVT,53525,Used,118,Dallas,False,0,0
2911,2023-05-11,Customer 2911,555-656-5008,customer2911@email.com,Ford,Escape,2024,Red,SUV,59300,5.0L V8,Manual,27433,New,120,San Jose,False,0,0
2912,2023-01-21,Customer 2912,555-720-5002,customer2912@email.com,Mercedes,C-Class,2022,Gray,Truck,54165,2.0L I4,Manual,53967,Used,103,San Antonio,True,6031,36
2913,2023-01-15,Customer 2913,555-971-6453,customer2913@email.com,Audi,A6,2020,Blue,SUV,14200,3.5L V6,CVT,33425,New,119,New York,True,1611,0
2914,2023-09-27,Customer 2914,555-168-2123,customer2914@email.com,Toyota,Camry,2021,Blue,Sedan,51934,5.0L V8,Automatic,30044,Used,113,San Jose,True,6090,36
2915,2023-11-05,Customer 2915,555-694-6791,customer2915@email.com,Audi,A4,2020,Gray,Truck,14249,2.5L I4,CVT,36880,Used,113,New York,True,2700,60
2916,2023-01-29,Customer 2916,555-993-2138,customer2916@email.com,BMW,X5,2023,Red,SUV,43250,3.5L V6,Manual,25691,Used,113,Houston,False,0,0
2917,2023-10-06,Customer 2917,555-194-1761,customer2917@email.com,Hyundai,Elantra,2023,Gray,Coupe,30743,3.6L V6,CVT,41460,Used,105,Los Angeles,False,0,0
2918,2023-03-18,Customer 2918,555-901-2144,customer2918@email.com,Jeep,Grand Cherokee,2018,Gray,Coupe,42297,3.6L V6,Manual,34405,Used,118,Phoenix,True,6306,36
2919,2023-06-20,Customer 2919,555-138-7755,customer2919@email.com,Hyundai,Tucson,2018,Silver,Coupe,53246,3.6L V6,CVT,23944,New,110,San Antonio,True,5093,0
2920,2023-09-14,Customer 2920,555-966-7602,customer2920@email.com,Audi,Q5,2023,Red,Truck,7564,2.0L I4,Manual,55614,Used,114,San Diego,True,8710,36
2921,2023-01-06,Customer 2921,555-214-7839,customer2921@email.com,Honda,CR-V,2023,Red,Truck,57672,2.5L I4,Automatic,42549,Used,111,San Antonio,True,2395,0
2922,2023-01-12,Customer 2922,555-479-9068,customer2922@email.com,Jeep,Grand Cherokee,2023,Gray,SUV,8512,3.6L V6,Manual,17164,New,114,San Antonio,True,270,48
2923,2023-10-28,Customer 2923,555-752-1473,customer2923@email.com,Mercedes,E-Class,2021,Black,SUV,14590,5.0L V8,Manual,22232,New,120,Phoenix,True,4383,72
2924,2023-09-30,Customer 2924,555-954-5574,customer2924@email.com,Ford,Escape,2024,Black,Truck,48415,2.5L I4,CVT,35273,Used,107,San Diego,True,2743,36
2925,2024-01-12,Customer 2925,555-707-4071,customer2925@email.com,BMW,5 Series,2018,Gray,SUV,49924,2.0L I4,CVT,29122,New,116,San Diego,False,0,0
2926,2023-10-03,Customer 2926,555-371-1864,customer2926@email.com,Ford,Escape,2018,Gray,Truck,40606,2.5L I4,Manual,23237,Used,102,Phoenix,True,4613,0
2927,2023-04-13,Customer 2927,555-911-2054,customer2927@email.com,Jeep,Cherokee,2020,Green,Coupe,52434,3.5L V6,Automatic,19473,Used,115,Phoenix,True,3555,48
2928,2024-01-06,Customer 2928,555-398-3180,customer2928@email.com,Jeep,Cherokee,2018,White,Sedan,53991,2.0L I4,CVT,38534,Used,116,San Diego,False,0,0
2929,2023-12-30,Customer 2929,555-200-8766,customer2929@email.com,Jeep,Grand Cherokee,2020,Gray,SUV,11030,3.5L V6,CVT,15964,New,108,Philadelphia,False,0,0
2930,2023-07-17,Customer 2930,555-884-5179,customer2930@email.com,Hyundai,Sonata,2022,Blue,Coupe,32821,2.5L I4,Manual,25720,Used,107,Phoenix,False,0,0
2931,2023-01-20,Customer 2931,555-830-5351,customer2931@email.com,Mercedes,E-Class,2018,Silver,Coupe,17011,2.0L I4,Manual,15982,New,107,San Jose,True,3399,0
2932,2023-07-10,Customer 2932,555-906-2862,customer2932@email.com,BMW,X5,2020,Black,Sedan,27506,3.6L V6,CVT,53520,Used,101,Houston,False,0,0
2933,2023-02-24,Customer 2933,555-146-4730,customer2933@email.com,Nissan,Titan,2018,Gray,Truck,42680,3.5L V6,CVT,47194,New,108,Philadelphia,False,0,0
2934,2023-08-24,Customer 2934,555-499-7209,customer2934@email.com,Nissan,Rogue,2020,Red,SUV,40672,3.6L V6,CVT,15826,New,108,Houston,False,0,0
2935,2023-12-27,Customer 2935,555-844-4236,customer2935@email.com,Ford,Escape,2018,Red,SUV,25100,5.0L V8,CVT,58796,Used,118,New York,True,4519,48
2936,2023-06-21,Customer 2936,555-763-6672,customer2936@email.com,Mercedes,C-Class,2024,Green,Coupe,42399,3.6L V6,Automatic,32158,New,104,Phoenix,True,674,36
2937,2023-09-26,Customer 2937,555-993-4084,customer2937@email.com,Honda,Civic,2018,Black,Truck,29779,2.0L I4,Automatic,43407,New,112,Houston,False,0,0
2938,2023-07-27,Customer 2938,555-751-9725,customer2938@email.com,Honda,Civic,2018,White,SUV,20794,5.0L V8,Manual,51012,New,104,Philadelphia,True,3999,48
2939,2023-01-13,Customer 2939,555-355-2700,customer2939@email.com,Nissan,Titan,2018,Gray,Coupe,54128,3.5L V6,Automatic,44386,New,114,Los Angeles,False,0,0
2940,2023-02-21,Customer 2940,555-568-4357,customer2940@email.com,Ford,F-150,2022,White,Coupe,44801,2.0L I4,CVT,41184,New,114,San Jose,False,0,0
2941,2023-03-24,Customer 2941,555-232-1727,customer2941@email.com,Toyota,RAV4,2021,Gray,Coupe,53361,5.0L V8,Automatic,17887,New,117,New York,True,1027,60
2942,2023-12-15,Customer 2942,555-329-2886,customer2942@email.com,BMW,5 Series,2023,Green,SUV,29001,3.5L V6,Manual,36378,Used,104,Philadelphia,False,0,0
2943,2023-05-03,Customer 2943,555-255-7814,customer2943@email.com,Audi,Q5,2020,Black,Truck,32853,2.5L I4,Manual,46425,Used,103,Los Angeles,False,0,0
2944,2023-12-15,Customer 2944,555-159-7817,customer2944@email.com,Audi,A4,2024,White,Coupe,2461,3.5L V6,CVT,27283,Used,103,Dallas,True,2521,36
2945,2023-02-13,Customer 2945,555-776-5190,customer2945@email.com,BMW,5 Series,2024,Black,Truck,43958,2.5L I4,Manual,15605,Used,108,Phoenix,True,2045,60
2946,2023-02-14,Customer 2946,555-270-6924,customer2946@email.com,Hyundai,Tucson,2023,Red,Truck,40071,2.0L I4,Automatic,28935,Used,101,San Antonio,True,5325,0
2947,2024-01-11,Customer 2947,555-787-9967,customer2947@email.com,Ford,F-150,2021,Green,Sedan,37147,3.6L V6,CVT,51583,Used,101,San Diego,True,11849,48
2948,2023-12-03,Customer 2948,555-199-7033,customer2948@email.com,Chevrolet,Silverado,2024,Green,Sedan,6551,2.5L I4,CVT,54142,New,107,San Jose,False,0,0
2949,2024-01-30,Customer 2949,555-784-4165,customer2949@email.com,Nissan,Altima,2022,Blue,Sedan,23503,2.0L I4,Automatic,47635,New,102,San Antonio,False,0,0
2950,2023-04-24,Customer 2950,555-710-7529,customer2950@email.com,BMW,X5,2019,Green,Coupe,34972,3.6L V6,Automatic,58227,New,102,Phoenix,True,6513,36
2951,2023-07-05,Customer 2951,555-769-7630,customer2951@email.com,Audi,Q5,2020,White,Coupe,5602,3.6L V6,Manual,47291,Used,105,San Antonio,False,0,0
2952,2023-03-04,Customer 2952,555-925-4142,customer2952@email.com,Nissan,Altima,2021,White,Truck,44529,2.5L I4,Automatic,29428,New,103,San Diego,True,2173,60
2953,2023-03-22,Customer 2953,555-257-3504,customer2953@email.com,Chevrolet,Silverado,2021,White,SUV,50635,5.0L V8,CVT,58397,Used,102,Phoenix,True,13489,36
2954,2023-07-27,Customer 2954,555-359-8438,customer2954@email.com,Mercedes,S-Class,2024,White,Sedan,45803,2.5L I4,Automatic,51770,New,114,Chicago,True,3643,36
2955,2023-03-01,Customer 2955,555-384-7204,customer2955@email.com,Ford,Escape,2020,Black,SUV,34867,5.0L V8,CVT,26695,New,117,Dallas,True,1292,36
2956,2023-10-07,Customer 2956,555-431-7019,customer2956@email.com,Hyundai,Sonata,2024,Blue,SUV,12962,5.0L V8,Manual,59600,New,109,San Jose,False,0,0
2957,2023-12-14,Customer 2957,555-679-5519,customer2957@email.com,Honda,Civic,2020,Red,Coupe,44458,5.0L V8,Automatic,56678,New,106,Los Angeles,False,0,0
2958,2023-03-29,Customer 2958,555-939-8777,customer2958@email.com,Mercedes,S-Class,2018,Red,SUV,12305,2.5L I4,CVT,18688,Used,109,New York,True,3341,36
2959,2023-05-23,Customer 2959,555-704-9266,customer2959@email.com,Mercedes,C-Class,2021,Black,SUV,11128,3.6L V6,CVT,50940,Used,102,Los Angeles,True,1978,72
2960,2024-01-02,Customer 2960,555-327-3537,customer2960@email.com,Mercedes,E-Class,2018,White,Sedan,15341,2.0L I4,Automatic,36134,New,106,San Jose,False,0,0
2961,2023-09-01,Customer 2961,555-774-4280,customer2961@email.com,Mercedes,E-Class,2019,Green,SUV,40025,3.5L V6,Manual,49180,Used,115,Chicago,False,0,0
2962,2023-03-20,Customer 2962,555-237-5865,customer2962@email.com,Honda,Civic,2020,Blue,Sedan,28006,3.5L V6,Manual,29866,New,110,Philadelphia,False,0,0
2963,2023-08-01,Customer 2963,555-148-5203,customer2963@email.com,Honda,Civic,2024,Blue,Truck,29182,2.5L I4,Manual,55307,New,110,San Jose,False,0,0
2964,2023-04-27,Customer 2964,555-506-2652,customer2964@email.com,Audi,Q5,2021,Red,Sedan,44446,2.0L I4,CVT,55089,New,104,Philadelphia,False,0,0
2965,2023-10-18,Customer 2965,555-176-4437,customer2965@email.com,Hyundai,Elantra,2023,Gray,Truck,39321,3.5L V6,Automatic,35714,New,115,Dallas,False,0,0
2966,2023-01-21,Customer 2966,555-926-9642,customer2966@email.com,Nissan,Altima,2021,White,Coupe,26674,3.6L V6,Manual,48765,New,102,New York,False,0,0
2967,2023-11-05,Customer 2967,555-528-1584,customer2967@email.com,Honda,Accord,2020,Red,Sedan,24445,3.6L V6,Automatic,40600,Used,116,San Jose,False,0,0
2968,2023-01-22,Customer 2968,555-256-3143,customer2968@email.com,Mercedes,S-Class,2018,White,SUV,33132,2.0L I4,Manual,42545,Used,114,Chicago,True,103,60
2969,2023-11-21,Customer 2969,555-744-3691,customer2969@email.com,Hyundai,Tucson,2019,Gray,Truck,38705,2.0L I4,Manual,24650,New,113,Chicago,True,4410,48
2970,2023-05-28,Customer 2970,555-492-6229,customer2970@email.com,Nissan,Titan,2020,Gray,SUV,32207,5.0L V8,CVT,16449,New,103,Houston,False,0,0
2971,2023-03-28,Customer 2971,555-848-8077,customer2971@email.com,Hyundai,Tucson,2018,Red,SUV,46221,3.5L V6,Automatic,43897,Used,108,San Antonio,False,0,0
2972,2023-09-01,Customer 2972,555-421-9538,customer2972@email.com,Mercedes,E-Class,2021,Blue,Truck,36046,5.0L V8,Manual,37801,New,116,San Antonio,True,4098,60
2973,2023-09-12,Customer 2973,555-846-6060,customer2973@email.com,Chevrolet,Traverse,2018,Green,SUV,26612,2.0L I4,CVT,46513,New,110,New York,True,1455,36
2974,2023-09-06,Customer 2974,555-753-2279,customer2974@email.com,Audi,A6,2023,Red,Coupe,24538,3.5L V6,Manual,24690,New,102,San Antonio,False,0,0
2975,2023-01-25,Customer 2975,555-743-1748,customer2975@email.com,Toyota,RAV4,2023,Black,Truck,20378,3.5L V6,Manual,58854,Used,107,New York,True,13907,72
2976,2023-11-06,Customer 2976,555-430-3424,customer2976@email.com,Ford,Escape,2019,Gray,SUV,24543,3.6L V6,Automatic,47081,Used,109,Phoenix,False,0,0
2977,2023-01-31,Customer 2977,555-191-2281,customer2977@email.com,Toyota,RAV4,2019,Gray,Sedan,30445,3.5L V6,Automatic,34555,New,119,San Antonio,False,0,0
2978,2023-01-08,Customer 2978,555-655-7304,customer2978@email.com,Ford,Escape,2019,Gray,SUV,22729,5.0L V8,Automatic,31354,New,107,Los Angeles,False,0,0
2979,2023-01-28,Customer 2979,555-670-4579,customer2979@email.com,Audi,A4,2023,Black,SUV,16605,2.0L I4,CVT,18764,New,111,Chicago,True,883,48
2980,2023-05-01,Customer 2980,555-170-4699,customer2980@email.com,BMW,X5,2018,Red,Truck,33746,3.6L V6,Manual,52591,New,102,Phoenix,True,8461,36
2981,2023-12-04,Customer 2981,555-679-5692,customer2981@email.com,Hyundai,Elantra,2024,Green,Coupe,17999,5.0L V8,Manual,16263,New,110,San Diego,True,2331,36
2982,2023-12-23,Customer 2982,555-359-4050,customer2982@email.com,Mercedes,S-Class,2022,Black,Coupe,42938,3.6L V6,CVT,34387,New,110,Houston,True,4938,36
2983,2023-01-02,Customer 2983,555-483-8240,customer2983@email.com,Jeep,Cherokee,2023,White,Sedan,52908,2.0L I4,Automatic,38097,Used,109,Dallas,True,1746,36
2984,2023-12-22,Customer 2984,555-902-4384,customer2984@email.com,Ford,Mustang,2019,Silver,Coupe,5807,3.5L V6,Automatic,55753,New,102,New York,False,0,0
2985,2023-01-29,Customer 2985,555-611-6459,customer2985@email.com,Mercedes,C-Class,2022,Blue,Sedan,26861,5.0L V8,Manual,31377,Used,110,New York,True,5038,36
2986,2023-09-06,Customer 2986,555-168-2139,customer2986@email.com,Ford,Escape,2020,Silver,Truck,32788,3.6L V6,Automatic,32997,Used,111,San Antonio,True,4231,36
2987,2024-01-08,Customer 2987,555-869-1065,customer2987@email.com,Mercedes,E-Class,2019,Gray,Coupe,39594,5.0L V8,CVT,43042,Used,103,San Diego,False,0,0
2988,2023-12-30,Customer 2988,555-464-4386,customer2988@email.com,BMW,3 Series,2020,Red,Sedan,53210,3.6L V6,Manual,33207,New,103,New York,False,0,0
2989,2023-08-06,Customer 2989,555-506-7312,customer2989@email.com,Nissan,Altima,2020,Silver,Sedan,51694,2.0L I4,Automatic,50404,Used,117,Phoenix,True,2171,48
2990,2023-06-09,Customer 2990,555-516-6504,customer2990@email.com,BMW,5 Series,2023,Blue,SUV,58656,2.5L I4,Automatic,59111,Used,106,Philadelphia,False,0,0
2991,2023-03-16,Customer 2991,555-685-3419,customer2991@email.com,Mercedes,S-Class,2024,Blue,SUV,30367,3.6L V6,CVT,49045,New,107,San Jose,True,3008,72
2992,2023-04-01,Customer 2992,555-274-6241,customer2992@email.com,Jeep,Wrangler,2024,Black,Coupe,19661,5.0L V8,CVT,30593,Used,104,San Jose,False,0,0
2993,2023-08-14,Customer 2993,555-327-6635,customer2993@email.com,Hyundai,Tucson,2021,Red,Truck,52586,3.5L V6,Manual,24052,New,113,Phoenix,True,1736,48
2994,2023-01-08,Customer 2994,555-959-6637,customer2994@email.com,Mercedes,E-Class,2019,Silver,Sedan,32499,2.0L I4,Manual,22444,Used,119,Los Angeles,False,0,0
2995,2023-11-26,Customer 2995,555-884-9087,customer2995@email.com,Mercedes,S-Class,2021,Blue,SUV,30399,5.0L V8,CVT,28661,New,101,Philadelphia,True,7000,0
2996,2023-12-29,Customer 2996,555-152-6600,customer2996@email.com,Audi,A6,2019,Silver,Sedan,26452,2.5L I4,Automatic,42673,New,113,Los Angeles,False,0,0
2997,2023-04-05,Customer 2997,555-297-9640,customer2997@email.com,Hyundai,Elantra,2019,White,Coupe,19491,2.5L I4,Automatic,24599,New,119,Houston,True,64,60
2998,2023-05-24,Customer 2998,555-277-3267,customer2998@email.com,BMW,5 Series,2023,Green,Sedan,49934,2.0L I4,Manual,54297,New,106,New York,False,0,0
2999,2023-09-04,Customer 2999,555-340-8854,customer2999@email.com,BMW,3 Series,2023,Gray,Sedan,29589,3.6L V6,CVT,36206,Used,119,San Jose,True,2923,72
3000,2024-01-29,Customer 3000,555-511-3086,customer3000@email.com,Hyundai,Elantra,2024,Gray,Coupe,30032,2.0L I4,CVT,52633,Used,110,Phoenix,False,0,0
3001,2023-11-19,Customer 3001,555-708-4598,customer3001@email.com,Audi,A4,2024,Blue,SUV,56037,3.5L V6,Automatic,16054,Used,111,San Jose,True,1330,72
3002,2023-10-22,Customer 3002,555-153-9671,customer3002@email.com,Mercedes,E-Class,2023,Silver,Truck,24109,3.5L V6,Manual,21569,New,104,Chicago,True,1110,36
3003,2023-05-03,Customer 3003,555-146-8135,customer3003@email.com,Toyota,Tacoma,2024,Red,Coupe,52079,2.5L I4,Manual,19886,New,117,San Antonio,False,0,0
3004,2023-10-13,Customer 3004,555-803-9100,customer3004@email.com,Toyota,Camry,2024,Gray,SUV,22964,3.6L V6,Automatic,42163,New,103,Houston,True,8244,0
3005,2023-08-27,Customer 3005,555-615-3310,customer3005@email.com,BMW,5 Series,2020,Black,Sedan,26972,3.6L V6,Automatic,46077,New,111,New York,True,6907,0
3006,2023-11-21,Customer 3006,555-652-4105,customer3006@email.com,Chevrolet,Equinox,2019,Blue,Truck,18637,2.5L I4,Manual,27062,New,103,Los Angeles,False,0,0
3007,2024-01-02,Customer 3007,555-827-5389,customer3007@email.com,Ford,Mustang,2021,Black,Truck,46765,3.5L V6,Manual,20997,New,120,Chicago,False,0,0
3008,2023-11-09,Customer 3008,555-315-4745,customer3008@email.com,BMW,3 Series,2019,Green,SUV,38432,3.5L V6,CVT,22299,New,105,Philadelphia,False,0,0
3009,2023-04-20,Customer 3009,555-361-2478,customer3009@email.com,Jeep,Grand Cherokee,2023,Gray,Sedan,25537,3.5L V6,CVT,54221,New,102,San Diego,False,0,0
3010,2024-01-25,Customer 3010,555-475-7383,customer3010@email.com,Hyundai,Tucson,2020,Gray,SUV,45741,3.5L V6,Manual,52662,Used,114,Philadelphia,True,54,36
3011,2023-01-05,Customer 3011,555-879-2817,customer3011@email.com,Chevrolet,Traverse,2019,White,Sedan,41052,2.0L I4,CVT,52109,Used,105,Philadelphia,True,7673,36
3012,2023-03-17,Customer 3012,555-540-1720,customer3012@email.com,BMW,3 Series,2019,Red,Sedan,33360,3.5L V6,Automatic,46976,New,113,Los Angeles,False,0,0
3013,2023-11-20,Customer 3013,555-247-2306,customer3013@email.com,Honda,CR-V,2020,Blue,Truck,23969,2.5L I4,CVT,15381,New,118,Philadelphia,True,2197,36
3014,2023-04-25,Customer 3014,555-832-1951,customer3014@email.com,Nissan,Rogue,2021,Black,Truck,57861,3.5L V6,CVT,55524,New,120,Dallas,False,0,0
3015,2023-05-06,Customer 3015,555-104-3359,customer3015@email.com,BMW,3 Series,2020,Silver,Truck,55174,3.5L V6,Manual,50849,New,111,New York,False,0,0
3016,2023-09-21,Customer 3016,555-735-3018,customer3016@email.com,Audi,Q5,2020,Silver,SUV,39021,3.6L V6,Automatic,17347,New,120,Philadelphia,False,0,0
3017,2023-07-18,Customer 3017,555-901-6624,customer3017@email.com,Chevrolet,Equinox,2020,Silver,SUV,20393,2.0L I4,CVT,36594,New,104,San Diego,False,0,0
3018,2023-04-11,Customer 3018,555-207-1473,customer3018@email.com,Toyota,RAV4,2019,Gray,SUV,39527,3.5L V6,Manual,21703,Used,113,Dallas,False,0,0
3019,2023-04-12,Customer 3019,555-739-5973,customer3019@email.com,Hyundai,Sonata,2019,Red,Sedan,38215,2.5L I4,CVT,39450,New,120,Chicago,True,4844,60
3020,2024-01-20,Customer 3020,555-325-4545,customer3020@email.com,Mercedes,S-Class,2021,Silver,Sedan,46725,2.0L I4,CVT,16487,Used,115,Los Angeles,False,0,0
3021,2023-05-22,Customer 3021,555-726-1505,customer3021@email.com,BMW,3 Series,2020,Red,SUV,51136,2.0L I4,CVT,44209,Used,118,Philadelphia,True,9888,0
3022,2023-06-12,Customer 3022,555-803-3826,customer3022@email.com,Chevrolet,Traverse,2019,Gray,Coupe,41485,3.5L V6,Automatic,35530,Used,118,Houston,True,5782,60
3023,2023-05-23,Customer 3023,555-583-9405,customer3023@email.com,BMW,3 Series,2019,White,Coupe,26310,2.5L I4,Manual,33606,New,116,New York,False,0,0
3024,2023-02-22,Customer 3024,555-696-8038,customer3024@email.com,Nissan,Rogue,2022,Red,Sedan,22772,2.5L I4,Automatic,29829,Used,105,San Antonio,True,5486,0
3025,2023-05-27,Customer 3025,555-338-1461,customer3025@email.com,Mercedes,C-Class,2019,Green,Coupe,41841,2.5L I4,Manual,20489,New,107,Los Angeles,True,5023,48
3026,2023-06-28,Customer 3026,555-134-8035,customer3026@email.com,Audi,A6,2020,Green,SUV,48289,2.5L I4,Manual,56024,New,114,Dallas,True,7548,48
3027,2023-10-27,Customer 3027,555-125-8204,customer3027@email.com,Jeep,Grand Cherokee,2024,Red,Coupe,34785,3.6L V6,Manual,32378,Used,103,Philadelphia,False,0,0
3028,2023-10-17,Customer 3028,555-842-1542,customer3028@email.com,Honda,CR-V,2019,Blue,Sedan,42036,5.0L V8,CVT,58367,Used,116,Los Angeles,False,0,0
3029,2023-05-11,Customer 3029,555-627-3103,customer3029@email.com,Jeep,Cherokee,2020,Red,SUV,28626,2.5L I4,CVT,59356,New,114,Los Angeles,True,2823,60
3030,2023-10-27,Customer 3030,555-178-3045,customer3030@email.com,BMW,X5,2018,Silver,Sedan,46812,5.0L V8,Manual,56919,New,101,San Antonio,False,0,0
3031,2023-11-30,Customer 3031,555-148-5764,customer3031@email.com,BMW,X5,2020,Blue,SUV,22313,3.5L V6,Automatic,23411,Used,119,Los Angeles,False,0,0
3032,2023-05-06,Customer 3032,555-148-5993,customer3032@email.com,Hyundai,Tucson,2024,Black,Sedan,54735,2.0L I4,Manual,48410,Used,102,Phoenix,True,8667,36
3033,2023-11-01,Customer 3033,555-634-6777,customer3033@email.com,Jeep,Cherokee,2019,Black,Truck,31873,2.0L I4,CVT,39053,Used,116,San Antonio,False,0,0
3034,2024-01-26,Customer 3034,555-367-1096,customer3034@email.com,Jeep,Cherokee,2022,Gray,SUV,22522,3.6L V6,Manual,59434,New,115,San Jose,False,0,0
3035,2023-01-27,Customer 3035,555-214-5078,customer3035@email.com,Mercedes,S-Class,2019,Blue,Coupe,15040,2.5L I4,Manual,16846,New,106,Chicago,False,0,0
3036,2023-07-09,Customer 3036,555-730-5977,customer3036@email.com,Nissan,Altima,2019,Silver,SUV,47669,3.5L V6,Manual,30315,New,115,Chicago,True,2568,60
3037,2023-03-18,Customer 3037,555-283-4122,customer3037@email.com,Ford,Mustang,2020,Silver,Sedan,15524,3.6L V6,Manual,29561,Used,115,Chicago,True,4182,36
3038,2023-08-04,Customer 3038,555-434-1437,customer3038@email.com,Nissan,Titan,2021,Blue,Truck,39297,2.5L I4,Automatic,24658,New,101,San Diego,True,3635,48
3039,2023-04-14,Customer 3039,555-317-9761,customer3039@email.com,Chevrolet,Silverado,2023,White,Coupe,34830,3.5L V6,Automatic,18943,New,112,Houston,True,3300,60
3040,2023-05-19,Customer 3040,555-908-2073,customer3040@email.com,Chevrolet,Silverado,2020,Silver,Sedan,16303,3.6L V6,CVT,42115,New,107,San Antonio,False,0,0
3041,2023-01-13,Customer 3041,555-542-7100,customer3041@email.com,Honda,Civic,2019,White,SUV,32654,2.0L I4,Manual,23535,Used,101,San Diego,False,0,0
3042,2023-08-19,Customer 3042,555-260-4540,customer3042@email.com,Ford,F-150,2020,Green,Sedan,43156,3.6L V6,Automatic,43767,New,120,Houston,True,7667,0
3043,2023-02-05,Customer 3043,555-468-7210,customer3043@email.com,Toyota,RAV4,2018,Silver,Coupe,37876,2.5L I4,Manual,38709,New,111,Houston,True,8322,60
3044,2023-11-18,Customer 3044,555-184-8960,customer3044@email.com,Jeep,Grand Cherokee,2020,Red,Coupe,44070,2.5L I4,Automatic,49388,Used,117,Houston,False,0,0
3045,2023-09-05,Customer 3045,555-905-3456,customer3045@email.com,Mercedes,S-Class,2023,Red,Truck,50924,2.0L I4,Automatic,56328,New,120,San Jose,False,0,0
3046,2023-12-12,Customer 3046,555-477-5972,customer3046@email.com,Chevrolet,Equinox,2023,Blue,Coupe,53771,2.5L I4,CVT,19677,New,103,Philadelphia,False,0,0
3047,2023-01-21,Customer 3047,555-213-7983,customer3047@email.com,Chevrolet,Traverse,2022,Red,SUV,14049,2.0L I4,Automatic,43811,New,101,San Antonio,True,5804,60
3048,2023-06-12,Customer 3048,555-936-7388,customer3048@email.com,Chevrolet,Equinox,2023,Silver,Coupe,36161,3.6L V6,Automatic,51814,Used,114,Phoenix,False,0,0
3049,2023-03-13,Customer 3049,555-570-9703,customer3049@email.com,BMW,3 Series,2024,Blue,SUV,32201,3.6L V6,Automatic,50377,New,116,New York,False,0,0
3050,2023-12-19,Customer 3050,555-700-2111,customer3050@email.com,Toyota,RAV4,2023,Red,Truck,9835,5.0L V8,Automatic,49005,Used,112,Chicago,True,8215,0
3051,2023-03-22,Customer 3051,555-837-9902,customer3051@email.com,Mercedes,E-Class,2021,Green,Coupe,42907,3.6L V6,Automatic,49172,Used,107,Phoenix,True,10867,60
3052,2023-04-29,Customer 3052,555-965-7053,customer3052@email.com,Jeep,Wrangler,2021,Blue,Truck,10793,3.6L V6,Automatic,34690,Used,103,Phoenix,False,0,0
3053,2023-01-23,Customer 3053,555-601-3180,customer3053@email.com,Toyota,RAV4,2018,Green,Truck,58371,3.5L V6,Automatic,45040,Used,102,San Antonio,True,3115,60
3054,2023-03-06,Customer 3054,555-908-6279,customer3054@email.com,Honda,CR-V,2018,Silver,Sedan,48153,3.6L V6,CVT,35850,New,103,Chicago,False,0,0
3055,2023-06-25,Customer 3055,555-826-2475,customer3055@email.com,Ford,Mustang,2020,White,SUV,11270,2.5L I4,CVT,39688,New,113,Phoenix,True,4201,72
3056,2023-05-15,Customer 3056,555-214-3733,customer3056@email.com,Chevrolet,Traverse,2024,Silver,Coupe,17053,2.0L I4,CVT,43331,Used,112,Los Angeles,True,1219,72
3057,2024-01-12,Customer 3057,555-511-8175,customer3057@email.com,Toyota,Camry,2018,Gray,Sedan,43025,3.5L V6,Automatic,43633,New,109,San Antonio,True,4022,60
3058,2023-03-22,Customer 3058,555-897-3580,customer3058@email.com,Nissan,Titan,2020,Green,Sedan,32951,5.0L V8,Manual,26214,New,107,Dallas,False,0,0
3059,2024-01-06,Customer 3059,555-941-9574,customer3059@email.com,BMW,5 Series,2020,White,SUV,28625,3.5L V6,CVT,30868,New,115,Los Angeles,False,0,0
3060,2023-09-29,Customer 3060,555-574-9759,customer3060@email.com,Ford,F-150,2022,White,SUV,30839,3.5L V6,CVT,16962,New,111,San Diego,False,0,0
3061,2023-08-15,Customer 3061,555-431-9515,customer3061@email.com,Honda,Civic,2021,Red,SUV,12691,3.6L V6,Automatic,55703,Used,112,Phoenix,True,593,36
3062,2023-08-19,Customer 3062,555-221-8497,customer3062@email.com,Mercedes,S-Class,2022,White,Truck,7648,2.5L I4,Automatic,21874,New,111,Phoenix,True,2820,0
3063,2023-03-06,Customer 3063,555-116-6566,customer3063@email.com,Jeep,Cherokee,2020,White,SUV,13521,2.0L I4,Automatic,56057,New,118,San Diego,False,0,0
3064,2023-03-24,Customer 3064,555-922-8846,customer3064@email.com,Hyundai,Elantra,2024,Gray,Sedan,30739,3.5L V6,CVT,53142,New,104,Houston,True,2999,0
3065,2023-07-31,Customer 3065,555-959-6962,customer3065@email.com,Audi,Q5,2023,Silver,SUV,59360,3.5L V6,CVT,25120,New,104,Dallas,True,5163,0
3066,2023-09-16,Customer 3066,555-827-1391,customer3066@email.com,BMW,5 Series,2021,Silver,Sedan,36443,3.6L V6,CVT,49999,New,117,San Jose,True,8486,36
3067,2023-08-10,Customer 3067,555-742-8854,customer3067@email.com,Hyundai,Tucson,2021,Red,Sedan,47812,2.5L I4,Automatic,32153,Used,112,San Antonio,True,7917,72
3068,2023-05-05,Customer 3068,555-567-5692,customer3068@email.com,Toyota,Camry,2024,Black,Truck,50196,3.6L V6,CVT,31988,Used,106,Chicago,False,0,0
3069,2023-05-09,Customer 3069,555-255-5023,customer3069@email.com,Nissan,Rogue,2023,Silver,SUV,5205,5.0L V8,Automatic,18120,New,108,Philadelphia,False,0,0
3070,2023-09-22,Customer 3070,555-885-8507,customer3070@email.com,Audi,A6,2023,Green,Coupe,23139,3.6L V6,CVT,58821,Used,116,Chicago,True,1926,0
3071,2023-07-27,Customer 3071,555-274-1940,customer3071@email.com,Ford,F-150,2020,White,SUV,56462,2.0L I4,Manual,20892,New,116,Chicago,True,4352,0
3072,2023-01-27,Customer 3072,555-649-2921,customer3072@email.com,BMW,5 Series,2018,Green,Coupe,42432,2.0L I4,CVT,56840,Used,107,San Jose,False,0,0
3073,2023-02-06,Customer 3073,555-903-9740,customer3073@email.com,Toyota,Camry,2023,White,Coupe,48496,3.5L V6,CVT,18589,Used,111,San Antonio,True,3825,0
3074,2023-04-24,Customer 3074,555-349-3557,customer3074@email.com,Honda,CR-V,2020,Red,SUV,20080,2.5L I4,Automatic,21614,New,111,Philadelphia,False,0,0
3075,2023-12-25,Customer 3075,555-587-4739,customer3075@email.com,Jeep,Cherokee,2019,Silver,Sedan,30075,2.5L I4,Automatic,35477,Used,105,Chicago,False,0,0
3076,2023-09-20,Customer 3076,555-477-5054,customer3076@email.com,Jeep,Grand Cherokee,2022,Green,Sedan,42949,5.0L V8,Automatic,21785,Used,108,San Antonio,False,0,0
3077,2023-05-07,Customer 3077,555-717-7498,customer3077@email.com,Mercedes,C-Class,2019,Red,Coupe,53856,2.0L I4,Manual,24617,New,111,Los Angeles,False,0,0
3078,2024-01-17,Customer 3078,555-581-2733,customer3078@email.com,Chevrolet,Silverado,2024,Blue,SUV,58287,3.6L V6,Manual,34314,New,111,Philadelphia,False,0,0
3079,2023-05-16,Customer 3079,555-842-7169,customer3079@email.com,Mercedes,E-Class,2020,Silver,Truck,11905,5.0L V8,CVT,15538,New,115,Houston,False,0,0
3080,2023-07-07,Customer 3080,555-390-1305,customer3080@email.com,Hyundai,Sonata,2021,Blue,Sedan,41468,2.5L I4,Manual,44986,New,101,San Antonio,False,0,0
3081,2023-10-01,Customer 3081,555-266-9265,customer3081@email.com,Jeep,Wrangler,2021,Black,Truck,48244,5.0L V8,Manual,20523,Used,113,Houston,True,77,72
3082,2023-06-11,Customer 3082,555-670-1580,customer3082@email.com,Jeep,Wrangler,2020,Blue,Sedan,18636,5.0L V8,Automatic,49974,New,115,San Diego,False,0,0
3083,2023-10-28,Customer 3083,555-601-7185,customer3083@email.com,Nissan,Altima,2024,Gray,Sedan,34816,5.0L V8,Automatic,50233,Used,116,Dallas,False,0,0
3084,2024-01-27,Customer 3084,555-141-8504,customer3084@email.com,Audi,Q5,2020,Gray,Truck,45070,2.5L I4,Manual,36519,Used,109,Houston,True,1026,36
3085,2023-07-22,Customer 3085,555-525-8320,customer3085@email.com,BMW,X5,2023,Gray,Truck,50747,3.5L V6,Manual,39559,New,104,Houston,False,0,0
3086,2023-03-17,Customer 3086,555-702-2120,customer3086@email.com,Honda,Civic,2023,Gray,Sedan,36397,3.6L V6,Automatic,39881,Used,105,Houston,True,6687,0
3087,2024-01-06,Customer 3087,555-914-8998,customer3087@email.com,Audi,Q5,2023,Gray,Sedan,59682,3.5L V6,Manual,19702,New,106,Philadelphia,False,0,0
3088,2023-11-24,Customer 3088,555-698-5893,customer3088@email.com,Ford,F-150,2022,Green,Coupe,16962,2.5L I4,Automatic,45205,Used,101,Dallas,False,0,0
3089,2023-03-02,Customer 3089,555-878-7135,customer3089@email.com,Hyundai,Sonata,2020,Gray,SUV,44973,3.5L V6,CVT,22331,New,114,New York,False,0,0
3090,2023-01-03,Customer 3090,555-220-8748,customer3090@email.com,Audi,A6,2020,Red,SUV,6914,5.0L V8,Automatic,36430,New,112,San Jose,True,2292,36
3091,2023-02-09,Customer 3091,555-655-7921,customer3091@email.com,Honda,CR-V,2018,Green,Coupe,30906,5.0L V8,CVT,24714,New,105,Phoenix,True,4489,72
3092,2023-06-12,Customer 3092,555-227-9320,customer3092@email.com,Nissan,Rogue,2018,Black,Coupe,56968,5.0L V8,Manual,43572,New,101,San Diego,True,7193,60
3093,2023-06-29,Customer 3093,555-170-3886,customer3093@email.com,BMW,5 Series,2019,Silver,Sedan,52157,3.5L V6,Automatic,34022,Used,120,Philadelphia,True,7700,60
3094,2023-12-18,Customer 3094,555-468-9250,customer3094@email.com,Nissan,Altima,2024,Gray,SUV,48090,3.5L V6,Automatic,52937,New,104,Houston,False,0,0
3095,2023-08-18,Customer 3095,555-678-4334,customer3095@email.com,Jeep,Cherokee,2020,Blue,Truck,6089,2.0L I4,Manual,53952,New,103,Philadelphia,True,8770,36
3096,2023-07-23,Customer 3096,555-141-5319,customer3096@email.com,Mercedes,S-Class,2019,Gray,Coupe,6176,2.5L I4,Automatic,55181,New,111,Dallas,True,4945,48
3097,2024-01-21,Customer 3097,555-371-1137,customer3097@email.com,Toyota,RAV4,2020,White,Truck,52786,5.0L V8,Manual,46431,New,114,Dallas,True,859,36
3098,2024-01-25,Customer 3098,555-427-8903,customer3098@email.com,Mercedes,C-Class,2021,Green,Truck,41931,5.0L V8,Manual,59271,Used,109,Los Angeles,True,13297,48
3099,2023-01-05,Customer 3099,555-535-1076,customer3099@email.com,Hyundai,Elantra,2023,White,Coupe,34353,2.5L I4,Automatic,41926,Used,105,Dallas,False,0,0
3100,2023-12-13,Customer 3100,555-120-2977,customer3100@email.com,Mercedes,S-Class,2023,Red,SUV,44379,3.5L V6,Automatic,33372,Used,104,Phoenix,True,3302,0
3101,2023-01-03,Customer 3101,555-848-7217,customer3101@email.com,Mercedes,E-Class,2022,Gray,Truck,22373,3.5L V6,Automatic,35268,New,101,New York,False,0,0
3102,2023-05-11,Customer 3102,555-371-4446,customer3102@email.com,Mercedes,S-Class,2021,Black,Sedan,52234,5.0L V8,Automatic,55549,New,115,San Antonio,False,0,0
3103,2023-06-18,Customer 3103,555-352-1777,customer3103@email.com,Hyundai,Tucson,2018,Silver,SUV,48397,2.0L I4,Manual,49562,Used,104,Phoenix,True,7390,60
3104,2023-02-07,Customer 3104,555-192-8609,customer3104@email.com,Jeep,Cherokee,2018,White,Sedan,6241,5.0L V8,Automatic,48255,New,113,Philadelphia,False,0,0
3105,2023-02-28,Customer 3105,555-618-9082,customer3105@email.com,Toyota,Tacoma,2018,Silver,Coupe,18175,2.0L I4,Automatic,54230,New,104,San Antonio,True,13468,0
3106,2023-12-05,Customer 3106,555-850-3789,customer3106@email.com,Audi,A4,2020,Red,SUV,54665,2.0L I4,CVT,30663,New,102,Philadelphia,True,4340,48
3107,2023-09-29,Customer 3107,555-680-8466,customer3107@email.com,Honda,Accord,2021,Blue,Truck,52946,5.0L V8,Automatic,51494,New,104,Philadelphia,True,3044,72
3108,2023-11-24,Customer 3108,555-475-6067,customer3108@email.com,Mercedes,C-Class,2021,Blue,Truck,7813,2.0L I4,CVT,29802,Used,105,Los Angeles,True,804,36
3109,2023-04-13,Customer 3109,555-724-7853,customer3109@email.com,Chevrolet,Traverse,2021,Green,Truck,33506,3.6L V6,CVT,26863,Used,105,New York,False,0,0
3110,2023-03-31,Customer 3110,555-958-7378,customer3110@email.com,Audi,Q5,2018,Green,Truck,38696,2.5L I4,Manual,54480,New,104,San Jose,False,0,0
3111,2023-03-16,Customer 3111,555-209-6423,customer3111@email.com,BMW,5 Series,2023,White,Coupe,52835,2.0L I4,Automatic,33695,New,113,Los Angeles,True,201,60
3112,2023-09-11,Customer 3112,555-911-7929,customer3112@email.com,Ford,Mustang,2021,Blue,SUV,43046,2.0L I4,Manual,41198,New,112,Dallas,False,0,0
3113,2023-04-09,Customer 3113,555-803-1039,customer3113@email.com,BMW,X5,2018,Blue,Truck,51385,3.5L V6,CVT,57581,Used,116,Houston,False,0,0
3114,2023-06-12,Customer 3114,555-175-1124,customer3114@email.com,Honda,Civic,2020,White,Sedan,33284,2.0L I4,Manual,49319,New,119,Philadelphia,False,0,0
3115,2023-11-06,Customer 3115,555-967-8412,customer3115@email.com,Toyota,Tacoma,2022,Red,Truck,11508,3.5L V6,Manual,56090,Used,103,New York,True,13410,72
3116,2023-06-12,Customer 3116,555-336-5660,customer3116@email.com,Chevrolet,Traverse,2024,Red,Truck,25583,3.6L V6,CVT,41313,Used,112,San Jose,False,0,0
3117,2024-01-01,Customer 3117,555-904-4133,customer3117@email.com,Nissan,Altima,2021,Green,Sedan,53899,3.5L V6,CVT,21817,New,115,Phoenix,True,4665,0
3118,2023-06-08,Customer 3118,555-607-6394,customer3118@email.com,Mercedes,C-Class,2019,Green,Sedan,25643,3.6L V6,Automatic,46926,Used,109,San Jose,False,0,0
3119,2024-01-06,Customer 3119,555-176-4319,customer3119@email.com,Ford,F-150,2022,Black,Coupe,38846,2.5L I4,Manual,55333,New,118,Chicago,True,8924,0
3120,2024-01-19,Customer 3120,555-442-2252,customer3120@email.com,Audi,A4,2019,Black,SUV,25193,2.0L I4,Automatic,48272,Used,108,San Diego,False,0,0
3121,2023-12-25,Customer 3121,555-219-4282,customer3121@email.com,Chevrolet,Silverado,2021,Green,SUV,39543,5.0L V8,Manual,53480,New,120,Houston,True,3405,48
3122,2023-12-20,Customer 3122,555-649-3482,customer3122@email.com,Mercedes,E-Class,2022,Green,SUV,49396,2.0L I4,CVT,52390,New,110,San Antonio,False,0,0
3123,2023-07-29,Customer 3123,555-979-1325,customer3123@email.com,Ford,F-150,2019,Red,Coupe,51883,2.0L I4,Manual,30759,Used,111,San Jose,False,0,0
3124,2023-09-20,Customer 3124,555-649-8835,customer3124@email.com,BMW,X5,2024,Silver,Coupe,23659,3.6L V6,Automatic,40881,New,115,Chicago,False,0,0
3125,2023-09-04,Customer 3125,555-532-9277,customer3125@email.com,Chevrolet,Silverado,2024,Gray,Truck,25224,5.0L V8,Manual,15679,New,106,Phoenix,False,0,0
3126,2023-09-13,Customer 3126,555-579-2073,customer3126@email.com,Jeep,Wrangler,2021,Blue,Coupe,19449,3.6L V6,Automatic,31033,Used,105,Dallas,False,0,0
3127,2023-02-09,Customer 3127,555-342-3673,customer3127@email.com,Mercedes,S-Class,2022,White,Truck,37830,3.6L V6,Manual,39773,Used,109,Dallas,True,3112,36
3128,2023-12-26,Customer 3128,555-437-8366,customer3128@email.com,Jeep,Wrangler,2020,Silver,SUV,59482,2.0L I4,Manual,49281,New,112,San Jose,True,9332,48
3129,2024-01-03,Customer 3129,555-353-1977,customer3129@email.com,Mercedes,E-Class,2023,Gray,Truck,28957,5.0L V8,CVT,16176,New,120,San Diego,True,2021,72
3130,2024-01-23,Customer 3130,555-163-2808,customer3130@email.com,Jeep,Wrangler,2023,Silver,SUV,56683,3.5L V6,CVT,37264,New,116,San Jose,False,0,0
3131,2023-02-07,Customer 3131,555-716-9118,customer3131@email.com,Jeep,Grand Cherokee,2018,Black,Truck,8759,5.0L V8,Automatic,18263,Used,108,Los Angeles,False,0,0
3132,2023-09-21,Customer 3132,555-444-7737,customer3132@email.com,Toyota,Tacoma,2019,Red,Coupe,29211,2.0L I4,CVT,17948,Used,120,Chicago,False,0,0
3133,2023-12-21,Customer 3133,555-323-4661,customer3133@email.com,BMW,5 Series,2023,Blue,Truck,15164,2.0L I4,CVT,54713,New,102,New York,False,0,0
3134,2023-01-20,Customer 3134,555-541-5640,customer3134@email.com,BMW,X5,2020,Black,Truck,40734,3.6L V6,CVT,53708,Used,114,Phoenix,False,0,0
3135,2023-04-07,Customer 3135,555-265-1796,customer3135@email.com,Audi,A6,2024,Green,Sedan,13352,2.0L I4,CVT,51695,New,112,New York,False,0,0
3136,2023-12-21,Customer 3136,555-593-3673,customer3136@email.com,Toyota,Camry,2023,White,Coupe,47815,3.5L V6,CVT,20150,New,120,San Jose,True,1264,36
3137,2023-04-22,Customer 3137,555-470-2759,customer3137@email.com,Mercedes,C-Class,2023,Blue,Coupe,16711,3.6L V6,Manual,22193,New,110,San Antonio,True,2881,60
3138,2023-03-20,Customer 3138,555-295-2875,customer3138@email.com,Honda,Civic,2022,Blue,SUV,26259,3.5L V6,Manual,59127,Used,110,San Antonio,False,0,0
3139,2023-04-04,Customer 3139,555-320-4051,customer3139@email.com,Ford,Escape,2020,Blue,SUV,49295,5.0L V8,Automatic,53443,New,108,Houston,False,0,0
3140,2023-08-06,Customer 3140,555-551-9496,customer3140@email.com,Hyundai,Elantra,2022,Blue,Sedan,55516,3.6L V6,CVT,46166,New,104,Los Angeles,True,1863,60
3141,2023-08-16,Customer 3141,555-392-6713,customer3141@email.com,Nissan,Altima,2023,Red,Sedan,35480,3.5L V6,Manual,53076,Used,104,Houston,True,4781,0
3142,2023-10-08,Customer 3142,555-372-8578,customer3142@email.com,Mercedes,C-Class,2023,Gray,Sedan,32963,3.5L V6,Automatic,36698,Used,103,Philadelphia,True,577,0
3143,2023-05-10,Customer 3143,555-565-4716,customer3143@email.com,Jeep,Wrangler,2019,Blue,Sedan,50851,5.0L V8,CVT,55040,New,115,Chicago,False,0,0
3144,2023-11-03,Customer 3144,555-745-4434,customer3144@email.com,Honda,CR-V,2023,White,Sedan,15996,5.0L V8,Manual,59652,New,102,San Jose,True,5385,0
3145,2023-04-12,Customer 3145,555-644-2916,customer3145@email.com,BMW,X5,2021,Gray,Sedan,12902,3.6L V6,CVT,27044,New,104,San Antonio,True,1407,0
3146,2023-05-09,Customer 3146,555-270-6736,customer3146@email.com,Audi,A4,2023,Silver,Coupe,9788,5.0L V8,Manual,45751,Used,118,Chicago,False,0,0
3147,2023-12-02,Customer 3147,555-280-9533,customer3147@email.com,Jeep,Grand Cherokee,2019,Blue,Coupe,13303,2.0L I4,CVT,57110,Used,107,San Jose,True,10398,72
3148,2023-07-02,Customer 3148,555-495-4166,customer3148@email.com,Chevrolet,Silverado,2020,Gray,Sedan,39957,2.0L I4,Automatic,15561,Used,118,New York,False,0,0
3149,2023-01-05,Customer 3149,555-552-3260,customer3149@email.com,Ford,Escape,2022,Green,SUV,32636,2.5L I4,Automatic,40003,New,114,San Diego,False,0,0
3150,2024-01-23,Customer 3150,555-987-4999,customer3150@email.com,Hyundai,Sonata,2021,Silver,Sedan,45640,5.0L V8,Manual,15286,New,109,Chicago,False,0,0
3151,2023-11-05,Customer 3151,555-693-3978,customer3151@email.com,Jeep,Cherokee,2024,Gray,Sedan,22147,2.5L I4,Automatic,32552,New,108,Dallas,True,3559,72
3152,2023-09-28,Customer 3152,555-583-2003,customer3152@email.com,BMW,X5,2019,Gray,Truck,26359,3.6L V6,CVT,49962,Used,108,San Antonio,False,0,0
3153,2023-01-23,Customer 3153,555-684-8643,customer3153@email.com,Hyundai,Sonata,2018,Green,Sedan,51326,3.5L V6,Automatic,59802,Used,106,San Diego,True,10064,60
3154,2023-03-02,Customer 3154,555-545-7889,customer3154@email.com,Hyundai,Elantra,2020,Red,Sedan,57016,3.6L V6,Automatic,28636,New,103,Chicago,False,0,0
3155,2023-12-09,Customer 3155,555-268-8685,customer3155@email.com,Ford,F-150,2023,White,Truck,48737,5.0L V8,Automatic,50268,Used,118,Dallas,True,10827,72
3156,2023-12-14,Customer 3156,555-657-1743,customer3156@email.com,Toyota,Tacoma,2022,White,Truck,51627,2.5L I4,Automatic,18933,New,118,San Jose,False,0,0
3157,2023-03-23,Customer 3157,555-523-7774,customer3157@email.com,Nissan,Altima,2020,Black,Sedan,36912,2.5L I4,Manual,36888,Used,114,Los Angeles,False,0,0
3158,2023-04-17,Customer 3158,555-193-7846,customer3158@email.com,Mercedes,E-Class,2020,Silver,Coupe,55799,5.0L V8,Automatic,34184,Used,118,Dallas,True,7233,72
3159,2023-08-26,Customer 3159,555-746-9001,customer3159@email.com,BMW,X5,2023,Black,SUV,20897,5.0L V8,Manual,42559,New,104,San Diego,False,0,0
3160,2024-01-01,Customer 3160,555-474-6584,customer3160@email.com,BMW,X5,2024,Red,Sedan,32272,2.0L I4,Automatic,57914,Used,115,Chicago,False,0,0
3161,2023-04-14,Customer 3161,555-375-1278,customer3161@email.com,Toyota,RAV4,2020,Green,SUV,32857,2.0L I4,CVT,23203,New,116,Los Angeles,True,4017,72
3162,2023-05-02,Customer 3162,555-855-6782,customer3162@email.com,Honda,Accord,2022,Green,SUV,54048,3.5L V6,Automatic,23785,New,103,New York,False,0,0
3163,2023-09-11,Customer 3163,555-588-6557,customer3163@email.com,BMW,5 Series,2021,Gray,Coupe,8482,2.5L I4,CVT,29926,Used,102,San Diego,False,0,0
3164,2023-01-09,Customer 3164,555-927-7046,customer3164@email.com,Hyundai,Tucson,2018,Blue,Sedan,11989,2.0L I4,Automatic,57380,New,101,San Jose,True,10429,72
3165,2023-03-04,Customer 3165,555-549-9733,customer3165@email.com,Honda,CR-V,2018,Red,Coupe,32925,2.0L I4,CVT,32079,New,111,Chicago,True,7884,0
3166,2023-04-14,Customer 3166,555-674-9310,customer3166@email.com,Honda,CR-V,2023,Silver,SUV,16878,3.5L V6,Automatic,54580,New,103,Dallas,False,0,0
3167,2023-12-27,Customer 3167,555-495-8923,customer3167@email.com,Nissan,Titan,2020,Red,Truck,28160,2.5L I4,CVT,40631,New,104,Phoenix,True,9644,48
3168,2023-12-13,Customer 3168,555-346-4602,customer3168@email.com,Mercedes,C-Class,2019,White,Truck,6898,5.0L V8,CVT,39993,Used,104,Chicago,True,5668,60
3169,2023-02-08,Customer 3169,555-821-8902,customer3169@email.com,Jeep,Grand Cherokee,2018,Red,Sedan,55701,3.5L V6,Automatic,55433,Used,113,New York,False,0,0
3170,2023-09-19,Customer 3170,555-374-3837,customer3170@email.com,BMW,5 Series,2022,Green,Truck,50836,3.6L V6,CVT,54018,New,115,Los Angeles,False,0,0
3171,2023-05-05,Customer 3171,555-144-7837,customer3171@email.com,Audi,A6,2022,Red,Coupe,40163,3.5L V6,Automatic,56885,New,105,New York,True,8115,48
3172,2024-01-14,Customer 3172,555-333-9907,customer3172@email.com,Nissan,Altima,2021,Black,Sedan,14440,3.6L V6,Manual,24900,Used,107,Philadelphia,True,2520,72
3173,2023-06-22,Customer 3173,555-654-4865,customer3173@email.com,Nissan,Altima,2019,Black,Coupe,5400,2.5L I4,CVT,26046,New,113,San Jose,True,94,60
3174,2023-06-03,Customer 3174,555-170-1911,customer3174@email.com,Toyota,Camry,2018,Black,Truck,28224,3.6L V6,Manual,27427,New,109,New York,True,2939,0
3175,2023-05-31,Customer 3175,555-167-2855,customer3175@email.com,Nissan,Rogue,2024,Silver,Sedan,4174,2.5L I4,Manual,16726,Used,113,New York,True,2803,60
3176,2023-03-14,Customer 3176,555-340-2166,customer3176@email.com,Chevrolet,Equinox,2018,Gray,Coupe,8242,2.5L I4,Manual,26308,New,103,Philadelphia,False,0,0
3177,2023-10-22,Customer 3177,555-303-7981,customer3177@email.com,Mercedes,C-Class,2018,Gray,Sedan,20599,2.5L I4,Automatic,29930,New,113,Houston,True,2014,72
3178,2023-01-21,Customer 3178,555-591-1061,customer3178@email.com,Honda,Accord,2024,Black,Coupe,29197,5.0L V8,CVT,56113,Used,108,Philadelphia,False,0,0
3179,2023-11-18,Customer 3179,555-169-2152,customer3179@email.com,Toyota,Tacoma,2022,Silver,Coupe,27748,2.0L I4,Manual,32181,New,115,Phoenix,True,6684,60
3180,2023-04-15,Customer 3180,555-743-1367,customer3180@email.com,Ford,Mustang,2023,White,SUV,33280,2.5L I4,Automatic,43408,New,118,San Antonio,True,10064,72
3181,2023-07-18,Customer 3181,555-987-9434,customer3181@email.com,Jeep,Wrangler,2022,White,Coupe,20115,3.5L V6,Automatic,33345,New,106,Houston,False,0,0
3182,2023-09-02,Customer 3182,555-292-5432,customer3182@email.com,Jeep,Cherokee,2021,White,Coupe,35284,2.5L I4,Manual,54759,New,116,Phoenix,True,198,48
3183,2023-09-01,Customer 3183,555-491-5113,customer3183@email.com,Honda,CR-V,2022,Green,Coupe,11132,3.5L V6,Automatic,28587,Used,101,Los Angeles,True,5404,36
3184,2023-04-15,Customer 3184,555-452-1495,customer3184@email.com,Toyota,Camry,2021,Green,Coupe,22512,5.0L V8,CVT,20662,New,112,Phoenix,False,0,0
3185,2024-01-18,Customer 3185,555-390-4244,customer3185@email.com,Toyota,RAV4,2021,White,SUV,10750,2.5L I4,CVT,21748,New,104,Los Angeles,False,0,0
3186,2023-02-04,Customer 3186,555-924-3051,customer3186@email.com,BMW,X5,2018,Gray,Sedan,14268,5.0L V8,Automatic,38788,Used,114,San Antonio,True,4878,60
3187,2023-02-11,Customer 3187,555-367-6883,customer3187@email.com,Honda,Accord,2018,Gray,Truck,19373,3.5L V6,Automatic,38917,Used,106,San Diego,True,6918,72
3188,2023-08-02,Customer 3188,555-420-9227,customer3188@email.com,Audi,A4,2023,Green,Truck,7365,2.5L I4,CVT,30304,New,120,Los Angeles,True,2973,48
3189,2023-03-09,Customer 3189,555-807-2763,customer3189@email.com,BMW,X5,2023,Black,Sedan,39198,2.0L I4,Automatic,28463,Used,114,Phoenix,True,2508,0
3190,2023-09-05,Customer 3190,555-697-1755,customer3190@email.com,Jeep,Grand Cherokee,2021,Red,Sedan,16107,3.5L V6,Automatic,44667,Used,109,Dallas,True,1755,48
3191,2023-12-22,Customer 3191,555-866-9846,customer3191@email.com,Chevrolet,Traverse,2023,Red,SUV,36490,2.5L I4,CVT,27038,Used,117,San Antonio,True,478,72
3192,2023-02-27,Customer 3192,555-620-3713,customer3192@email.com,BMW,X5,2022,White,SUV,58684,3.6L V6,Automatic,22139,New,110,Philadelphia,False,0,0
3193,2023-01-11,Customer 3193,555-956-2812,customer3193@email.com,Nissan,Altima,2018,Black,SUV,5968,2.0L I4,Automatic,32832,New,109,Philadelphia,False,0,0
3194,2023-05-20,Customer 3194,555-509-1459,customer3194@email.com,Chevrolet,Traverse,2024,Black,Truck,54081,2.5L I4,CVT,31406,Used,118,Houston,True,6342,60
3195,2023-11-23,Customer 3195,555-490-4884,customer3195@email.com,Honda,CR-V,2022,Black,Sedan,7368,3.6L V6,Manual,40925,Used,119,New York,False,0,0
3196,2023-07-20,Customer 3196,555-874-8055,customer3196@email.com,BMW,5 Series,2020,Red,SUV,27008,5.0L V8,Manual,49706,New,117,San Diego,True,5869,60
3197,2024-01-12,Customer 3197,555-333-9125,customer3197@email.com,Jeep,Cherokee,2020,White,Sedan,49610,2.5L I4,Automatic,59456,Used,108,San Jose,True,14605,48
3198,2023-01-02,Customer 3198,555-521-2423,customer3198@email.com,Hyundai,Elantra,2020,Black,Coupe,18776,3.6L V6,Manual,56834,Used,106,Houston,True,9106,36
3199,2023-09-15,Customer 3199,555-590-2750,customer3199@email.com,Honda,CR-V,2021,Silver,Sedan,11607,2.0L I4,CVT,58729,Used,112,San Diego,True,7864,48
3200,2023-10-29,Customer 3200,555-185-2420,customer3200@email.com,Nissan,Titan,2023,Blue,Truck,50355,3.5L V6,Manual,37694,Used,120,Houston,True,4767,48
3201,2023-04-23,Customer 3201,555-670-7593,customer3201@email.com,Mercedes,C-Class,2021,Green,Coupe,56325,3.5L V6,Automatic,17872,New,103,San Antonio,True,1046,60
3202,2023-05-01,Customer 3202,555-263-6563,customer3202@email.com,Mercedes,C-Class,2019,Black,Coupe,28185,2.0L I4,Manual,30457,Used,116,San Antonio,False,0,0
3203,2023-05-27,Customer 3203,555-238-3694,customer3203@email.com,Audi,A4,2018,Green,Sedan,20891,2.0L I4,CVT,24200,Used,120,Los Angeles,False,0,0
3204,2023-02-06,Customer 3204,555-269-9401,customer3204@email.com,BMW,X5,2023,Silver,Sedan,40784,2.0L I4,CVT,53325,Used,111,New York,True,12143,48
3205,2023-12-16,Customer 3205,555-218-7412,customer3205@email.com,Mercedes,C-Class,2018,Black,Truck,37046,2.5L I4,Automatic,54049,New,101,San Antonio,False,0,0
3206,2023-08-13,Customer 3206,555-390-1117,customer3206@email.com,Mercedes,C-Class,2023,Blue,Truck,9440,3.5L V6,Manual,57555,Used,117,Houston,False,0,0
3207,2024-01-18,Customer 3207,555-891-5523,customer3207@email.com,Audi,A6,2019,Silver,SUV,34525,2.5L I4,Automatic,34822,Used,104,Houston,False,0,0
3208,2023-10-18,Customer 3208,555-132-9169,customer3208@email.com,BMW,X5,2023,Gray,Coupe,21440,2.5L I4,CVT,22582,Used,106,Chicago,False,0,0
3209,2023-01-19,Customer 3209,555-507-9598,customer3209@email.com,Audi,A6,2022,Black,Coupe,12001,3.5L V6,Automatic,19914,New,101,San Antonio,True,2288,36
3210,2023-01-24,Customer 3210,555-274-9931,customer3210@email.com,Honda,CR-V,2018,White,Coupe,33309,5.0L V8,Automatic,18383,New,114,San Antonio,False,0,0
3211,2023-05-20,Customer 3211,555-881-4735,customer3211@email.com,Hyundai,Elantra,2020,Green,SUV,40144,5.0L V8,CVT,54364,Used,102,New York,False,0,0
3212,2023-05-07,Customer 3212,555-425-2073,customer3212@email.com,BMW,5 Series,2020,Gray,Sedan,42735,2.5L I4,CVT,28945,Used,103,Chicago,True,2445,72
3213,2023-07-19,Customer 3213,555-304-2741,customer3213@email.com,Chevrolet,Silverado,2020,Green,Truck,26493,2.5L I4,Automatic,36518,Used,117,Chicago,True,4235,48
3214,2023-07-03,Customer 3214,555-179-4773,customer3214@email.com,Toyota,Camry,2022,Blue,Coupe,22668,2.0L I4,Manual,51618,New,113,New York,False,0,0
3215,2023-01-07,Customer 3215,555-899-2493,customer3215@email.com,Ford,Escape,2022,Black,Truck,21038,2.0L I4,Manual,16065,Used,117,Phoenix,True,2015,48
3216,2023-04-23,Customer 3216,555-846-3592,customer3216@email.com,BMW,3 Series,2020,Blue,Coupe,20296,3.5L V6,CVT,29291,New,111,Phoenix,True,5305,0
3217,2023-01-18,Customer 3217,555-443-2438,customer3217@email.com,BMW,3 Series,2023,White,SUV,8463,2.5L I4,Manual,28172,New,117,Phoenix,False,0,0
3218,2023-09-23,Customer 3218,555-741-8987,customer3218@email.com,Mercedes,E-Class,2024,Silver,SUV,1711,2.5L I4,Manual,41876,Used,108,Dallas,False,0,0
3219,2023-12-06,Customer 3219,555-311-3515,customer3219@email.com,Jeep,Cherokee,2019,Gray,Sedan,44975,2.0L I4,Automatic,33846,New,109,Chicago,True,5217,0
3220,2023-09-04,Customer 3220,555-495-7947,customer3220@email.com,Audi,Q5,2018,Black,Sedan,27670,5.0L V8,Automatic,39839,Used,119,San Antonio,True,8153,72
3221,2023-09-13,Customer 3221,555-286-2743,customer3221@email.com,Audi,Q5,2022,Blue,SUV,26516,2.5L I4,Manual,50308,New,101,San Diego,True,11676,72
3222,2023-07-28,Customer 3222,555-831-5629,customer3222@email.com,Honda,CR-V,2023,Blue,Sedan,21585,5.0L V8,Manual,31868,New,118,Phoenix,True,7248,72
3223,2023-03-16,Customer 3223,555-459-9476,customer3223@email.com,Hyundai,Tucson,2019,Blue,Truck,16233,2.0L I4,CVT,35903,Used,106,Chicago,False,0,0
3224,2023-08-19,Customer 3224,555-231-2675,customer3224@email.com,Hyundai,Sonata,2023,White,Coupe,24453,3.6L V6,CVT,25059,Used,104,New York,False,0,0
3225,2023-05-20,Customer 3225,555-578-2310,customer3225@email.com,Chevrolet,Traverse,2019,Gray,Coupe,57480,3.6L V6,Automatic,31617,Used,108,San Jose,True,3462,36
3226,2023-11-26,Customer 3226,555-943-8557,customer3226@email.com,Toyota,Camry,2019,Red,Coupe,14438,2.0L I4,CVT,16486,Used,120,Dallas,False,0,0
3227,2023-07-17,Customer 3227,555-876-2069,customer3227@email.com,Ford,Mustang,2021,Silver,SUV,7903,3.5L V6,Automatic,34836,New,112,New York,False,0,0
3228,2024-01-06,Customer 3228,555-694-4626,customer3228@email.com,Ford,Mustang,2019,Gray,Sedan,25916,3.6L V6,Manual,31762,New,116,Chicago,False,0,0
3229,2023-01-07,Customer 3229,555-290-7956,customer3229@email.com,Nissan,Titan,2019,Gray,Sedan,38716,3.5L V6,Manual,40652,Used,106,Philadelphia,False,0,0
3230,2023-04-14,Customer 3230,555-458-1242,customer3230@email.com,Audi,A6,2023,Blue,Sedan,17460,2.5L I4,Manual,54393,New,103,Houston,False,0,0
3231,2023-08-11,Customer 3231,555-460-2939,customer3231@email.com,Hyundai,Tucson,2021,Black,SUV,34713,2.0L I4,Automatic,33365,New,116,New York,True,867,60
3232,2023-01-09,Customer 3232,555-622-9943,customer3232@email.com,BMW,5 Series,2022,Green,Coupe,18769,2.0L I4,Manual,56698,New,111,San Jose,False,0,0
3233,2023-07-09,Customer 3233,555-596-2674,customer3233@email.com,Ford,Mustang,2022,Blue,Coupe,21008,3.6L V6,Manual,57536,Used,111,New York,False,0,0
3234,2023-04-25,Customer 3234,555-294-2894,customer3234@email.com,Honda,Civic,2024,Red,Truck,15821,3.6L V6,Automatic,56416,Used,117,New York,False,0,0
3235,2023-06-30,Customer 3235,555-949-5334,customer3235@email.com,Jeep,Cherokee,2022,Blue,SUV,46602,3.6L V6,Automatic,25193,New,108,San Diego,False,0,0
3236,2023-10-09,Customer 3236,555-509-1254,customer3236@email.com,Honda,Accord,2023,Gray,SUV,43496,3.5L V6,Automatic,57571,New,119,Dallas,False,0,0
3237,2024-01-12,Customer 3237,555-541-8719,customer3237@email.com,Ford,Mustang,2018,Gray,Sedan,57510,2.5L I4,Automatic,28369,New,118,San Antonio,False,0,0
3238,2023-05-14,Customer 3238,555-407-7006,customer3238@email.com,Jeep,Wrangler,2024,Blue,Coupe,2322,2.5L I4,CVT,53832,Used,111,Philadelphia,True,4752,0
3239,2023-08-07,Customer 3239,555-999-7556,customer3239@email.com,Chevrolet,Silverado,2020,Gray,Truck,8160,2.5L I4,CVT,30173,New,115,Houston,True,7154,48
3240,2023-03-21,Customer 3240,555-281-2112,customer3240@email.com,Hyundai,Sonata,2021,Green,Truck,12193,3.6L V6,Manual,57771,Used,115,Dallas,False,0,0
3241,2023-06-13,Customer 3241,555-165-8572,customer3241@email.com,Toyota,Tacoma,2018,Red,Coupe,27536,5.0L V8,Automatic,52577,New,102,Dallas,False,0,0
3242,2023-04-18,Customer 3242,555-619-2381,customer3242@email.com,Jeep,Grand Cherokee,2021,Gray,Truck,30820,3.6L V6,CVT,51431,Used,103,Chicago,False,0,0
3243,2023-12-01,Customer 3243,555-629-6344,customer3243@email.com,Chevrolet,Traverse,2019,Black,Sedan,58568,5.0L V8,CVT,32943,Used,111,Phoenix,False,0,0
3244,2023-06-12,Customer 3244,555-943-1413,customer3244@email.com,BMW,X5,2020,Black,Sedan,57673,2.0L I4,Manual,42744,Used,116,Los Angeles,False,0,0
3245,2024-01-04,Customer 3245,555-952-2845,customer3245@email.com,BMW,X5,2019,Green,Coupe,40655,5.0L V8,Automatic,28226,New,118,Phoenix,True,2966,60
3246,2023-01-04,Customer 3246,555-930-2370,customer3246@email.com,Jeep,Wrangler,2021,Black,Truck,51057,2.5L I4,CVT,25366,Used,111,Philadelphia,False,0,0
3247,2023-01-16,Customer 3247,555-754-8233,customer3247@email.com,Honda,Accord,2020,Red,Truck,30160,5.0L V8,CVT,30580,New,105,Chicago,False,0,0
3248,2023-07-29,Customer 3248,555-851-5579,customer3248@email.com,Hyundai,Elantra,2020,Gray,Sedan,35399,2.5L I4,CVT,44573,Used,117,San Jose,True,10331,0
3249,2023-12-21,Customer 3249,555-275-9277,customer3249@email.com,Ford,F-150,2018,Black,Truck,49553,3.5L V6,Manual,41234,Used,101,New York,True,6034,60
3250,2023-01-27,Customer 3250,555-596-5798,customer3250@email.com,Audi,A4,2021,Black,Sedan,53857,2.0L I4,Manual,31137,New,115,Philadelphia,True,2516,48
3251,2023-01-26,Customer 3251,555-324-4638,customer3251@email.com,Ford,Mustang,2023,Silver,Truck,21500,2.5L I4,Manual,41781,Used,110,Chicago,False,0,0
3252,2023-04-09,Customer 3252,555-973-1355,customer3252@email.com,Audi,Q5,2022,Silver,Coupe,10336,2.5L I4,CVT,25482,Used,103,Phoenix,False,0,0
3253,2023-11-08,Customer 3253,555-291-3292,customer3253@email.com,Chevrolet,Silverado,2020,White,Coupe,39336,2.5L I4,CVT,37130,Used,101,Los Angeles,True,2937,48
3254,2023-12-25,Customer 3254,555-523-4575,customer3254@email.com,Nissan,Titan,2024,Red,SUV,12669,2.0L I4,Manual,32761,New,111,Dallas,True,688,36
3255,2023-09-30,Customer 3255,555-956-3101,customer3255@email.com,Jeep,Cherokee,2022,Green,Coupe,30501,5.0L V8,CVT,16361,New,116,New York,False,0,0
3256,2023-06-13,Customer 3256,555-200-7353,customer3256@email.com,BMW,3 Series,2021,Green,Coupe,26767,3.5L V6,Automatic,40463,Used,120,New York,True,9643,36
3257,2024-01-11,Customer 3257,555-389-5286,customer3257@email.com,Ford,F-150,2024,Black,Sedan,614,5.0L V8,Manual,28224,Used,104,Los Angeles,True,1879,36
3258,2023-12-07,Customer 3258,555-644-4557,customer3258@email.com,Nissan,Rogue,2022,Blue,SUV,26797,3.5L V6,Automatic,36548,Used,117,Houston,False,0,0
3259,2023-10-02,Customer 3259,555-656-1833,customer3259@email.com,Nissan,Titan,2020,Blue,Sedan,57827,2.5L I4,CVT,40598,Used,119,Los Angeles,True,6243,48
3260,2023-06-29,Customer 3260,555-815-1957,customer3260@email.com,Honda,CR-V,2022,Gray,Truck,10428,2.5L I4,Automatic,28181,Used,105,Houston,True,4463,72
3261,2023-11-03,Customer 3261,555-765-2407,customer3261@email.com,Chevrolet,Silverado,2018,Green,Truck,37659,5.0L V8,Manual,37572,Used,106,San Antonio,False,0,0
3262,2023-01-26,Customer 3262,555-149-9270,customer3262@email.com,Audi,A6,2021,Red,Coupe,35116,5.0L V8,Manual,35251,New,114,Philadelphia,False,0,0
3263,2023-07-29,Customer 3263,555-919-1641,customer3263@email.com,Chevrolet,Equinox,2023,Black,Truck,11659,2.0L I4,Manual,23116,Used,116,Philadelphia,False,0,0
3264,2023-06-25,Customer 3264,555-210-3658,customer3264@email.com,Hyundai,Sonata,2024,Gray,Sedan,53854,2.5L I4,Manual,15418,New,113,Houston,True,274,48
3265,2023-12-23,Customer 3265,555-947-3298,customer3265@email.com,BMW,5 Series,2022,Gray,Coupe,36917,2.5L I4,Automatic,42866,Used,109,Chicago,True,3102,36
3266,2023-07-20,Customer 3266,555-718-4479,customer3266@email.com,BMW,5 Series,2021,White,Sedan,49326,2.0L I4,Automatic,34569,Used,118,Chicago,False,0,0
3267,2023-09-07,Customer 3267,555-863-5214,customer3267@email.com,Jeep,Wrangler,2020,Gray,Sedan,8406,2.5L I4,Manual,57753,Used,115,Chicago,False,0,0
3268,2023-08-09,Customer 3268,555-431-5815,customer3268@email.com,Chevrolet,Equinox,2024,Black,SUV,16629,3.6L V6,CVT,47265,New,104,Philadelphia,True,1169,0
3269,2023-12-30,Customer 3269,555-924-5762,customer3269@email.com,Toyota,Camry,2024,Silver,Coupe,36938,5.0L V8,Automatic,60000,New,109,Phoenix,True,13119,48
3270,2023-02-08,Customer 3270,555-449-2215,customer3270@email.com,Audi,A4,2023,Green,Truck,26963,3.6L V6,CVT,52201,New,119,Dallas,False,0,0
3271,2023-03-27,Customer 3271,555-972-7937,customer3271@email.com,Honda,Accord,2018,Red,Sedan,19038,5.0L V8,CVT,52824,New,117,New York,False,0,0
3272,2023-02-24,Customer 3272,555-981-3306,customer3272@email.com,Hyundai,Elantra,2024,White,Truck,324,2.5L I4,CVT,52372,New,104,San Antonio,False,0,0
3273,2023-06-24,Customer 3273,555-583-8580,customer3273@email.com,Mercedes,C-Class,2024,Green,Sedan,46140,2.0L I4,Automatic,24339,Used,116,San Antonio,True,5199,72
3274,2023-12-10,Customer 3274,555-917-5388,customer3274@email.com,BMW,X5,2023,Gray,Sedan,55665,2.5L I4,Automatic,26663,New,118,Houston,True,4629,72
3275,2023-12-25,Customer 3275,555-641-4641,customer3275@email.com,BMW,X5,2024,Green,Coupe,29757,3.6L V6,Manual,40318,Used,113,Chicago,False,0,0
3276,2023-06-07,Customer 3276,555-749-8004,customer3276@email.com,Jeep,Cherokee,2021,Silver,Coupe,26165,2.0L I4,CVT,22473,New,119,Dallas,True,5208,0
3277,2023-07-05,Customer 3277,555-622-1169,customer3277@email.com,Toyota,Camry,2022,Black,Sedan,6819,5.0L V8,CVT,30716,Used,110,Houston,False,0,0
3278,2023-07-03,Customer 3278,555-435-6335,customer3278@email.com,Ford,F-150,2021,Red,Truck,32492,3.6L V6,Manual,58425,Used,105,Phoenix,True,1551,72
3279,2023-10-13,Customer 3279,555-497-8061,customer3279@email.com,Mercedes,E-Class,2022,Gray,Sedan,26386,3.5L V6,Automatic,46445,New,119,San Antonio,True,9302,72
3280,2023-11-19,Customer 3280,555-179-7306,customer3280@email.com,Chevrolet,Equinox,2021,White,SUV,45799,2.5L I4,Automatic,32929,New,115,Los Angeles,False,0,0
3281,2023-09-09,Customer 3281,555-187-8397,customer3281@email.com,BMW,3 Series,2018,Black,Coupe,40755,3.5L V6,CVT,48683,New,110,San Jose,True,1978,48
3282,2023-12-25,Customer 3282,555-833-9200,customer3282@email.com,Mercedes,S-Class,2024,Green,Coupe,27892,2.0L I4,Manual,39955,New,105,New York,False,0,0
3283,2023-04-13,Customer 3283,555-228-6049,customer3283@email.com,Jeep,Grand Cherokee,2020,Red,Truck,38906,2.0L I4,Manual,33331,Used,118,San Antonio,False,0,0
3284,2023-01-15,Customer 3284,555-555-1814,customer3284@email.com,Chevrolet,Equinox,2023,Gray,SUV,31679,2.0L I4,Manual,57936,Used,103,Phoenix,False,0,0
3285,2023-12-13,Customer 3285,555-854-7637,customer3285@email.com,Toyota,Tacoma,2021,Red,SUV,50261,3.5L V6,Manual,15115,New,120,San Diego,True,797,0
3286,2024-01-03,Customer 3286,555-798-6301,customer3286@email.com,Nissan,Rogue,2018,Blue,Coupe,43272,5.0L V8,CVT,34626,New,114,San Diego,False,0,0
3287,2023-05-15,Customer 3287,555-152-7984,customer3287@email.com,Audi,A4,2022,Silver,Coupe,35108,2.5L I4,Automatic,38831,Used,107,New York,False,0,0
3288,2023-05-27,Customer 3288,555-327-6336,customer3288@email.com,Chevrolet,Equinox,2024,Black,Sedan,34898,2.0L I4,Automatic,35490,Used,104,Houston,False,0,0
3289,2024-01-20,Customer 3289,555-367-3443,customer3289@email.com,Hyundai,Elantra,2024,Blue,Coupe,29299,3.5L V6,CVT,30338,New,118,Phoenix,False,0,0
3290,2023-01-03,Customer 3290,555-489-9293,customer3290@email.com,Chevrolet,Silverado,2021,Blue,SUV,32457,5.0L V8,Automatic,20163,Used,119,Dallas,False,0,0
3291,2023-11-22,Customer 3291,555-124-4254,customer3291@email.com,Nissan,Altima,2024,Gray,SUV,33681,3.5L V6,Manual,26037,Used,118,Houston,True,890,36
3292,2023-12-12,Customer 3292,555-700-4217,customer3292@email.com,Mercedes,C-Class,2023,Silver,Coupe,7211,3.5L V6,Automatic,30011,Used,102,Philadelphia,True,1247,48
3293,2023-06-16,Customer 3293,555-790-9080,customer3293@email.com,Jeep,Grand Cherokee,2021,Green,Coupe,30388,3.6L V6,Manual,30419,New,119,Chicago,True,2118,36
3294,2023-12-01,Customer 3294,555-266-7164,customer3294@email.com,Hyundai,Elantra,2021,Black,SUV,59965,2.5L I4,Automatic,22447,Used,106,New York,False,0,0
3295,2023-01-24,Customer 3295,555-483-5421,customer3295@email.com,Toyota,Camry,2023,White,SUV,54917,5.0L V8,Automatic,30415,Used,104,San Diego,False,0,0
3296,2023-08-31,Customer 3296,555-980-3506,customer3296@email.com,BMW,3 Series,2024,Green,Sedan,4345,2.0L I4,Manual,26074,New,117,Los Angeles,True,1533,0
3297,2023-12-01,Customer 3297,555-634-3219,customer3297@email.com,BMW,X5,2023,Green,SUV,27372,2.5L I4,Automatic,59592,New,102,Philadelphia,False,0,0
3298,2023-08-29,Customer 3298,555-136-8717,customer3298@email.com,Nissan,Altima,2024,Blue,Sedan,31566,2.0L I4,Automatic,35308,Used,118,Los Angeles,True,7411,36
3299,2023-03-29,Customer 3299,555-158-9577,customer3299@email.com,Honda,Civic,2024,Silver,Sedan,56796,3.6L V6,Automatic,18973,New,110,Chicago,True,2119,0
3300,2023-03-09,Customer 3300,555-523-4141,customer3300@email.com,Toyota,Camry,2024,Red,Coupe,50275,2.5L I4,Automatic,36010,New,101,Dallas,True,8718,60
3301,2023-05-23,Customer 3301,555-531-7831,customer3301@email.com,Honda,Accord,2021,Black,Sedan,55835,3.5L V6,Automatic,43062,Used,101,Phoenix,False,0,0
3302,2023-01-29,Customer 3302,555-553-1641,customer3302@email.com,Audi,A4,2019,Black,SUV,43589,3.6L V6,CVT,30910,Used,103,San Antonio,False,0,0
3303,2024-01-24,Customer 3303,555-959-1243,customer3303@email.com,Mercedes,E-Class,2020,Red,Coupe,48140,2.0L I4,CVT,28097,Used,118,Los Angeles,False,0,0
3304,2023-05-10,Customer 3304,555-826-8050,customer3304@email.com,Chevrolet,Traverse,2024,Black,Coupe,23730,2.0L I4,CVT,41591,Used,108,Houston,False,0,0
3305,2023-10-13,Customer 3305,555-550-7859,customer3305@email.com,Mercedes,E-Class,2022,Black,SUV,59094,5.0L V8,Automatic,38796,New,119,Chicago,True,1107,60
3306,2023-12-08,Customer 3306,555-586-4563,customer3306@email.com,Ford,Escape,2019,Red,Sedan,17091,3.6L V6,Automatic,41076,Used,102,Los Angeles,False,0,0
3307,2023-11-07,Customer 3307,555-212-7581,customer3307@email.com,Audi,A4,2020,Green,SUV,28425,2.5L I4,Automatic,55606,Used,111,San Antonio,True,1576,48
3308,2023-02-19,Customer 3308,555-111-1363,customer3308@email.com,Jeep,Cherokee,2023,Gray,SUV,45805,2.5L I4,CVT,53090,Used,114,Houston,True,2492,36
3309,2023-10-24,Customer 3309,555-959-7646,customer3309@email.com,Mercedes,E-Class,2018,Green,SUV,40034,5.0L V8,Automatic,28667,Used,111,Houston,False,0,0
3310,2023-06-01,Customer 3310,555-915-2220,customer3310@email.com,Nissan,Rogue,2020,Blue,Truck,57655,5.0L V8,CVT,35578,New,110,Houston,False,0,0
3311,2023-04-18,Customer 3311,555-621-8210,customer3311@email.com,Hyundai,Sonata,2021,White,Coupe,55462,5.0L V8,Automatic,52415,Used,104,San Diego,False,0,0
3312,2023-10-17,Customer 3312,555-194-7820,customer3312@email.com,Nissan,Titan,2023,White,Truck,5412,3.6L V6,Manual,33294,Used,119,San Jose,False,0,0
3313,2023-05-05,Customer 3313,555-671-1262,customer3313@email.com,BMW,X5,2021,White,Coupe,21621,3.5L V6,Manual,52149,New,107,San Antonio,False,0,0
3314,2023-08-05,Customer 3314,555-267-5130,customer3314@email.com,Audi,A6,2020,Red,Sedan,49939,3.6L V6,CVT,27149,New,116,Chicago,True,495,60
3315,2023-10-18,Customer 3315,555-914-4887,customer3315@email.com,Ford,F-150,2019,Green,SUV,45698,3.5L V6,CVT,49082,New,118,Los Angeles,False,0,0
3316,2023-11-28,Customer 3316,555-913-1036,customer3316@email.com,Hyundai,Tucson,2022,Red,SUV,36618,3.5L V6,Manual,54186,Used,111,New York,True,4422,72
3317,2023-04-23,Customer 3317,555-898-1741,customer3317@email.com,Toyota,Tacoma,2022,Green,Sedan,18770,2.5L I4,Automatic,57440,Used,116,San Jose,True,4549,36
3318,2023-07-22,Customer 3318,555-549-4569,customer3318@email.com,Chevrolet,Equinox,2022,Black,Sedan,41055,3.5L V6,Manual,45647,Used,117,Los Angeles,False,0,0
3319,2023-07-17,Customer 3319,555-565-4580,customer3319@email.com,Honda,Accord,2021,Red,Sedan,10508,5.0L V8,Manual,36491,Used,117,San Antonio,False,0,0
3320,2023-03-30,Customer 3320,555-940-2069,customer3320@email.com,Ford,Mustang,2020,White,Sedan,5042,2.0L I4,Automatic,59138,Used,117,Philadelphia,False,0,0
3321,2023-03-13,Customer 3321,555-432-2759,customer3321@email.com,Audi,A6,2022,Green,Sedan,47957,2.5L I4,CVT,41297,Used,118,San Antonio,True,7913,36
3322,2023-10-12,Customer 3322,555-755-1831,customer3322@email.com,Hyundai,Sonata,2024,White,Sedan,19104,2.0L I4,Automatic,45266,New,117,San Jose,True,88,60
3323,2023-05-24,Customer 3323,555-728-1238,customer3323@email.com,Nissan,Titan,2019,Green,Truck,6148,2.0L I4,Manual,52128,New,107,San Diego,False,0,0
3324,2024-01-25,Customer 3324,555-357-2859,customer3324@email.com,Toyota,Camry,2019,Silver,Sedan,56876,2.5L I4,CVT,26295,Used,107,Phoenix,True,4522,48
3325,2023-06-09,Customer 3325,555-383-5824,customer3325@email.com,Chevrolet,Equinox,2019,Blue,SUV,59558,5.0L V8,Automatic,31866,New,107,San Antonio,False,0,0
3326,2023-08-12,Customer 3326,555-734-7462,customer3326@email.com,Chevrolet,Traverse,2020,Blue,Sedan,49610,5.0L V8,Manual,49555,New,101,Dallas,False,0,0
3327,2023-10-15,Customer 3327,555-263-6364,customer3327@email.com,Mercedes,C-Class,2020,Black,Truck,26628,5.0L V8,Automatic,38701,New,103,San Diego,True,7497,48
3328,2023-09-29,Customer 3328,555-683-7560,customer3328@email.com,Nissan,Rogue,2022,Red,Truck,13239,5.0L V8,Manual,45721,New,101,Chicago,True,7803,60
3329,2023-03-07,Customer 3329,555-518-8447,customer3329@email.com,Chevrolet,Silverado,2018,White,Coupe,8144,2.0L I4,Automatic,19101,New,105,San Diego,True,2312,36
3330,2024-01-24,Customer 3330,555-206-5382,customer3330@email.com,Jeep,Wrangler,2019,Blue,SUV,9462,3.5L V6,Automatic,48652,New,119,New York,True,1153,48
3331,2023-09-09,Customer 3331,555-152-9515,customer3331@email.com,Chevrolet,Silverado,2022,Black,Sedan,19942,2.0L I4,CVT,35412,Used,115,Chicago,True,4324,36
3332,2024-01-12,Customer 3332,555-269-1931,customer3332@email.com,Toyota,Camry,2023,Red,Truck,19684,5.0L V8,Automatic,25048,New,118,San Diego,False,0,0
3333,2023-07-22,Customer 3333,555-650-8526,customer3333@email.com,Hyundai,Tucson,2021,White,Coupe,27198,3.6L V6,Automatic,18645,New,117,San Jose,True,2793,36
3334,2023-12-13,Customer 3334,555-769-2145,customer3334@email.com,Toyota,Camry,2021,Black,Sedan,53664,5.0L V8,Automatic,56854,New,112,San Jose,True,10861,72
3335,2023-08-22,Customer 3335,555-799-1940,customer3335@email.com,BMW,3 Series,2021,Green,Sedan,24831,5.0L V8,CVT,21410,Used,105,Philadelphia,False,0,0
3336,2023-01-02,Customer 3336,555-978-7801,customer3336@email.com,Mercedes,E-Class,2024,Black,SUV,44121,5.0L V8,CVT,24737,Used,111,Phoenix,False,0,0
3337,2023-12-26,Customer 3337,555-138-6830,customer3337@email.com,BMW,X5,2024,Silver,Coupe,43759,5.0L V8,Manual,43933,New,103,Los Angeles,True,7640,60
3338,2023-06-04,Customer 3338,555-942-9692,customer3338@email.com,Honda,Civic,2022,Green,SUV,27697,2.0L I4,Manual,48308,Used,105,Phoenix,True,4606,60
3339,2023-12-09,Customer 3339,555-479-8622,customer3339@email.com,Jeep,Wrangler,2018,Red,SUV,19793,2.5L I4,Manual,45501,Used,111,Phoenix,False,0,0
3340,2023-03-10,Customer 3340,555-425-5589,customer3340@email.com,BMW,3 Series,2022,Red,Sedan,10276,2.0L I4,Automatic,18850,Used,101,San Antonio,False,0,0
3341,2023-04-22,Customer 3341,555-639-3285,customer3341@email.com,Toyota,Tacoma,2021,Blue,Sedan,19250,5.0L V8,CVT,28562,New,103,New York,False,0,0
3342,2023-06-25,Customer 3342,555-332-4251,customer3342@email.com,Honda,Civic,2018,Blue,Coupe,23171,3.6L V6,Automatic,23501,New,111,Phoenix,True,3245,72
3343,2023-10-11,Customer 3343,555-173-6464,customer3343@email.com,BMW,X5,2022,White,Coupe,35458,2.0L I4,Automatic,17391,Used,115,Chicago,True,661,48
3344,2023-05-30,Customer 3344,555-898-7978,customer3344@email.com,Ford,Mustang,2020,Red,Sedan,48307,5.0L V8,Manual,16368,New,102,Houston,True,770,60
3345,2023-03-06,Customer 3345,555-249-5890,customer3345@email.com,Audi,Q5,2020,Green,Sedan,14050,3.5L V6,Automatic,16717,New,118,New York,True,1782,72
3346,2023-05-03,Customer 3346,555-394-1443,customer3346@email.com,Nissan,Rogue,2022,Black,Coupe,14195,5.0L V8,Automatic,44826,New,102,San Diego,True,10084,0
3347,2023-09-11,Customer 3347,555-260-4265,customer3347@email.com,Chevrolet,Silverado,2021,Red,Truck,11005,2.0L I4,Automatic,31384,New,103,Philadelphia,False,0,0
3348,2023-10-24,Customer 3348,555-486-8941,customer3348@email.com,Honda,Accord,2021,Blue,Sedan,22639,3.6L V6,Manual,34764,New,107,Los Angeles,False,0,0
3349,2023-05-31,Customer 3349,555-793-5323,customer3349@email.com,Mercedes,S-Class,2018,Red,Sedan,23302,2.5L I4,CVT,41336,Used,116,New York,False,0,0
3350,2023-05-29,Customer 3350,555-464-2718,customer3350@email.com,Toyota,RAV4,2019,Green,Sedan,18987,2.5L I4,Manual,24423,New,101,Houston,False,0,0
3351,2023-05-23,Customer 3351,555-307-4408,customer3351@email.com,Hyundai,Elantra,2018,Blue,SUV,8119,2.5L I4,Manual,34989,New,107,San Diego,True,4864,72
3352,2023-11-09,Customer 3352,555-479-8726,customer3352@email.com,Mercedes,E-Class,2020,Black,Truck,48272,2.5L I4,CVT,34375,New,112,San Diego,True,1469,0
3353,2023-09-28,Customer 3353,555-103-4741,customer3353@email.com,Mercedes,C-Class,2018,Blue,Truck,9499,2.0L I4,Automatic,34557,Used,104,San Jose,False,0,0
3354,2023-09-13,Customer 3354,555-869-8147,customer3354@email.com,Hyundai,Elantra,2020,Blue,SUV,41521,2.5L I4,Manual,29704,Used,113,Philadelphia,False,0,0
3355,2023-09-26,Customer 3355,555-262-8868,customer3355@email.com,Hyundai,Tucson,2022,Black,Sedan,34834,2.5L I4,Automatic,26209,Used,105,San Antonio,True,4650,0
3356,2023-04-11,Customer 3356,555-834-9242,customer3356@email.com,BMW,3 Series,2024,Blue,Truck,47513,2.0L I4,Manual,56729,New,110,New York,False,0,0
3357,2023-09-03,Customer 3357,555-801-5503,customer3357@email.com,Ford,Mustang,2020,White,Coupe,27394,3.5L V6,Manual,21369,New,116,Los Angeles,False,0,0
3358,2023-10-10,Customer 3358,555-329-6102,customer3358@email.com,Toyota,RAV4,2023,Black,Coupe,22542,5.0L V8,Automatic,25841,Used,111,Philadelphia,True,3539,72
3359,2023-09-06,Customer 3359,555-226-5748,customer3359@email.com,Mercedes,E-Class,2020,Blue,Truck,30690,2.0L I4,Automatic,32650,Used,114,Dallas,True,6986,36
3360,2023-05-31,Customer 3360,555-849-1125,customer3360@email.com,BMW,5 Series,2018,Blue,Truck,35834,3.6L V6,Automatic,39847,Used,111,Philadelphia,True,4610,36
3361,2023-09-16,Customer 3361,555-772-9698,customer3361@email.com,Audi,A6,2020,White,SUV,38111,3.5L V6,Manual,44671,New,110,New York,True,2074,60
3362,2023-01-22,Customer 3362,555-134-2653,customer3362@email.com,Audi,A4,2023,Black,Truck,37541,5.0L V8,Manual,28342,New,119,Dallas,False,0,0
3363,2023-02-14,Customer 3363,555-778-1382,customer3363@email.com,Mercedes,C-Class,2023,Black,Sedan,34701,3.6L V6,CVT,54767,Used,112,Dallas,True,6075,0
3364,2023-12-05,Customer 3364,555-648-1359,customer3364@email.com,Audi,A6,2018,Green,Truck,52956,3.6L V6,Automatic,43348,Used,106,Los Angeles,True,7114,0
3365,2023-06-15,Customer 3365,555-771-1270,customer3365@email.com,Honda,Civic,2020,White,Coupe,42987,2.0L I4,CVT,54309,New,112,Dallas,True,12941,72
3366,2023-01-18,Customer 3366,555-971-6572,customer3366@email.com,Jeep,Cherokee,2018,Blue,Coupe,5199,5.0L V8,Automatic,15428,New,106,Chicago,True,3414,0
3367,2023-09-08,Customer 3367,555-547-1441,customer3367@email.com,Audi,A6,2024,Gray,Truck,1418,2.5L I4,Manual,52775,Used,117,San Antonio,False,0,0
3368,2023-03-04,Customer 3368,555-495-1999,customer3368@email.com,Ford,F-150,2019,Green,SUV,59131,5.0L V8,Manual,23922,Used,120,Houston,True,1905,48
3369,2023-08-12,Customer 3369,555-680-5453,customer3369@email.com,Toyota,Camry,2018,Black,SUV,42864,2.0L I4,Automatic,47009,Used,113,San Diego,True,10090,72
3370,2023-02-01,Customer 3370,555-667-9256,customer3370@email.com,Audi,A6,2023,Gray,Sedan,30079,3.6L V6,Automatic,51626,Used,119,Houston,True,10082,48
3371,2024-01-28,Customer 3371,555-757-2898,customer3371@email.com,Mercedes,C-Class,2024,Blue,Coupe,27078,3.6L V6,CVT,18547,New,105,Phoenix,False,0,0
3372,2023-03-16,Customer 3372,555-682-5857,customer3372@email.com,BMW,3 Series,2021,Silver,SUV,22891,2.5L I4,Manual,48224,Used,113,Chicago,True,6205,0
3373,2023-09-25,Customer 3373,555-600-2618,customer3373@email.com,Honda,Civic,2020,Red,SUV,30267,2.5L I4,Manual,23376,Used,103,Phoenix,False,0,0
3374,2023-01-29,Customer 3374,555-900-1838,customer3374@email.com,Honda,Civic,2023,Gray,Sedan,54045,2.5L I4,Automatic,25319,New,106,Philadelphia,False,0,0
3375,2023-09-25,Customer 3375,555-146-1949,customer3375@email.com,BMW,5 Series,2023,White,Sedan,19377,5.0L V8,CVT,26156,Used,107,New York,False,0,0
3376,2024-01-01,Customer 3376,555-298-2285,customer3376@email.com,Honda,Civic,2022,White,Truck,33431,3.5L V6,Manual,44058,Used,118,San Diego,True,2670,60
3377,2024-01-13,Customer 3377,555-923-6029,customer3377@email.com,BMW,X5,2023,Black,SUV,55361,2.0L I4,Manual,57585,Used,113,Phoenix,False,0,0
3378,2023-10-31,Customer 3378,555-368-7960,customer3378@email.com,Honda,Accord,2023,Red,Truck,36400,2.0L I4,CVT,51713,New,117,Dallas,False,0,0
3379,2023-01-22,Customer 3379,555-138-5906,customer3379@email.com,Nissan,Rogue,2020,Red,Coupe,48595,2.0L I4,Manual,55667,New,110,San Jose,False,0,0
3380,2023-12-24,Customer 3380,555-747-2516,customer3380@email.com,Audi,A6,2024,Gray,Truck,43812,2.5L I4,Manual,59443,New,108,Houston,False,0,0
3381,2023-11-19,Customer 3381,555-804-9560,customer3381@email.com,Hyundai,Sonata,2021,Silver,Sedan,21323,3.6L V6,Manual,45480,New,106,New York,True,5390,48
3382,2023-08-10,Customer 3382,555-355-5321,customer3382@email.com,Ford,F-150,2019,Red,Coupe,53746,2.5L I4,CVT,49642,New,108,Philadelphia,False,0,0
3383,2023-03-27,Customer 3383,555-261-4001,customer3383@email.com,Jeep,Wrangler,2018,Silver,SUV,32079,3.6L V6,Automatic,32083,Used,115,San Diego,True,3217,72
3384,2023-10-24,Customer 3384,555-833-9973,customer3384@email.com,BMW,X5,2021,Green,Sedan,30964,2.5L I4,Manual,15361,New,108,Houston,True,136,72
3385,2023-03-20,Customer 3385,555-251-2952,customer3385@email.com,Chevrolet,Traverse,2018,Green,Truck,50308,3.6L V6,Automatic,51551,Used,117,San Jose,False,0,0
3386,2023-02-04,Customer 3386,555-281-7728,customer3386@email.com,Toyota,Camry,2023,Silver,Sedan,30786,2.0L I4,Automatic,27946,New,106,New York,True,6505,72
3387,2023-02-06,Customer 3387,555-979-8476,customer3387@email.com,Chevrolet,Equinox,2022,Green,Coupe,24186,2.0L I4,Manual,33850,Used,105,San Diego,True,3602,36
3388,2023-11-13,Customer 3388,555-880-9947,customer3388@email.com,Hyundai,Elantra,2018,Red,Sedan,8754,3.5L V6,Manual,25331,New,120,Philadelphia,True,2510,48
3389,2023-08-08,Customer 3389,555-772-5206,customer3389@email.com,Audi,A4,2023,Red,Sedan,9709,5.0L V8,CVT,17197,Used,118,Chicago,False,0,0
3390,2023-09-22,Customer 3390,555-137-4462,customer3390@email.com,Ford,Mustang,2023,Black,Sedan,26979,3.5L V6,Manual,19929,Used,114,San Diego,False,0,0
3391,2023-12-08,Customer 3391,555-851-4874,customer3391@email.com,Mercedes,E-Class,2020,Green,SUV,40618,2.0L I4,Manual,48536,New,110,Phoenix,False,0,0
3392,2024-01-07,Customer 3392,555-376-9300,customer3392@email.com,Audi,A6,2024,White,SUV,14395,2.0L I4,Manual,17509,New,108,Philadelphia,False,0,0
3393,2023-09-05,Customer 3393,555-356-5954,customer3393@email.com,Chevrolet,Equinox,2021,Red,SUV,29248,2.5L I4,Automatic,16310,New,108,Phoenix,False,0,0
3394,2023-12-15,Customer 3394,555-595-9869,customer3394@email.com,Honda,Civic,2023,Green,Truck,42826,3.5L V6,CVT,46385,Used,107,Dallas,True,3993,36
3395,2023-10-15,Customer 3395,555-568-6256,customer3395@email.com,Jeep,Wrangler,2021,Green,Sedan,41936,2.5L I4,Automatic,19265,Used,117,Dallas,False,0,0
3396,2023-12-19,Customer 3396,555-491-5523,customer3396@email.com,Honda,CR-V,2018,Blue,Coupe,44158,2.5L I4,Manual,51175,New,113,Phoenix,False,0,0
3397,2023-02-21,Customer 3397,555-291-4948,customer3397@email.com,Mercedes,C-Class,2022,Green,Sedan,28457,3.5L V6,CVT,17431,New,104,New York,False,0,0
3398,2023-12-03,Customer 3398,555-473-1662,customer3398@email.com,Jeep,Grand Cherokee,2021,Blue,Truck,39865,3.6L V6,Manual,55412,Used,113,New York,False,0,0
3399,2023-02-05,Customer 3399,555-432-5776,customer3399@email.com,Hyundai,Sonata,2024,White,Sedan,48008,2.5L I4,Manual,55595,Used,112,Houston,True,10150,72
3400,2023-01-19,Customer 3400,555-883-7688,customer3400@email.com,Jeep,Wrangler,2021,Blue,Sedan,37663,3.5L V6,CVT,38867,Used,108,New York,True,2457,48
3401,2024-01-08,Customer 3401,555-894-3181,customer3401@email.com,BMW,X5,2018,Blue,Sedan,59396,3.5L V6,Automatic,37849,Used,120,Phoenix,True,2410,0
3402,2023-08-12,Customer 3402,555-240-2670,customer3402@email.com,Toyota,RAV4,2022,Black,Truck,44462,3.5L V6,Automatic,54131,New,115,San Diego,True,3905,72
3403,2023-09-24,Customer 3403,555-842-5225,customer3403@email.com,BMW,X5,2018,Gray,SUV,21883,2.5L I4,Manual,18473,Used,109,Houston,False,0,0
3404,2023-03-07,Customer 3404,555-153-6074,customer3404@email.com,Jeep,Cherokee,2022,Green,SUV,47654,3.5L V6,Automatic,57804,Used,119,San Antonio,False,0,0
3405,2024-01-06,Customer 3405,555-755-6851,customer3405@email.com,Toyota,Camry,2021,Red,Coupe,38226,3.5L V6,Automatic,42531,Used,105,Chicago,False,0,0
3406,2023-05-10,Customer 3406,555-840-5520,customer3406@email.com,Nissan,Altima,2019,Red,Coupe,35115,5.0L V8,Manual,31373,New,115,New York,False,0,0
3407,2024-01-04,Customer 3407,555-227-2598,customer3407@email.com,Toyota,RAV4,2019,Red,Truck,18682,3.6L V6,Manual,23748,Used,109,San Antonio,False,0,0
3408,2023-12-12,Customer 3408,555-421-4601,customer3408@email.com,Audi,Q5,2023,Green,Coupe,9412,3.6L V6,Automatic,56989,Used,109,San Jose,True,12731,36
3409,2023-09-10,Customer 3409,555-750-3637,customer3409@email.com,Nissan,Altima,2024,Gray,Coupe,17084,3.6L V6,Manual,32534,Used,107,Phoenix,True,7764,48
3410,2023-08-13,Customer 3410,555-987-3364,customer3410@email.com,Hyundai,Sonata,2019,Black,Coupe,44189,5.0L V8,Manual,32500,New,120,Phoenix,True,7836,60
3411,2024-01-23,Customer 3411,555-662-7846,customer3411@email.com,Audi,Q5,2018,Black,Sedan,30780,5.0L V8,Automatic,51260,New,120,Los Angeles,False,0,0
3412,2023-02-27,Customer 3412,555-199-4097,customer3412@email.com,Nissan,Titan,2020,Black,SUV,29376,3.6L V6,Manual,48160,New,118,San Antonio,True,3843,48
3413,2023-12-24,Customer 3413,555-387-3369,customer3413@email.com,Hyundai,Sonata,2019,Blue,Truck,10131,5.0L V8,Automatic,21972,Used,119,Phoenix,False,0,0
3414,2023-06-19,Customer 3414,555-916-7707,customer3414@email.com,Hyundai,Sonata,2021,Blue,SUV,36234,3.5L V6,CVT,40749,New,119,Dallas,False,0,0
3415,2023-02-28,Customer 3415,555-887-2822,customer3415@email.com,Chevrolet,Silverado,2022,Silver,Truck,45873,5.0L V8,CVT,20520,Used,104,Houston,False,0,0
3416,2023-06-09,Customer 3416,555-767-9388,customer3416@email.com,Ford,Mustang,2022,Black,Sedan,19377,2.5L I4,Manual,32297,Used,113,Houston,True,92,36
3417,2023-12-10,Customer 3417,555-913-5638,customer3417@email.com,Nissan,Rogue,2023,Red,Coupe,50838,2.0L I4,Manual,32466,New,107,San Jose,True,4807,72
3418,2024-01-06,Customer 3418,555-286-6930,customer3418@email.com,BMW,3 Series,2022,Green,SUV,40255,2.0L I4,CVT,36347,Used,112,Los Angeles,False,0,0
3419,2023-10-09,Customer 3419,555-839-1883,customer3419@email.com,BMW,3 Series,2021,White,Coupe,48282,2.0L I4,Manual,41808,New,104,San Jose,True,5336,0
3420,2024-01-08,Customer 3420,555-104-3602,customer3420@email.com,Hyundai,Tucson,2020,Red,Sedan,46709,2.0L I4,CVT,31410,Used,120,San Diego,False,0,0
3421,2023-07-22,Customer 3421,555-163-7868,customer3421@email.com,Ford,Mustang,2018,Green,Coupe,11206,2.5L I4,Manual,19282,Used,103,San Antonio,True,4546,60
3422,2023-01-01,Customer 3422,555-991-7971,customer3422@email.com,Hyundai,Elantra,2020,Green,Sedan,25454,2.5L I4,CVT,30713,New,113,San Diego,True,780,0
3423,2023-08-09,Customer 3423,555-567-8614,customer3423@email.com,Toyota,RAV4,2024,Gray,Coupe,33139,5.0L V8,Automatic,17603,Used,109,Philadelphia,False,0,0
3424,2023-01-22,Customer 3424,555-720-3974,customer3424@email.com,Mercedes,S-Class,2020,Red,Coupe,12322,3.5L V6,Manual,18621,New,104,New York,False,0,0
3425,2023-05-10,Customer 3425,555-422-6153,customer3425@email.com,Mercedes,S-Class,2021,Gray,Coupe,32086,3.5L V6,Manual,51141,New,103,Phoenix,True,1350,72
3426,2023-03-18,Customer 3426,555-429-4197,customer3426@email.com,Chevrolet,Equinox,2021,Gray,Truck,10847,2.0L I4,Manual,37032,New,106,San Jose,True,5090,36
3427,2023-11-02,Customer 3427,555-276-1174,customer3427@email.com,Toyota,RAV4,2024,Green,SUV,13647,5.0L V8,Automatic,29907,New,117,Houston,False,0,0
3428,2023-01-31,Customer 3428,555-188-2596,customer3428@email.com,Hyundai,Elantra,2021,Gray,Sedan,9189,5.0L V8,Automatic,54767,Used,115,Philadelphia,False,0,0
3429,2023-01-20,Customer 3429,555-547-2433,customer3429@email.com,Mercedes,E-Class,2018,Blue,SUV,20516,2.5L I4,Automatic,56386,New,119,Los Angeles,False,0,0
3430,2023-11-01,Customer 3430,555-935-7078,customer3430@email.com,Toyota,Tacoma,2020,White,Truck,46266,2.0L I4,Automatic,58987,Used,105,San Diego,True,794,48
3431,2023-11-10,Customer 3431,555-738-7510,customer3431@email.com,Nissan,Titan,2021,White,Truck,7086,3.5L V6,Manual,42471,Used,109,Philadelphia,True,2609,48
3432,2023-09-29,Customer 3432,555-606-8378,customer3432@email.com,Honda,CR-V,2024,Green,SUV,38799,3.6L V6,CVT,20951,Used,106,Philadelphia,False,0,0
3433,2024-01-13,Customer 3433,555-534-4196,customer3433@email.com,Hyundai,Elantra,2024,Red,Sedan,26515,5.0L V8,CVT,40241,Used,118,San Antonio,False,0,0
3434,2023-01-19,Customer 3434,555-952-3130,customer3434@email.com,BMW,5 Series,2018,Blue,Sedan,5813,5.0L V8,Manual,38308,Used,113,Chicago,True,2564,0
3435,2023-05-29,Customer 3435,555-880-4322,customer3435@email.com,Nissan,Altima,2024,White,Coupe,56680,3.5L V6,CVT,58981,New,113,San Antonio,False,0,0
3436,2023-04-28,Customer 3436,555-465-1423,customer3436@email.com,Jeep,Cherokee,2019,Gray,Coupe,16195,3.6L V6,Manual,48677,New,119,San Jose,True,3673,36
3437,2023-07-15,Customer 3437,555-417-4177,customer3437@email.com,Toyota,Tacoma,2021,Red,Coupe,54141,2.0L I4,Automatic,41900,Used,105,Houston,True,5607,48
3438,2023-12-05,Customer 3438,555-692-3196,customer3438@email.com,Honda,Accord,2020,Red,SUV,32671,2.0L I4,CVT,18741,Used,108,Los Angeles,True,3558,48
3439,2023-08-15,Customer 3439,555-644-8555,customer3439@email.com,Mercedes,E-Class,2024,Silver,Coupe,9473,3.6L V6,CVT,26055,New,110,San Jose,False,0,0
3440,2023-12-06,Customer 3440,555-970-8479,customer3440@email.com,Toyota,RAV4,2023,Gray,Truck,52768,2.0L I4,Manual,16306,New,102,Dallas,True,766,36
3441,2023-10-17,Customer 3441,555-530-1359,customer3441@email.com,Hyundai,Tucson,2021,Red,Sedan,50494,2.0L I4,Automatic,30943,Used,110,Houston,False,0,0
3442,2023-05-04,Customer 3442,555-851-6084,customer3442@email.com,Chevrolet,Equinox,2024,Gray,Coupe,11389,5.0L V8,Manual,36101,Used,120,San Antonio,False,0,0
3443,2023-11-17,Customer 3443,555-896-5063,customer3443@email.com,Ford,F-150,2023,White,Truck,56680,3.6L V6,CVT,44054,New,112,Philadelphia,False,0,0
3444,2023-05-28,Customer 3444,555-789-3535,customer3444@email.com,Honda,Accord,2020,Black,Sedan,51865,2.0L I4,CVT,38726,New,111,Dallas,True,9217,60
3445,2023-09-11,Customer 3445,555-969-3033,customer3445@email.com,Audi,Q5,2019,Gray,Coupe,5937,3.6L V6,Automatic,25353,New,103,New York,True,885,72
3446,2023-10-05,Customer 3446,555-540-9206,customer3446@email.com,Mercedes,C-Class,2020,White,SUV,30783,2.0L I4,Manual,47998,New,111,Dallas,False,0,0
3447,2023-09-04,Customer 3447,555-737-4156,customer3447@email.com,Mercedes,S-Class,2022,Silver,Coupe,54216,5.0L V8,Automatic,48445,New,104,New York,True,29,60
3448,2023-06-23,Customer 3448,555-859-5170,customer3448@email.com,Honda,CR-V,2024,Gray,SUV,58574,5.0L V8,Manual,57488,Used,116,Chicago,False,0,0
3449,2023-11-30,Customer 3449,555-215-8425,customer3449@email.com,Toyota,Camry,2019,Black,Sedan,49700,2.5L I4,Manual,39093,New,120,Phoenix,False,0,0
3450,2023-02-13,Customer 3450,555-194-2129,customer3450@email.com,Mercedes,C-Class,2022,Green,Coupe,57446,5.0L V8,Manual,58136,New,111,Los Angeles,False,0,0
3451,2023-07-19,Customer 3451,555-579-5216,customer3451@email.com,Chevrolet,Traverse,2019,Blue,Sedan,38678,2.5L I4,Manual,35017,New,113,San Antonio,False,0,0
3452,2024-01-21,Customer 3452,555-781-2540,customer3452@email.com,Ford,F-150,2019,Green,Sedan,24635,2.0L I4,Manual,53535,New,111,New York,True,11785,36
3453,2023-07-09,Customer 3453,555-401-1018,customer3453@email.com,Honda,Accord,2019,Black,Coupe,24631,2.0L I4,CVT,21804,Used,112,New York,False,0,0
3454,2023-08-31,Customer 3454,555-683-4199,customer3454@email.com,Mercedes,C-Class,2018,Gray,SUV,50616,2.0L I4,Manual,49448,Used,105,Philadelphia,False,0,0
3455,2023-02-25,Customer 3455,555-687-7690,customer3455@email.com,Toyota,Camry,2022,Silver,SUV,7989,2.0L I4,Manual,43724,Used,101,Los Angeles,False,0,0
3456,2023-04-11,Customer 3456,555-476-2338,customer3456@email.com,BMW,3 Series,2021,Green,Sedan,32416,3.6L V6,Manual,28481,Used,112,Dallas,True,2629,72
3457,2023-05-06,Customer 3457,555-697-2770,customer3457@email.com,Mercedes,E-Class,2024,White,Truck,34297,2.5L I4,Manual,21568,New,117,Dallas,True,4126,60
3458,2023-07-10,Customer 3458,555-386-2087,customer3458@email.com,Mercedes,E-Class,2022,Blue,Truck,27728,3.5L V6,Automatic,40391,New,113,Dallas,False,0,0
3459,2023-08-05,Customer 3459,555-392-3221,customer3459@email.com,Chevrolet,Silverado,2018,Gray,Sedan,16122,3.5L V6,Automatic,51632,Used,118,Los Angeles,False,0,0
3460,2023-08-20,Customer 3460,555-250-2200,customer3460@email.com,Honda,Accord,2024,Blue,SUV,30506,3.5L V6,Manual,34865,Used,102,San Jose,False,0,0
3461,2023-07-22,Customer 3461,555-304-2849,customer3461@email.com,Hyundai,Elantra,2020,Green,Coupe,36784,2.5L I4,Manual,33669,Used,117,Philadelphia,True,1430,72
3462,2023-06-25,Customer 3462,555-875-8693,customer3462@email.com,BMW,3 Series,2019,Red,Sedan,40938,2.5L I4,CVT,24750,Used,103,San Diego,False,0,0
3463,2023-05-25,Customer 3463,555-150-4815,customer3463@email.com,Chevrolet,Traverse,2023,Blue,Coupe,30777,2.5L I4,CVT,52068,New,106,Los Angeles,False,0,0
3464,2023-04-18,Customer 3464,555-735-9436,customer3464@email.com,BMW,5 Series,2020,Silver,Coupe,36397,3.6L V6,CVT,32070,New,117,Chicago,True,5584,60
3465,2024-01-14,Customer 3465,555-108-7553,customer3465@email.com,BMW,5 Series,2019,Green,Truck,52626,3.5L V6,CVT,48677,New,117,Dallas,False,0,0
3466,2023-01-01,Customer 3466,555-768-6676,customer3466@email.com,Ford,Escape,2018,White,Coupe,19822,5.0L V8,Automatic,29193,New,112,San Jose,False,0,0
3467,2023-03-16,Customer 3467,555-270-5417,customer3467@email.com,Toyota,Camry,2024,Blue,Coupe,21745,2.5L I4,CVT,52325,New,116,Los Angeles,True,9616,72
3468,2024-01-12,Customer 3468,555-390-1127,customer3468@email.com,Honda,CR-V,2020,Silver,SUV,25242,2.0L I4,Manual,57019,Used,117,Los Angeles,False,0,0
3469,2023-04-13,Customer 3469,555-928-8312,customer3469@email.com,Jeep,Wrangler,2020,Black,Truck,47611,2.5L I4,Manual,51668,New,103,Chicago,True,8217,60
3470,2023-03-31,Customer 3470,555-266-5983,customer3470@email.com,Honda,Civic,2021,Red,SUV,48857,5.0L V8,CVT,45331,New,120,Chicago,True,3033,36
3471,2023-01-09,Customer 3471,555-952-3640,customer3471@email.com,Jeep,Grand Cherokee,2021,Blue,Sedan,21825,3.6L V6,Manual,30409,New,101,Dallas,True,134,72
3472,2023-02-18,Customer 3472,555-905-7883,customer3472@email.com,BMW,3 Series,2021,Red,Truck,52502,2.5L I4,Manual,49539,Used,111,New York,False,0,0
3473,2023-06-15,Customer 3473,555-868-9596,customer3473@email.com,Audi,A6,2018,Silver,Truck,39108,2.0L I4,Automatic,17305,New,108,New York,True,2397,36
3474,2023-05-24,Customer 3474,555-562-1063,customer3474@email.com,Chevrolet,Traverse,2021,Silver,Truck,31734,3.6L V6,Manual,49102,New,107,Phoenix,False,0,0
3475,2023-01-12,Customer 3475,555-510-1270,customer3475@email.com,Audi,A6,2022,Silver,Coupe,54434,2.5L I4,Manual,43178,New,118,Chicago,False,0,0
3476,2023-07-13,Customer 3476,555-853-9672,customer3476@email.com,Toyota,RAV4,2023,Gray,Sedan,48818,2.5L I4,Manual,24108,New,106,Dallas,False,0,0
3477,2023-05-22,Customer 3477,555-129-2158,customer3477@email.com,Audi,A4,2021,Black,Coupe,25796,3.5L V6,CVT,27596,Used,107,Los Angeles,True,6673,36
3478,2023-10-14,Customer 3478,555-482-5755,customer3478@email.com,Mercedes,E-Class,2020,Blue,SUV,19603,2.0L I4,Automatic,56513,New,105,San Jose,False,0,0
3479,2023-05-27,Customer 3479,555-890-1237,customer3479@email.com,BMW,X5,2020,Black,Coupe,58865,3.5L V6,CVT,57658,New,114,San Antonio,False,0,0
3480,2023-02-27,Customer 3480,555-271-9556,customer3480@email.com,BMW,3 Series,2018,Red,SUV,16793,3.6L V6,Automatic,53332,Used,120,San Diego,True,12494,0
3481,2023-12-19,Customer 3481,555-921-5854,customer3481@email.com,Audi,Q5,2024,Green,Coupe,12802,3.6L V6,CVT,35714,New,106,Phoenix,True,1124,72
3482,2023-10-01,Customer 3482,555-697-7088,customer3482@email.com,Audi,A4,2022,Red,SUV,42314,3.6L V6,CVT,30206,New,119,San Diego,False,0,0
3483,2023-05-05,Customer 3483,555-889-1202,customer3483@email.com,Mercedes,E-Class,2022,Red,Coupe,9764,3.6L V6,Automatic,41899,New,116,Los Angeles,True,3839,72
3484,2023-01-15,Customer 3484,555-514-2521,customer3484@email.com,Hyundai,Elantra,2021,Silver,Sedan,51807,5.0L V8,Manual,16360,New,120,San Diego,False,0,0
3485,2023-11-23,Customer 3485,555-681-3879,customer3485@email.com,Chevrolet,Equinox,2022,Green,Coupe,23586,2.0L I4,Manual,31694,New,107,Philadelphia,True,17,0
3486,2023-06-08,Customer 3486,555-584-3990,customer3486@email.com,Jeep,Cherokee,2023,Red,Sedan,5607,5.0L V8,Automatic,37512,Used,105,San Jose,False,0,0
3487,2023-08-02,Customer 3487,555-745-9943,customer3487@email.com,Chevrolet,Traverse,2022,Gray,Coupe,58546,2.0L I4,CVT,32651,New,119,Houston,True,4244,72
3488,2023-01-31,Customer 3488,555-323-1292,customer3488@email.com,Chevrolet,Equinox,2024,Black,Truck,48413,2.5L I4,CVT,46950,New,103,San Diego,False,0,0
3489,2023-12-29,Customer 3489,555-463-1571,customer3489@email.com,Chevrolet,Silverado,2018,Red,Sedan,14557,3.5L V6,Manual,31218,Used,116,Philadelphia,True,4728,60
3490,2023-10-16,Customer 3490,555-276-1482,customer3490@email.com,Jeep,Grand Cherokee,2022,Red,Truck,59667,5.0L V8,Manual,50306,Used,101,San Antonio,True,10485,36
3491,2023-02-04,Customer 3491,555-793-7730,customer3491@email.com,Honda,Accord,2024,Blue,Sedan,17502,5.0L V8,Manual,41558,New,106,San Jose,False,0,0
3492,2023-10-25,Customer 3492,555-111-9387,customer3492@email.com,Mercedes,S-Class,2018,Red,Sedan,29086,5.0L V8,Automatic,45760,New,112,New York,True,5016,48
3493,2023-08-07,Customer 3493,555-237-6774,customer3493@email.com,Ford,F-150,2023,Silver,Truck,42659,5.0L V8,Automatic,49814,New,107,San Antonio,False,0,0
3494,2023-09-23,Customer 3494,555-733-5767,customer3494@email.com,Honda,Accord,2023,White,SUV,57169,2.0L I4,Manual,55156,Used,112,San Jose,False,0,0
3495,2023-04-17,Customer 3495,555-272-7380,customer3495@email.com,Toyota,Tacoma,2018,White,Coupe,42526,5.0L V8,CVT,48057,New,118,San Antonio,True,4930,36
3496,2024-01-16,Customer 3496,555-768-5958,customer3496@email.com,Jeep,Cherokee,2020,Gray,Coupe,27709,2.0L I4,CVT,52875,New,108,Philadelphia,False,0,0
3497,2023-10-31,Customer 3497,555-943-5522,customer3497@email.com,Chevrolet,Equinox,2022,Blue,SUV,41615,2.0L I4,Manual,30314,New,110,Dallas,True,430,72
3498,2023-05-15,Customer 3498,555-960-2321,customer3498@email.com,Honda,Civic,2023,Red,Sedan,23773,2.5L I4,CVT,38770,Used,112,Dallas,False,0,0
3499,2023-05-04,Customer 3499,555-197-3619,customer3499@email.com,Jeep,Grand Cherokee,2023,Blue,Truck,17231,3.6L V6,Manual,29991,New,104,Houston,True,375,0
3500,2023-08-11,Customer 3500,555-227-8847,customer3500@email.com,BMW,5 Series,2019,Gray,Sedan,6703,2.0L I4,Manual,26986,Used,108,Dallas,False,0,0
3501,2023-06-07,Customer 3501,555-562-9635,customer3501@email.com,Audi,A6,2023,Black,Coupe,42152,5.0L V8,Automatic,58428,New,108,Los Angeles,False,0,0
3502,2024-01-18,Customer 3502,555-757-6602,customer3502@email.com,Audi,A4,2018,Blue,Truck,32137,3.5L V6,CVT,30586,Used,112,San Jose,True,396,0
3503,2023-01-24,Customer 3503,555-236-5451,customer3503@email.com,Toyota,RAV4,2020,Blue,Truck,7050,5.0L V8,CVT,48130,New,105,San Jose,True,7883,0
3504,2024-01-03,Customer 3504,555-444-2084,customer3504@email.com,Honda,Civic,2023,Blue,Truck,6472,3.6L V6,Automatic,55019,Used,112,New York,True,8428,60
3505,2023-05-12,Customer 3505,555-365-8563,customer3505@email.com,Toyota,Tacoma,2024,Black,Truck,54611,2.0L I4,CVT,50266,Used,103,San Jose,True,12139,36
3506,2023-05-20,Customer 3506,555-504-1516,customer3506@email.com,Jeep,Cherokee,2019,Black,Coupe,5910,3.5L V6,Automatic,40884,Used,105,San Diego,True,9785,60
3507,2023-05-25,Customer 3507,555-486-7286,customer3507@email.com,Jeep,Grand Cherokee,2024,Red,Truck,55576,3.6L V6,Manual,39828,New,110,Phoenix,False,0,0
3508,2023-07-10,Customer 3508,555-993-2079,customer3508@email.com,Ford,Mustang,2022,Gray,SUV,58905,3.6L V6,Automatic,53028,New,109,Chicago,False,0,0
3509,2024-01-02,Customer 3509,555-750-1582,customer3509@email.com,BMW,X5,2020,Blue,SUV,44307,3.6L V6,Manual,25313,Used,120,San Antonio,False,0,0
3510,2023-10-24,Customer 3510,555-447-2959,customer3510@email.com,Nissan,Altima,2024,Red,Truck,38682,3.6L V6,Manual,32470,New,118,San Diego,False,0,0
3511,2023-10-24,Customer 3511,555-574-8472,customer3511@email.com,Honda,CR-V,2024,White,Truck,31058,3.5L V6,Automatic,56436,New,116,San Diego,False,0,0
3512,2023-11-10,Customer 3512,555-963-2084,customer3512@email.com,BMW,3 Series,2021,Blue,SUV,39209,3.5L V6,CVT,41491,Used,106,Chicago,False,0,0
3513,2023-10-16,Customer 3513,555-444-6346,customer3513@email.com,BMW,5 Series,2020,Black,SUV,58698,3.5L V6,CVT,25245,Used,104,San Antonio,True,5607,48
3514,2023-10-05,Customer 3514,555-864-4962,customer3514@email.com,BMW,X5,2020,White,SUV,50266,5.0L V8,Manual,33842,New,112,Phoenix,False,0,0
3515,2023-10-17,Customer 3515,555-670-2855,customer3515@email.com,Jeep,Cherokee,2018,Black,Sedan,55467,3.5L V6,CVT,45348,Used,119,San Jose,False,0,0
3516,2023-01-24,Customer 3516,555-405-9508,customer3516@email.com,Jeep,Wrangler,2022,White,SUV,20743,2.5L I4,Automatic,56557,Used,115,Chicago,True,12347,48
3517,2024-01-18,Customer 3517,555-310-1589,customer3517@email.com,Ford,Mustang,2020,Black,SUV,42135,3.5L V6,CVT,46286,New,108,Houston,False,0,0
3518,2023-08-27,Customer 3518,555-814-8772,customer3518@email.com,Mercedes,S-Class,2024,Gray,Coupe,7971,2.5L I4,CVT,24789,Used,110,San Diego,True,6026,72
3519,2023-11-23,Customer 3519,555-922-6311,customer3519@email.com,Ford,Mustang,2018,White,SUV,52107,5.0L V8,Automatic,36812,Used,118,Los Angeles,False,0,0
3520,2023-05-15,Customer 3520,555-545-1170,customer3520@email.com,Ford,Escape,2020,Gray,Coupe,35752,3.5L V6,Manual,31218,Used,104,New York,True,696,48
3521,2023-11-27,Customer 3521,555-814-4262,customer3521@email.com,Chevrolet,Equinox,2020,White,Truck,7851,5.0L V8,CVT,50277,Used,107,Chicago,True,6251,36
3522,2023-11-09,Customer 3522,555-844-2578,customer3522@email.com,BMW,5 Series,2021,Gray,Truck,44576,2.0L I4,CVT,25314,Used,110,San Diego,True,800,36
3523,2023-04-11,Customer 3523,555-213-8714,customer3523@email.com,BMW,5 Series,2022,Green,Coupe,26025,3.5L V6,Automatic,57162,Used,107,San Diego,True,9687,72
3524,2023-08-04,Customer 3524,555-727-4692,customer3524@email.com,Honda,CR-V,2020,Red,SUV,37993,2.0L I4,CVT,24045,Used,117,Chicago,True,373,60
3525,2023-03-05,Customer 3525,555-321-5665,customer3525@email.com,Mercedes,S-Class,2022,Silver,Sedan,40960,3.6L V6,Automatic,16033,Used,111,Dallas,True,2436,0
3526,2023-02-15,Customer 3526,555-463-5151,customer3526@email.com,Toyota,RAV4,2022,Blue,SUV,31993,2.0L I4,Automatic,58963,New,118,New York,True,9882,36
3527,2023-11-27,Customer 3527,555-961-7205,customer3527@email.com,Audi,A4,2019,Black,Coupe,45941,3.6L V6,Manual,41813,New,102,Los Angeles,True,1867,60
3528,2023-12-25,Customer 3528,555-437-2632,customer3528@email.com,Toyota,Camry,2024,Green,SUV,45556,2.0L I4,CVT,53631,Used,114,Los Angeles,True,11716,72
3529,2023-08-06,Customer 3529,555-189-2615,customer3529@email.com,Ford,F-150,2019,Green,SUV,46842,3.6L V6,Automatic,40581,New,103,Phoenix,True,4739,48
3530,2023-06-28,Customer 3530,555-307-1760,customer3530@email.com,Honda,CR-V,2020,Gray,Sedan,34735,2.5L I4,CVT,56793,New,116,Chicago,True,1087,60
3531,2023-08-30,Customer 3531,555-580-3726,customer3531@email.com,BMW,3 Series,2020,Blue,Truck,24571,2.5L I4,CVT,28085,New,119,Phoenix,False,0,0
3532,2023-05-09,Customer 3532,555-948-1050,customer3532@email.com,Toyota,Tacoma,2023,Green,SUV,11271,3.5L V6,Automatic,28833,Used,117,San Diego,True,6896,60
3533,2023-06-24,Customer 3533,555-586-1104,customer3533@email.com,Ford,Escape,2020,Red,Truck,11803,2.5L I4,CVT,43310,Used,103,New York,True,5284,72
3534,2024-01-26,Customer 3534,555-531-1095,customer3534@email.com,Mercedes,C-Class,2022,Silver,Coupe,15420,3.5L V6,Automatic,20301,Used,118,Los Angeles,False,0,0
3535,2023-02-26,Customer 3535,555-736-6781,customer3535@email.com,Toyota,Camry,2019,White,Coupe,50490,5.0L V8,Automatic,57363,New,108,San Diego,False,0,0
3536,2023-10-03,Customer 3536,555-614-4402,customer3536@email.com,Toyota,RAV4,2019,Green,SUV,19096,2.0L I4,Manual,42095,New,117,Phoenix,True,2278,36
3537,2023-04-20,Customer 3537,555-759-5144,customer3537@email.com,Chevrolet,Silverado,2018,Green,SUV,38764,5.0L V8,Manual,56242,New,109,San Diego,True,1424,0
3538,2023-02-02,Customer 3538,555-617-4610,customer3538@email.com,Chevrolet,Silverado,2019,Silver,Truck,26817,3.6L V6,CVT,40361,New,102,Dallas,False,0,0
3539,2023-03-01,Customer 3539,555-632-9513,customer3539@email.com,Hyundai,Elantra,2023,Black,SUV,33669,2.0L I4,CVT,23488,Used,102,Chicago,True,4306,60
3540,2024-01-09,Customer 3540,555-741-2939,customer3540@email.com,Nissan,Rogue,2018,Gray,SUV,58083,5.0L V8,CVT,16801,New,111,Dallas,True,2378,48
3541,2023-04-04,Customer 3541,555-561-9821,customer3541@email.com,Honda,Accord,2023,Black,Sedan,48605,2.5L I4,CVT,45251,New,106,Chicago,False,0,0
3542,2023-06-14,Customer 3542,555-495-4051,customer3542@email.com,Audi,A6,2020,Black,Truck,15853,2.5L I4,Automatic,18498,New,109,Phoenix,True,1251,72
3543,2023-10-18,Customer 3543,555-484-9301,customer3543@email.com,Jeep,Grand Cherokee,2018,Green,Coupe,53175,3.5L V6,Manual,15754,New,112,San Diego,False,0,0
3544,2023-03-19,Customer 3544,555-655-5646,customer3544@email.com,Chevrolet,Silverado,2018,Blue,Sedan,23680,2.0L I4,Manual,52050,Used,112,Chicago,True,4670,0
3545,2023-05-17,Customer 3545,555-526-6373,customer3545@email.com,Honda,CR-V,2019,Gray,SUV,29146,2.0L I4,Automatic,46736,Used,119,Dallas,False,0,0
3546,2023-08-04,Customer 3546,555-415-9940,customer3546@email.com,Jeep,Cherokee,2021,Gray,Truck,31659,2.5L I4,CVT,39058,New,103,Dallas,False,0,0
3547,2024-01-30,Customer 3547,555-733-3247,customer3547@email.com,Jeep,Wrangler,2024,Gray,SUV,25843,2.0L I4,Manual,21022,Used,111,Philadelphia,False,0,0
3548,2023-07-01,Customer 3548,555-162-9033,customer3548@email.com,BMW,X5,2021,Black,Coupe,20914,2.0L I4,Automatic,43208,New,112,Phoenix,False,0,0
3549,2023-04-14,Customer 3549,555-444-9051,customer3549@email.com,BMW,5 Series,2022,White,SUV,17606,2.0L I4,Automatic,17169,New,112,Philadelphia,True,3286,72
3550,2023-08-30,Customer 3550,555-807-6954,customer3550@email.com,Mercedes,E-Class,2023,Black,Sedan,10119,2.5L I4,CVT,54144,Used,111,Houston,True,10239,36
3551,2023-06-12,Customer 3551,555-171-3067,customer3551@email.com,Toyota,Camry,2019,Black,Coupe,44179,3.6L V6,Automatic,34149,New,108,San Diego,False,0,0
3552,2023-02-25,Customer 3552,555-104-4647,customer3552@email.com,Jeep,Grand Cherokee,2023,Black,Coupe,18056,3.5L V6,Automatic,27953,Used,119,Houston,True,6651,60
3553,2023-04-14,Customer 3553,555-291-4008,customer3553@email.com,Honda,CR-V,2023,Silver,SUV,22935,3.5L V6,Manual,34295,New,116,New York,True,2946,36
3554,2023-12-28,Customer 3554,555-626-3876,customer3554@email.com,Honda,Accord,2019,Black,Truck,52154,5.0L V8,Automatic,39173,Used,118,Chicago,True,4278,0
3555,2023-03-11,Customer 3555,555-662-9401,customer3555@email.com,Nissan,Titan,2021,White,Coupe,35704,2.0L I4,Manual,17961,Used,117,San Jose,False,0,0
3556,2024-01-14,Customer 3556,555-273-2393,customer3556@email.com,Audi,Q5,2024,Gray,Sedan,49224,3.5L V6,Automatic,30622,New,119,Phoenix,True,112,60
3557,2023-07-16,Customer 3557,555-155-7873,customer3557@email.com,Nissan,Rogue,2019,White,SUV,24462,3.5L V6,CVT,37541,New,114,Houston,False,0,0
3558,2023-07-28,Customer 3558,555-702-5753,customer3558@email.com,Toyota,Camry,2018,Red,SUV,12289,3.6L V6,CVT,42371,New,110,Dallas,True,6777,48
3559,2023-11-12,Customer 3559,555-259-5706,customer3559@email.com,Audi,Q5,2021,White,Coupe,24409,3.5L V6,Manual,33981,New,104,San Antonio,True,5535,48
3560,2023-02-21,Customer 3560,555-658-3331,customer3560@email.com,Chevrolet,Equinox,2023,Silver,Coupe,18709,5.0L V8,Manual,16946,New,119,Phoenix,False,0,0
3561,2023-06-19,Customer 3561,555-234-8908,customer3561@email.com,Mercedes,C-Class,2022,Silver,Coupe,21069,3.6L V6,CVT,46670,New,116,New York,True,4139,0
3562,2023-02-01,Customer 3562,555-855-3409,customer3562@email.com,Jeep,Grand Cherokee,2023,Gray,Truck,18064,5.0L V8,CVT,27431,Used,107,Philadelphia,False,0,0
3563,2023-01-21,Customer 3563,555-101-7506,customer3563@email.com,Ford,Escape,2021,White,Truck,16127,2.0L I4,Manual,43682,New,101,San Antonio,False,0,0
3564,2023-01-14,Customer 3564,555-115-4496,customer3564@email.com,Hyundai,Tucson,2022,Blue,SUV,20778,2.5L I4,Automatic,39045,Used,111,Phoenix,True,8101,60
3565,2023-02-25,Customer 3565,555-759-2058,customer3565@email.com,Honda,Accord,2018,Silver,SUV,56180,5.0L V8,CVT,18527,Used,115,San Jose,False,0,0
3566,2023-09-27,Customer 3566,555-971-7127,customer3566@email.com,Mercedes,C-Class,2020,Gray,Truck,39643,2.5L I4,Manual,40696,New,112,San Antonio,True,9482,36
3567,2023-08-02,Customer 3567,555-333-5623,customer3567@email.com,BMW,X5,2020,Black,Sedan,6138,2.5L I4,Automatic,38957,Used,117,New York,False,0,0
3568,2023-08-22,Customer 3568,555-649-7592,customer3568@email.com,BMW,X5,2020,Green,SUV,24232,3.5L V6,Manual,31870,New,116,Houston,False,0,0
3569,2023-07-24,Customer 3569,555-780-4753,customer3569@email.com,Chevrolet,Equinox,2019,Red,Coupe,14985,2.0L I4,CVT,54404,Used,101,Dallas,True,8354,0
3570,2023-09-25,Customer 3570,555-539-7857,customer3570@email.com,Nissan,Altima,2021,White,Truck,58949,3.6L V6,Manual,22376,Used,117,Los Angeles,True,3977,60
3571,2023-08-25,Customer 3571,555-492-7330,customer3571@email.com,Toyota,RAV4,2023,White,Truck,11209,2.5L I4,CVT,57845,Used,115,San Antonio,True,7551,0
3572,2024-01-04,Customer 3572,555-704-6485,customer3572@email.com,Toyota,RAV4,2020,Silver,Sedan,40102,2.5L I4,Manual,57357,Used,115,San Diego,True,12443,0
3573,2023-06-04,Customer 3573,555-148-8945,customer3573@email.com,Jeep,Cherokee,2022,Blue,SUV,43284,2.5L I4,CVT,49331,New,107,Houston,False,0,0
3574,2023-05-27,Customer 3574,555-192-3875,customer3574@email.com,Mercedes,E-Class,2018,Black,SUV,9004,5.0L V8,CVT,44323,New,117,San Antonio,False,0,0
3575,2023-05-26,Customer 3575,555-909-2534,customer3575@email.com,Chevrolet,Traverse,2020,Blue,Truck,45008,3.6L V6,Manual,27490,Used,116,San Diego,False,0,0
3576,2023-01-24,Customer 3576,555-636-4539,customer3576@email.com,Honda,CR-V,2018,White,SUV,46608,2.5L I4,Automatic,54070,Used,107,Houston,True,10395,48
3577,2023-04-21,Customer 3577,555-782-2109,customer3577@email.com,Chevrolet,Traverse,2023,Red,Sedan,28457,2.0L I4,CVT,53348,New,108,San Diego,False,0,0
3578,2023-09-16,Customer 3578,555-902-3806,customer3578@email.com,Honda,Civic,2024,Silver,Truck,57121,2.5L I4,Automatic,53196,New,120,San Diego,False,0,0
3579,2023-05-09,Customer 3579,555-568-8872,customer3579@email.com,Toyota,Tacoma,2024,Silver,Truck,46384,3.5L V6,Manual,38951,Used,115,Dallas,True,7805,60
3580,2023-04-04,Customer 3580,555-136-1748,customer3580@email.com,Nissan,Titan,2022,Silver,Sedan,43231,5.0L V8,CVT,51007,Used,119,New York,True,9645,72
3581,2023-04-19,Customer 3581,555-344-3401,customer3581@email.com,Toyota,Tacoma,2022,White,SUV,59426,2.5L I4,Automatic,54442,Used,102,Phoenix,False,0,0
3582,2023-01-11,Customer 3582,555-710-3356,customer3582@email.com,Nissan,Altima,2023,Blue,Sedan,25663,3.5L V6,CVT,22150,Used,111,Chicago,True,3004,72
3583,2023-02-11,Customer 3583,555-363-4200,customer3583@email.com,Hyundai,Tucson,2019,Black,Coupe,16673,3.6L V6,Manual,30666,Used,102,Dallas,True,4679,48
3584,2023-12-19,Customer 3584,555-950-8296,customer3584@email.com,BMW,3 Series,2022,Black,Sedan,30185,3.6L V6,Manual,19513,Used,104,Phoenix,False,0,0
3585,2023-02-04,Customer 3585,555-459-5722,customer3585@email.com,Honda,Accord,2019,Silver,SUV,42041,5.0L V8,Manual,41775,Used,101,Los Angeles,True,1456,36
3586,2023-05-10,Customer 3586,555-463-8365,customer3586@email.com,Nissan,Altima,2018,Red,Truck,43444,5.0L V8,Automatic,39461,Used,102,Chicago,True,8812,60
3587,2023-06-09,Customer 3587,555-619-1023,customer3587@email.com,Audi,A6,2022,Blue,Truck,24819,3.6L V6,Automatic,29478,Used,110,San Antonio,False,0,0
3588,2023-09-13,Customer 3588,555-971-4050,customer3588@email.com,Toyota,RAV4,2023,Green,Truck,39634,2.0L I4,Automatic,27364,Used,117,San Antonio,False,0,0
3589,2023-03-13,Customer 3589,555-788-8677,customer3589@email.com,Nissan,Rogue,2024,Red,Truck,29465,3.5L V6,CVT,50654,Used,120,Houston,False,0,0
3590,2024-01-21,Customer 3590,555-566-9625,customer3590@email.com,BMW,5 Series,2019,Silver,Truck,27131,2.0L I4,Manual,36220,New,115,San Jose,True,3368,0
3591,2023-09-12,Customer 3591,555-697-8970,customer3591@email.com,Honda,Accord,2020,White,SUV,33775,2.5L I4,Manual,27333,New,110,Philadelphia,True,1207,72
3592,2023-11-04,Customer 3592,555-798-9996,customer3592@email.com,BMW,X5,2019,Black,SUV,29313,2.5L I4,Automatic,44265,New,111,Houston,True,7997,36
3593,2023-09-20,Customer 3593,555-769-7989,customer3593@email.com,Toyota,RAV4,2021,Gray,Coupe,42657,5.0L V8,Automatic,44638,Used,103,Philadelphia,False,0,0
3594,2023-09-28,Customer 3594,555-176-5543,customer3594@email.com,Hyundai,Sonata,2019,Green,Coupe,20280,3.5L V6,CVT,55158,New,103,San Diego,False,0,0
3595,2023-07-09,Customer 3595,555-913-3961,customer3595@email.com,Mercedes,S-Class,2019,Silver,SUV,12515,3.6L V6,Automatic,23437,New,104,Philadelphia,False,0,0
3596,2023-08-03,Customer 3596,555-526-2524,customer3596@email.com,Honda,Civic,2019,Red,SUV,31076,3.5L V6,CVT,41125,Used,115,San Diego,True,7841,0
3597,2023-08-19,Customer 3597,555-920-8246,customer3597@email.com,Hyundai,Elantra,2023,Green,Coupe,44163,2.5L I4,Automatic,38483,Used,109,New York,False,0,0
3598,2023-09-01,Customer 3598,555-423-3945,customer3598@email.com,Toyota,Camry,2024,White,Sedan,27099,3.6L V6,CVT,23116,Used,120,Phoenix,True,4972,36
3599,2023-10-14,Customer 3599,555-504-4652,customer3599@email.com,Nissan,Titan,2022,Black,SUV,5324,3.6L V6,CVT,59426,Used,112,Phoenix,True,10937,0
3600,2023-03-23,Customer 3600,555-504-4473,customer3600@email.com,Hyundai,Elantra,2019,Black,Coupe,15488,2.0L I4,Automatic,47618,New,111,San Jose,True,5803,36
3601,2023-11-02,Customer 3601,555-746-7077,customer3601@email.com,Mercedes,E-Class,2024,Gray,Coupe,6413,2.0L I4,Manual,25478,Used,106,San Antonio,True,5264,72
3602,2023-11-10,Customer 3602,555-473-7478,customer3602@email.com,Ford,Escape,2024,Green,Truck,15901,3.6L V6,Manual,44185,Used,114,San Jose,True,6517,60
3603,2023-07-30,Customer 3603,555-750-9475,customer3603@email.com,Hyundai,Sonata,2019,Red,Truck,42247,2.0L I4,Automatic,27343,Used,116,Dallas,True,2767,60
3604,2024-01-04,Customer 3604,555-568-5094,customer3604@email.com,Ford,Mustang,2020,White,Sedan,9871,2.0L I4,CVT,39068,New,115,Dallas,False,0,0
3605,2023-11-24,Customer 3605,555-497-9144,customer3605@email.com,BMW,X5,2019,Silver,Coupe,33279,3.5L V6,Manual,56070,New,107,San Jose,False,0,0
3606,2023-05-10,Customer 3606,555-675-2618,customer3606@email.com,Ford,Mustang,2021,Blue,Truck,46765,2.0L I4,Automatic,35678,Used,108,Phoenix,True,4508,0
3607,2023-11-27,Customer 3607,555-344-4074,customer3607@email.com,Audi,Q5,2022,White,SUV,22489,2.5L I4,Manual,47422,Used,104,New York,True,2522,48
3608,2023-04-06,Customer 3608,555-582-9072,customer3608@email.com,Mercedes,C-Class,2018,Black,Sedan,5405,5.0L V8,CVT,52594,New,118,Chicago,False,0,0
3609,2023-01-02,Customer 3609,555-342-8020,customer3609@email.com,Honda,Civic,2021,Black,Truck,7141,3.6L V6,Automatic,55960,New,120,San Jose,True,1352,36
3610,2023-02-05,Customer 3610,555-378-7279,customer3610@email.com,Ford,Escape,2023,Green,SUV,24315,5.0L V8,CVT,42124,Used,112,San Diego,False,0,0
3611,2023-01-25,Customer 3611,555-737-2716,customer3611@email.com,Ford,F-150,2020,Silver,Coupe,56443,2.0L I4,Automatic,39913,Used,105,Philadelphia,True,5653,48
3612,2023-04-26,Customer 3612,555-955-1061,customer3612@email.com,Ford,F-150,2018,Green,Sedan,28823,5.0L V8,Manual,40205,New,114,Phoenix,True,1454,0
3613,2023-05-27,Customer 3613,555-974-8555,customer3613@email.com,Hyundai,Elantra,2023,White,Truck,15203,2.5L I4,CVT,45334,New,111,San Diego,True,8993,60
3614,2024-01-19,Customer 3614,555-967-9146,customer3614@email.com,Chevrolet,Traverse,2024,Gray,Coupe,22744,5.0L V8,Automatic,26524,New,116,Dallas,False,0,0
3615,2023-08-16,Customer 3615,555-388-3167,customer3615@email.com,Ford,F-150,2023,Blue,Coupe,45260,3.5L V6,Automatic,26523,Used,102,San Diego,True,3319,0
3616,2023-09-18,Customer 3616,555-876-3638,customer3616@email.com,Jeep,Wrangler,2022,White,Truck,28465,5.0L V8,CVT,50202,Used,116,Houston,False,0,0
3617,2023-05-26,Customer 3617,555-717-2948,customer3617@email.com,Chevrolet,Traverse,2021,Red,Coupe,9340,5.0L V8,Automatic,58020,New,119,Houston,True,11774,36
3618,2023-02-13,Customer 3618,555-183-2447,customer3618@email.com,Audi,A6,2022,Silver,SUV,58137,2.5L I4,Manual,39888,Used,110,San Diego,False,0,0
3619,2024-01-23,Customer 3619,555-127-1682,customer3619@email.com,Honda,Civic,2019,White,SUV,15624,3.6L V6,CVT,48691,Used,106,Philadelphia,False,0,0
3620,2023-02-03,Customer 3620,555-648-6395,customer3620@email.com,Nissan,Altima,2020,Gray,SUV,24389,3.5L V6,Automatic,48526,Used,113,Houston,False,0,0
3621,2023-10-26,Customer 3621,555-649-8207,customer3621@email.com,Nissan,Titan,2018,Blue,Sedan,16320,2.0L I4,Automatic,26995,Used,114,New York,False,0,0
3622,2023-05-15,Customer 3622,555-685-1880,customer3622@email.com,Jeep,Wrangler,2018,Black,SUV,45439,3.5L V6,Automatic,54099,New,113,Houston,True,8826,0
3623,2023-05-18,Customer 3623,555-988-8157,customer3623@email.com,BMW,X5,2020,White,Coupe,58021,2.0L I4,Manual,31982,New,103,Phoenix,True,100,0
3624,2023-03-21,Customer 3624,555-971-1966,customer3624@email.com,Chevrolet,Traverse,2018,Blue,Coupe,26826,5.0L V8,CVT,26050,Used,113,Phoenix,True,3087,0
3625,2024-01-23,Customer 3625,555-148-5748,customer3625@email.com,Jeep,Grand Cherokee,2021,Gray,Sedan,29590,2.0L I4,Automatic,39248,New,104,Dallas,True,5013,72
3626,2023-02-26,Customer 3626,555-892-9347,customer3626@email.com,BMW,X5,2018,Silver,Truck,49841,2.5L I4,CVT,55471,Used,103,Philadelphia,True,12979,0
3627,2023-03-16,Customer 3627,555-558-9997,customer3627@email.com,BMW,X5,2024,White,Coupe,16361,3.6L V6,CVT,43208,New,104,Chicago,False,0,0
3628,2023-09-10,Customer 3628,555-247-6484,customer3628@email.com,Hyundai,Tucson,2018,Blue,SUV,11514,3.6L V6,Manual,41155,Used,120,San Diego,False,0,0
3629,2023-06-13,Customer 3629,555-986-5791,customer3629@email.com,Ford,Escape,2019,Blue,SUV,50252,2.0L I4,CVT,34313,New,109,Houston,False,0,0
3630,2023-11-06,Customer 3630,555-363-4339,customer3630@email.com,Ford,F-150,2021,Silver,SUV,29725,2.5L I4,CVT,22631,Used,115,Chicago,True,1516,0
3631,2023-09-01,Customer 3631,555-363-9408,customer3631@email.com,BMW,X5,2020,White,Truck,58867,2.5L I4,Automatic,47723,New,101,Los Angeles,True,4138,48
3632,2023-09-15,Customer 3632,555-266-7240,customer3632@email.com,Honda,CR-V,2020,Silver,Truck,40237,2.5L I4,CVT,51979,New,120,San Antonio,False,0,0
3633,2023-07-05,Customer 3633,555-129-4891,customer3633@email.com,Ford,F-150,2021,Blue,SUV,36589,3.6L V6,CVT,52958,New,111,New York,False,0,0
3634,2023-07-01,Customer 3634,555-859-7588,customer3634@email.com,Honda,CR-V,2021,Red,Truck,33012,3.6L V6,CVT,59393,New,119,Houston,False,0,0
3635,2023-07-29,Customer 3635,555-339-4044,customer3635@email.com,Chevrolet,Equinox,2023,White,Coupe,37424,2.5L I4,CVT,17425,New,109,Los Angeles,False,0,0
3636,2023-06-28,Customer 3636,555-175-6490,customer3636@email.com,Honda,CR-V,2019,Black,SUV,39797,3.5L V6,CVT,41099,New,103,Houston,True,861,60
3637,2023-11-14,Customer 3637,555-543-2351,customer3637@email.com,Audi,A6,2023,Green,Sedan,26839,3.6L V6,Automatic,16238,New,112,Chicago,True,3604,48
3638,2023-03-06,Customer 3638,555-904-5408,customer3638@email.com,Mercedes,E-Class,2022,White,SUV,26144,2.0L I4,Manual,31424,New,111,Dallas,True,5605,60
3639,2024-01-04,Customer 3639,555-196-8741,customer3639@email.com,Jeep,Wrangler,2021,Black,Sedan,24445,5.0L V8,Automatic,23382,New,108,Phoenix,False,0,0
3640,2023-06-27,Customer 3640,555-158-5530,customer3640@email.com,Nissan,Altima,2023,Blue,Coupe,53946,2.0L I4,CVT,42170,New,110,Phoenix,False,0,0
3641,2023-03-27,Customer 3641,555-621-3593,customer3641@email.com,Toyota,Tacoma,2021,Green,Truck,13424,5.0L V8,Manual,24294,Used,111,Chicago,True,4266,72
3642,2023-12-26,Customer 3642,555-761-8308,customer3642@email.com,Nissan,Altima,2024,Blue,SUV,45617,3.5L V6,Manual,57690,Used,109,San Jose,False,0,0
3643,2023-11-20,Customer 3643,555-285-2787,customer3643@email.com,Honda,Civic,2018,Black,Coupe,25202,2.0L I4,Automatic,46758,New,118,San Jose,False,0,0
3644,2023-04-24,Customer 3644,555-690-7428,customer3644@email.com,Mercedes,C-Class,2021,Blue,Coupe,30691,3.6L V6,Automatic,35212,Used,120,San Diego,False,0,0
3645,2023-01-29,Customer 3645,555-686-3442,customer3645@email.com,Audi,A6,2024,Black,SUV,39890,3.5L V6,CVT,31883,Used,117,New York,False,0,0
3646,2023-10-03,Customer 3646,555-796-2829,customer3646@email.com,Ford,F-150,2019,Blue,SUV,50163,2.5L I4,Manual,33201,New,106,Dallas,True,6818,48
3647,2023-05-01,Customer 3647,555-662-9571,customer3647@email.com,Honda,Accord,2024,Green,SUV,48452,5.0L V8,Automatic,26014,New,109,San Diego,False,0,0
3648,2023-05-11,Customer 3648,555-110-2179,customer3648@email.com,Chevrolet,Traverse,2021,Black,Coupe,34706,3.6L V6,Manual,19583,Used,103,Chicago,False,0,0
3649,2023-08-26,Customer 3649,555-578-9154,customer3649@email.com,Mercedes,E-Class,2021,Green,Truck,27446,5.0L V8,Automatic,16112,Used,111,Phoenix,True,611,36
3650,2023-10-23,Customer 3650,555-109-2260,customer3650@email.com,Hyundai,Sonata,2023,White,Coupe,7859,3.5L V6,CVT,34908,Used,106,San Antonio,True,5020,48
3651,2023-11-08,Customer 3651,555-119-6392,customer3651@email.com,Mercedes,S-Class,2019,White,Sedan,10538,2.5L I4,CVT,31159,New,106,San Antonio,False,0,0
3652,2024-01-02,Customer 3652,555-165-6970,customer3652@email.com,Chevrolet,Silverado,2018,Blue,Sedan,49178,5.0L V8,Automatic,37598,Used,102,Phoenix,False,0,0
3653,2023-02-26,Customer 3653,555-710-2022,customer3653@email.com,Hyundai,Sonata,2020,Blue,SUV,11669,5.0L V8,Manual,41585,Used,116,San Antonio,True,1741,36
3654,2023-12-19,Customer 3654,555-633-7653,customer3654@email.com,Audi,A6,2020,Green,Coupe,19412,2.5L I4,Manual,22368,Used,115,San Jose,True,2667,72
3655,2023-01-10,Customer 3655,555-941-8020,customer3655@email.com,Jeep,Cherokee,2021,White,Coupe,50294,2.0L I4,CVT,54408,New,118,Los Angeles,False,0,0
3656,2023-05-21,Customer 3656,555-240-9118,customer3656@email.com,Hyundai,Tucson,2023,Red,Coupe,23028,2.0L I4,Automatic,20023,Used,101,Philadelphia,True,712,72
3657,2023-07-09,Customer 3657,555-859-4909,customer3657@email.com,Jeep,Cherokee,2023,Green,Truck,13230,3.6L V6,Manual,50626,New,104,San Jose,False,0,0
3658,2023-04-23,Customer 3658,555-553-6893,customer3658@email.com,Mercedes,E-Class,2024,Red,Sedan,52767,5.0L V8,Automatic,19378,Used,116,San Jose,False,0,0
3659,2023-12-11,Customer 3659,555-494-8307,customer3659@email.com,Jeep,Cherokee,2020,Black,Sedan,6374,2.0L I4,CVT,51448,Used,115,San Diego,True,2809,72
3660,2023-07-10,Customer 3660,555-551-2442,customer3660@email.com,Ford,Mustang,2021,Silver,Coupe,46967,2.5L I4,CVT,51834,Used,104,Philadelphia,True,7684,0
3661,2023-12-28,Customer 3661,555-415-5417,customer3661@email.com,Jeep,Grand Cherokee,2019,Green,Truck,28090,3.6L V6,Manual,47295,Used,108,Chicago,False,0,0
3662,2023-07-06,Customer 3662,555-858-9861,customer3662@email.com,Audi,A4,2020,Gray,Coupe,59391,2.5L I4,Manual,34841,Used,106,Chicago,True,5022,72
3663,2023-05-23,Customer 3663,555-285-6483,customer3663@email.com,Toyota,RAV4,2024,Black,Truck,30842,2.5L I4,CVT,21290,New,112,Dallas,False,0,0
3664,2023-03-12,Customer 3664,555-736-5117,customer3664@email.com,Mercedes,E-Class,2018,Green,Sedan,19325,3.6L V6,Manual,59227,Used,116,Dallas,False,0,0
3665,2023-12-17,Customer 3665,555-212-3932,customer3665@email.com,Audi,A4,2020,Black,Truck,5276,3.5L V6,Automatic,36034,New,110,San Antonio,True,592,48
3666,2023-06-09,Customer 3666,555-534-2454,customer3666@email.com,BMW,X5,2020,Silver,Sedan,11172,5.0L V8,CVT,31001,Used,102,Houston,True,3482,72
3667,2023-08-13,Customer 3667,555-988-8807,customer3667@email.com,Mercedes,S-Class,2020,Black,SUV,53563,5.0L V8,Manual,54051,New,117,San Diego,True,1653,48
3668,2023-06-21,Customer 3668,555-105-3032,customer3668@email.com,Nissan,Titan,2022,White,Coupe,43456,3.5L V6,Automatic,24610,Used,107,San Jose,True,5085,60
3669,2023-04-27,Customer 3669,555-531-6853,customer3669@email.com,Hyundai,Sonata,2024,White,Coupe,35471,3.6L V6,Manual,52192,Used,117,Phoenix,False,0,0
3670,2023-05-22,Customer 3670,555-101-4401,customer3670@email.com,Ford,Escape,2018,Blue,SUV,38836,3.6L V6,CVT,34130,Used,101,San Diego,False,0,0
3671,2023-09-23,Customer 3671,555-356-5043,customer3671@email.com,Toyota,Camry,2023,Gray,Truck,45871,2.0L I4,CVT,15720,Used,107,Los Angeles,False,0,0
3672,2023-08-21,Customer 3672,555-152-2427,customer3672@email.com,Honda,Accord,2019,Gray,Coupe,25729,2.0L I4,Automatic,17286,Used,106,San Antonio,False,0,0
3673,2023-08-04,Customer 3673,555-588-6115,customer3673@email.com,Nissan,Titan,2024,Black,Sedan,7234,3.5L V6,Automatic,50478,New,103,New York,True,10965,48
3674,2023-05-01,Customer 3674,555-760-8479,customer3674@email.com,Toyota,Tacoma,2020,Black,Coupe,45214,5.0L V8,CVT,52786,New,116,Los Angeles,True,3976,36
3675,2023-08-12,Customer 3675,555-614-9607,customer3675@email.com,Chevrolet,Traverse,2018,Silver,Coupe,22826,2.5L I4,CVT,27174,New,103,Philadelphia,False,0,0
3676,2023-08-06,Customer 3676,555-837-4061,customer3676@email.com,Toyota,Tacoma,2020,Green,Coupe,50456,3.6L V6,Automatic,41316,Used,101,Dallas,True,5397,60
3677,2023-05-27,Customer 3677,555-553-1114,customer3677@email.com,Mercedes,E-Class,2022,White,Truck,9464,3.5L V6,Manual,32632,Used,102,Chicago,False,0,0
3678,2023-04-22,Customer 3678,555-195-3943,customer3678@email.com,Honda,Civic,2023,Green,Sedan,59660,2.5L I4,Manual,15010,Used,111,New York,True,3423,0
3679,2023-10-20,Customer 3679,555-780-6280,customer3679@email.com,Audi,A4,2018,Green,Sedan,7367,5.0L V8,Manual,49282,Used,104,Los Angeles,False,0,0
3680,2023-02-05,Customer 3680,555-193-1151,customer3680@email.com,Nissan,Rogue,2021,Blue,Truck,17251,5.0L V8,Automatic,45808,New,101,Philadelphia,False,0,0
3681,2023-01-15,Customer 3681,555-835-1515,customer3681@email.com,Hyundai,Tucson,2024,Red,SUV,38951,3.6L V6,CVT,52271,Used,108,San Diego,False,0,0
3682,2023-12-03,Customer 3682,555-933-7966,customer3682@email.com,BMW,3 Series,2021,Red,SUV,46784,3.6L V6,Automatic,33503,Used,102,San Jose,True,8039,48
3683,2023-09-12,Customer 3683,555-124-9319,customer3683@email.com,Chevrolet,Traverse,2019,Green,Truck,9311,2.5L I4,Automatic,18250,New,101,Houston,True,4020,48
3684,2023-04-21,Customer 3684,555-459-7034,customer3684@email.com,BMW,5 Series,2022,Silver,Sedan,10584,2.5L I4,Automatic,53589,Used,106,Dallas,False,0,0
3685,2023-07-25,Customer 3685,555-904-3818,customer3685@email.com,BMW,3 Series,2023,Silver,Truck,27990,3.5L V6,Manual,52653,New,114,San Diego,False,0,0
3686,2023-11-18,Customer 3686,555-673-7754,customer3686@email.com,Hyundai,Elantra,2020,Silver,Coupe,45827,2.5L I4,Manual,33230,New,115,San Antonio,True,438,48
3687,2023-02-11,Customer 3687,555-517-3897,customer3687@email.com,Mercedes,C-Class,2020,Black,SUV,16189,3.5L V6,Automatic,52957,Used,117,Phoenix,False,0,0
3688,2023-11-29,Customer 3688,555-299-4182,customer3688@email.com,Chevrolet,Silverado,2021,Blue,Sedan,43832,2.5L I4,Manual,46144,Used,106,Los Angeles,True,7241,72
3689,2023-01-28,Customer 3689,555-613-8581,customer3689@email.com,Toyota,Tacoma,2020,Blue,SUV,34436,5.0L V8,Manual,48739,Used,104,Dallas,True,10776,60
3690,2024-01-15,Customer 3690,555-765-4919,customer3690@email.com,Toyota,RAV4,2022,Black,Coupe,29078,3.5L V6,Automatic,17191,Used,102,Houston,False,0,0
3691,2023-12-03,Customer 3691,555-760-2747,customer3691@email.com,Hyundai,Elantra,2021,Blue,Coupe,12924,2.5L I4,Automatic,41949,New,105,Los Angeles,False,0,0
3692,2023-05-02,Customer 3692,555-825-6602,customer3692@email.com,Chevrolet,Silverado,2024,Silver,SUV,30309,2.0L I4,Manual,28068,New,117,San Antonio,False,0,0
3693,2023-04-05,Customer 3693,555-979-2649,customer3693@email.com,Nissan,Titan,2024,Gray,Coupe,5994,5.0L V8,Manual,57373,Used,115,San Antonio,False,0,0
3694,2023-02-28,Customer 3694,555-398-2878,customer3694@email.com,Audi,A4,2022,Red,Truck,53850,2.5L I4,Manual,15032,Used,102,Los Angeles,False,0,0
3695,2023-04-08,Customer 3695,555-654-6048,customer3695@email.com,Honda,CR-V,2023,White,Sedan,23396,3.6L V6,Automatic,35073,New,104,Chicago,False,0,0
3696,2023-10-03,Customer 3696,555-516-6652,customer3696@email.com,Hyundai,Sonata,2019,Blue,Coupe,41039,5.0L V8,Manual,50518,New,117,Philadelphia,False,0,0
3697,2023-11-29,Customer 3697,555-306-5444,customer3697@email.com,Jeep,Cherokee,2021,Green,Sedan,10358,2.0L I4,Automatic,35923,Used,111,New York,True,3452,60
3698,2024-01-08,Customer 3698,555-673-4899,customer3698@email.com,Nissan,Titan,2024,Red,Coupe,18936,3.6L V6,CVT,30305,Used,114,San Diego,True,5644,72
3699,2023-02-09,Customer 3699,555-527-4965,customer3699@email.com,BMW,3 Series,2018,Red,SUV,52043,2.0L I4,Manual,34008,New,106,San Antonio,False,0,0
3700,2023-09-10,Customer 3700,555-853-4796,customer3700@email.com,Mercedes,C-Class,2021,Green,Truck,58019,2.5L I4,CVT,27387,New,111,Chicago,False,0,0
3701,2023-10-19,Customer 3701,555-117-9585,customer3701@email.com,BMW,3 Series,2023,Green,Sedan,29959,3.6L V6,Manual,33797,Used,104,San Antonio,True,3934,72
3702,2023-09-18,Customer 3702,555-539-9764,customer3702@email.com,BMW,X5,2023,Red,Sedan,58692,5.0L V8,Manual,46126,New,101,San Jose,False,0,0
3703,2023-04-29,Customer 3703,555-624-1578,customer3703@email.com,Ford,Escape,2023,Green,SUV,18915,3.6L V6,CVT,43896,Used,106,Chicago,True,7599,60
3704,2023-06-15,Customer 3704,555-997-9077,customer3704@email.com,BMW,3 Series,2019,Gray,Sedan,37557,5.0L V8,Manual,36252,Used,116,New York,True,6675,72
3705,2023-10-05,Customer 3705,555-195-5042,customer3705@email.com,Honda,Civic,2022,Red,Truck,51802,3.6L V6,Manual,39237,Used,117,Philadelphia,True,9615,36
3706,2023-01-07,Customer 3706,555-922-8421,customer3706@email.com,Ford,Mustang,2020,Blue,SUV,22723,3.6L V6,CVT,22449,Used,107,New York,False,0,0
3707,2023-03-21,Customer 3707,555-437-5425,customer3707@email.com,Ford,Escape,2024,Blue,SUV,24235,3.6L V6,Manual,39936,Used,120,Chicago,True,4679,72
3708,2023-04-14,Customer 3708,555-393-4622,customer3708@email.com,Toyota,Tacoma,2022,Gray,SUV,21108,2.5L I4,Manual,52235,Used,107,Chicago,False,0,0
3709,2023-01-24,Customer 3709,555-685-5949,customer3709@email.com,Jeep,Cherokee,2018,Gray,Sedan,45452,3.5L V6,CVT,52669,Used,115,Phoenix,True,8237,0
3710,2023-04-20,Customer 3710,555-981-6939,customer3710@email.com,Nissan,Titan,2022,Gray,SUV,40765,5.0L V8,Automatic,34141,Used,114,Phoenix,False,0,0
3711,2023-03-14,Customer 3711,555-253-5913,customer3711@email.com,Ford,F-150,2024,Red,Truck,27559,2.0L I4,CVT,56663,New,120,Houston,False,0,0
3712,2023-08-18,Customer 3712,555-395-8444,customer3712@email.com,Honda,CR-V,2019,Blue,Coupe,16304,3.5L V6,Automatic,58735,Used,108,Chicago,True,13896,48
3713,2023-10-10,Customer 3713,555-357-1019,customer3713@email.com,Jeep,Cherokee,2022,Green,SUV,15741,3.5L V6,Automatic,30764,New,104,Phoenix,False,0,0
3714,2023-07-07,Customer 3714,555-374-7629,customer3714@email.com,Chevrolet,Equinox,2024,Blue,Truck,51704,2.5L I4,Manual,54451,New,107,Houston,False,0,0
3715,2023-02-12,Customer 3715,555-607-1338,customer3715@email.com,Toyota,RAV4,2019,Silver,Sedan,46587,5.0L V8,Manual,19179,Used,103,Dallas,False,0,0
3716,2023-07-30,Customer 3716,555-527-9862,customer3716@email.com,Nissan,Altima,2019,Red,Coupe,40760,3.6L V6,Manual,33746,New,102,New York,False,0,0
3717,2023-08-08,Customer 3717,555-397-3326,customer3717@email.com,BMW,5 Series,2020,White,Truck,14868,3.6L V6,Manual,41651,Used,111,San Jose,True,6570,0
3718,2023-04-29,Customer 3718,555-541-7803,customer3718@email.com,Nissan,Rogue,2022,Green,Truck,58924,2.0L I4,CVT,44092,Used,109,Houston,False,0,0
3719,2023-12-08,Customer 3719,555-365-9887,customer3719@email.com,Audi,A4,2020,Black,Coupe,14289,3.6L V6,Manual,16792,New,118,San Antonio,True,2958,72
3720,2023-01-25,Customer 3720,555-337-5231,customer3720@email.com,Toyota,Camry,2022,Gray,SUV,39970,5.0L V8,Manual,27738,New,112,San Jose,False,0,0
3721,2023-08-30,Customer 3721,555-645-6316,customer3721@email.com,Hyundai,Sonata,2023,Gray,Truck,52218,5.0L V8,Automatic,56326,Used,120,San Diego,True,6408,36
3722,2023-09-05,Customer 3722,555-343-2626,customer3722@email.com,Toyota,RAV4,2023,Red,Coupe,37527,3.6L V6,Automatic,33234,New,109,San Antonio,True,2505,60
3723,2023-04-27,Customer 3723,555-632-6912,customer3723@email.com,Audi,A6,2021,Gray,Sedan,8186,5.0L V8,CVT,30861,Used,111,Phoenix,False,0,0
3724,2023-05-03,Customer 3724,555-389-9149,customer3724@email.com,Mercedes,E-Class,2020,Green,Sedan,26980,5.0L V8,CVT,16374,New,119,Philadelphia,True,1917,48
3725,2023-07-28,Customer 3725,555-294-1279,customer3725@email.com,Nissan,Rogue,2023,Black,Sedan,24822,2.0L I4,CVT,55401,New,101,Philadelphia,False,0,0
3726,2023-08-18,Customer 3726,555-950-4202,customer3726@email.com,BMW,5 Series,2022,Silver,Truck,36544,3.5L V6,CVT,49781,New,116,San Antonio,False,0,0
3727,2023-06-30,Customer 3727,555-974-5068,customer3727@email.com,Chevrolet,Traverse,2024,White,Truck,37787,2.0L I4,Automatic,59966,Used,119,Phoenix,False,0,0
3728,2023-06-08,Customer 3728,555-550-5860,customer3728@email.com,Audi,Q5,2020,Red,Sedan,47547,2.5L I4,Automatic,51279,New,114,San Antonio,True,9067,36
3729,2023-02-23,Customer 3729,555-986-3850,customer3729@email.com,Mercedes,S-Class,2021,Silver,Sedan,16912,3.5L V6,Automatic,49410,Used,107,Dallas,True,574,60
3730,2023-06-28,Customer 3730,555-823-8054,customer3730@email.com,Toyota,RAV4,2023,Black,SUV,14390,5.0L V8,Automatic,41876,New,110,Houston,True,9511,72
3731,2023-03-26,Customer 3731,555-271-7151,customer3731@email.com,BMW,5 Series,2021,Green,Coupe,6964,3.6L V6,Automatic,38829,New,102,San Jose,False,0,0
3732,2023-04-12,Customer 3732,555-378-5823,customer3732@email.com,Jeep,Wrangler,2018,Blue,Truck,29106,2.0L I4,CVT,26983,Used,113,San Diego,True,1048,48
3733,2023-03-05,Customer 3733,555-657-7104,customer3733@email.com,Chevrolet,Silverado,2019,Blue,Sedan,7508,5.0L V8,Automatic,26948,New,115,Phoenix,True,1203,0
3734,2023-06-29,Customer 3734,555-291-7960,customer3734@email.com,Toyota,Camry,2020,Blue,SUV,31238,3.5L V6,CVT,27124,Used,116,New York,True,1555,72
3735,2024-01-21,Customer 3735,555-830-3140,customer3735@email.com,Honda,Accord,2019,Green,Coupe,41680,2.5L I4,Automatic,35129,New,118,San Jose,False,0,0
3736,2023-03-22,Customer 3736,555-801-3332,customer3736@email.com,Jeep,Wrangler,2024,Silver,Truck,32109,5.0L V8,CVT,42161,New,107,Phoenix,True,8462,72
3737,2024-01-20,Customer 3737,555-402-1669,customer3737@email.com,Ford,F-150,2020,White,Sedan,20656,5.0L V8,Manual,23252,New,117,Philadelphia,True,3584,72
3738,2023-03-19,Customer 3738,555-702-2189,customer3738@email.com,Nissan,Rogue,2020,Red,Truck,15109,3.5L V6,Automatic,54849,Used,120,Phoenix,True,2783,60
3739,2023-03-12,Customer 3739,555-638-7024,customer3739@email.com,Jeep,Wrangler,2021,Black,Coupe,19549,5.0L V8,Automatic,19647,Used,120,San Antonio,True,4734,36
3740,2023-04-12,Customer 3740,555-909-4787,customer3740@email.com,Nissan,Titan,2019,Green,SUV,6774,2.5L I4,Automatic,50968,New,102,San Jose,False,0,0
3741,2023-12-14,Customer 3741,555-653-8525,customer3741@email.com,BMW,3 Series,2020,Red,Sedan,5209,3.5L V6,Manual,39300,Used,107,Los Angeles,True,5270,72
3742,2023-10-27,Customer 3742,555-810-5541,customer3742@email.com,Ford,Mustang,2019,White,SUV,58186,2.0L I4,Manual,36962,Used,109,Philadelphia,False,0,0
3743,2023-07-24,Customer 3743,555-979-6792,customer3743@email.com,Chevrolet,Equinox,2021,Black,Truck,7058,5.0L V8,CVT,41128,Used,120,Dallas,True,5463,60
3744,2023-09-19,Customer 3744,555-575-3874,customer3744@email.com,Jeep,Grand Cherokee,2021,Green,Sedan,59621,2.5L I4,Automatic,54580,New,107,Los Angeles,True,10018,48
3745,2023-02-05,Customer 3745,555-531-8039,customer3745@email.com,Jeep,Cherokee,2021,Gray,Coupe,58326,2.5L I4,Manual,24442,New,118,Chicago,False,0,0
3746,2024-01-18,Customer 3746,555-512-7468,customer3746@email.com,Mercedes,C-Class,2022,Red,Coupe,47645,2.5L I4,Manual,53426,New,106,San Antonio,False,0,0
3747,2023-03-11,Customer 3747,555-731-9575,customer3747@email.com,Honda,Civic,2019,Red,Sedan,51752,3.5L V6,Manual,44011,Used,115,New York,False,0,0
3748,2023-10-06,Customer 3748,555-143-3450,customer3748@email.com,Audi,Q5,2020,Red,SUV,35164,3.5L V6,CVT,59308,Used,110,Houston,False,0,0
3749,2023-07-26,Customer 3749,555-272-1030,customer3749@email.com,Hyundai,Elantra,2022,Silver,Truck,7070,2.5L I4,Manual,30056,Used,107,San Jose,True,4152,60
3750,2023-10-25,Customer 3750,555-699-5201,customer3750@email.com,Nissan,Altima,2021,Silver,Coupe,51263,5.0L V8,CVT,54626,Used,105,Phoenix,False,0,0
3751,2023-11-28,Customer 3751,555-877-3834,customer3751@email.com,Ford,Escape,2022,Black,Truck,46106,3.5L V6,Manual,56294,Used,104,Los Angeles,True,3844,48
3752,2023-08-15,Customer 3752,555-475-7998,customer3752@email.com,Mercedes,S-Class,2021,Red,Coupe,29284,3.5L V6,Manual,15544,New,115,New York,True,1790,48
3753,2023-08-27,Customer 3753,555-165-7596,customer3753@email.com,Ford,F-150,2018,Silver,Sedan,13830,2.5L I4,Automatic,24101,Used,107,Dallas,True,5247,48
3754,2023-06-02,Customer 3754,555-797-2334,customer3754@email.com,Toyota,RAV4,2020,White,SUV,43395,3.5L V6,CVT,42763,New,112,Phoenix,True,5536,48
3755,2023-04-03,Customer 3755,555-708-3673,customer3755@email.com,Chevrolet,Equinox,2020,Blue,Sedan,52196,2.0L I4,Automatic,19833,Used,107,Dallas,True,1930,48
3756,2023-09-19,Customer 3756,555-845-3959,customer3756@email.com,Hyundai,Tucson,2022,Black,Truck,23601,5.0L V8,Automatic,41951,New,106,San Jose,True,1129,60
3757,2023-07-10,Customer 3757,555-265-1608,customer3757@email.com,BMW,X5,2022,Gray,Sedan,39488,5.0L V8,Automatic,47645,New,107,New York,True,294,72
3758,2023-08-02,Customer 3758,555-547-9613,customer3758@email.com,Audi,A4,2020,Black,SUV,25124,3.6L V6,Manual,31155,Used,107,Chicago,True,4288,48
3759,2024-01-20,Customer 3759,555-173-3098,customer3759@email.com,Toyota,RAV4,2022,Green,Sedan,39802,3.5L V6,Automatic,19229,Used,114,New York,False,0,0
3760,2023-12-31,Customer 3760,555-326-3814,customer3760@email.com,BMW,5 Series,2020,Green,Truck,40121,2.0L I4,Automatic,21432,Used,118,San Antonio,False,0,0
3761,2024-01-19,Customer 3761,555-178-5528,customer3761@email.com,BMW,3 Series,2023,Blue,Truck,41251,2.0L I4,Automatic,57012,Used,104,Los Angeles,False,0,0
3762,2023-10-03,Customer 3762,555-476-4211,customer3762@email.com,Toyota,Tacoma,2020,Green,Sedan,18354,3.5L V6,CVT,38261,New,109,San Jose,False,0,0
3763,2023-09-28,Customer 3763,555-424-4278,customer3763@email.com,Ford,Escape,2021,Green,SUV,16402,2.5L I4,Automatic,48787,Used,116,Chicago,False,0,0
3764,2023-07-06,Customer 3764,555-242-6887,customer3764@email.com,Jeep,Wrangler,2023,Gray,SUV,59246,3.6L V6,Manual,33172,Used,115,Los Angeles,True,6358,72
3765,2023-07-16,Customer 3765,555-474-7101,customer3765@email.com,Ford,Mustang,2020,Blue,Sedan,44241,5.0L V8,Automatic,23820,Used,108,Phoenix,False,0,0
3766,2023-12-16,Customer 3766,555-960-6529,customer3766@email.com,Chevrolet,Silverado,2022,Red,Truck,23028,2.0L I4,CVT,28044,New,115,San Jose,False,0,0
3767,2023-04-28,Customer 3767,555-240-3858,customer3767@email.com,Hyundai,Sonata,2023,Green,Truck,53910,3.5L V6,CVT,24903,Used,107,Los Angeles,True,77,36
3768,2023-05-05,Customer 3768,555-726-1001,customer3768@email.com,Chevrolet,Traverse,2021,Silver,Coupe,28271,2.0L I4,Automatic,17395,New,112,Chicago,True,1432,72
3769,2023-05-10,Customer 3769,555-161-4967,customer3769@email.com,Nissan,Rogue,2022,Green,Coupe,11803,5.0L V8,Manual,17489,Used,116,San Antonio,True,3531,60
3770,2023-11-03,Customer 3770,555-384-6203,customer3770@email.com,Ford,Mustang,2019,Black,Sedan,42521,2.0L I4,CVT,28252,New,116,San Antonio,False,0,0
3771,2023-07-29,Customer 3771,555-524-1923,customer3771@email.com,Mercedes,S-Class,2020,Black,Truck,8947,2.0L I4,CVT,56783,Used,114,Chicago,True,7072,36
3772,2023-05-30,Customer 3772,555-708-9941,customer3772@email.com,Honda,Civic,2023,Green,SUV,32893,3.6L V6,Manual,21038,Used,117,San Diego,True,4865,60
3773,2023-09-04,Customer 3773,555-785-6482,customer3773@email.com,Honda,Civic,2020,Silver,SUV,47520,2.0L I4,CVT,51359,New,104,New York,False,0,0
3774,2023-03-13,Customer 3774,555-830-2493,customer3774@email.com,Honda,Accord,2020,Red,Coupe,12199,2.5L I4,CVT,25829,Used,111,Houston,True,1486,36
3775,2023-04-24,Customer 3775,555-173-4984,customer3775@email.com,Toyota,Camry,2024,Silver,Truck,4404,2.5L I4,CVT,39672,Used,115,Phoenix,False,0,0
3776,2023-05-01,Customer 3776,555-998-5129,customer3776@email.com,BMW,3 Series,2022,White,Truck,15766,5.0L V8,Automatic,39866,New,105,San Diego,False,0,0
3777,2023-01-18,Customer 3777,555-607-3289,customer3777@email.com,BMW,X5,2020,Silver,SUV,12687,2.5L I4,Automatic,51041,Used,108,Houston,True,112,72
3778,2023-07-09,Customer 3778,555-246-7690,customer3778@email.com,Audi,A6,2021,Gray,Truck,25015,3.5L V6,Automatic,30353,New,103,Chicago,False,0,0
3779,2023-09-11,Customer 3779,555-626-4860,customer3779@email.com,Nissan,Titan,2018,Red,Coupe,44302,3.5L V6,CVT,23209,New,108,Dallas,True,5071,48
3780,2023-02-22,Customer 3780,555-895-9128,customer3780@email.com,Mercedes,E-Class,2020,White,Coupe,32012,2.5L I4,CVT,27163,New,112,Chicago,True,781,60
3781,2023-02-15,Customer 3781,555-698-5577,customer3781@email.com,Honda,CR-V,2024,White,Sedan,56139,2.0L I4,Manual,30187,New,105,Dallas,True,7306,60
3782,2023-10-26,Customer 3782,555-314-4871,customer3782@email.com,Mercedes,S-Class,2019,Green,SUV,58265,3.6L V6,Automatic,30529,Used,116,San Jose,False,0,0
3783,2023-07-07,Customer 3783,555-131-9453,customer3783@email.com,Audi,A6,2023,Black,Coupe,57952,2.0L I4,Manual,18489,New,117,Philadelphia,False,0,0
3784,2023-08-11,Customer 3784,555-389-3373,customer3784@email.com,Jeep,Cherokee,2021,Gray,Truck,26392,5.0L V8,Manual,36905,Used,111,Los Angeles,True,6172,60
3785,2023-07-08,Customer 3785,555-913-5498,customer3785@email.com,Hyundai,Elantra,2020,Red,SUV,59190,5.0L V8,CVT,24425,New,114,Phoenix,True,1654,36
3786,2023-10-20,Customer 3786,555-691-4296,customer3786@email.com,Mercedes,C-Class,2021,White,Coupe,7867,3.5L V6,Automatic,29045,New,107,New York,False,0,0
3787,2023-07-16,Customer 3787,555-604-7606,customer3787@email.com,Jeep,Cherokee,2023,Red,SUV,52715,3.6L V6,Automatic,28068,New,112,New York,False,0,0
3788,2023-06-30,Customer 3788,555-657-3229,customer3788@email.com,Chevrolet,Silverado,2024,Silver,SUV,30710,2.5L I4,Manual,32790,New,101,Philadelphia,True,4992,72
3789,2023-11-19,Customer 3789,555-204-1152,customer3789@email.com,BMW,3 Series,2019,White,Coupe,38336,5.0L V8,Automatic,51538,New,107,San Diego,True,3893,36
3790,2023-08-24,Customer 3790,555-207-7101,customer3790@email.com,Chevrolet,Traverse,2019,Gray,Sedan,21100,2.0L I4,Automatic,16562,Used,102,Chicago,False,0,0
3791,2023-07-18,Customer 3791,555-940-3766,customer3791@email.com,Nissan,Rogue,2020,White,SUV,58908,5.0L V8,Manual,17847,New,104,San Jose,True,854,72
3792,2023-12-24,Customer 3792,555-784-3868,customer3792@email.com,Chevrolet,Equinox,2024,Gray,SUV,39833,2.5L I4,Automatic,38120,New,102,Chicago,False,0,0
3793,2023-04-01,Customer 3793,555-339-8571,customer3793@email.com,Chevrolet,Traverse,2021,Red,SUV,39702,2.0L I4,Automatic,42897,Used,120,San Antonio,True,10709,36
3794,2023-01-16,Customer 3794,555-933-6346,customer3794@email.com,Hyundai,Elantra,2021,Blue,Truck,57216,3.5L V6,CVT,56595,New,103,San Diego,True,7052,0
3795,2023-07-24,Customer 3795,555-907-9324,customer3795@email.com,Ford,F-150,2018,White,Coupe,44900,3.6L V6,Automatic,53868,Used,119,Houston,True,1624,60
3796,2023-09-21,Customer 3796,555-896-1972,customer3796@email.com,Jeep,Wrangler,2018,Green,Coupe,5291,2.5L I4,CVT,38426,New,111,Houston,True,3799,36
3797,2023-07-29,Customer 3797,555-887-2896,customer3797@email.com,Toyota,Camry,2024,Blue,SUV,8439,2.0L I4,CVT,24868,New,118,Houston,True,4715,0
3798,2023-11-01,Customer 3798,555-401-3156,customer3798@email.com,BMW,5 Series,2023,Blue,Truck,34398,3.6L V6,Manual,52878,New,108,Houston,True,473,72
3799,2023-05-09,Customer 3799,555-345-5378,customer3799@email.com,BMW,3 Series,2020,Red,SUV,31925,3.6L V6,Manual,39489,New,110,San Diego,True,9064,36
3800,2023-01-22,Customer 3800,555-187-8157,customer3800@email.com,BMW,5 Series,2022,Black,SUV,30485,3.5L V6,CVT,41832,Used,109,San Antonio,False,0,0
3801,2023-02-18,Customer 3801,555-937-3337,customer3801@email.com,BMW,5 Series,2020,White,Truck,21129,3.5L V6,Manual,45590,Used,108,New York,True,1049,60
3802,2023-06-19,Customer 3802,555-487-6019,customer3802@email.com,Mercedes,E-Class,2018,Red,Coupe,48250,5.0L V8,Manual,45556,New,119,Los Angeles,True,4123,60
3803,2023-01-06,Customer 3803,555-559-5884,customer3803@email.com,BMW,5 Series,2021,White,Sedan,18677,3.5L V6,Manual,26529,New,110,Phoenix,True,2323,48
3804,2023-10-17,Customer 3804,555-325-2862,customer3804@email.com,Toyota,RAV4,2024,Green,Sedan,40515,3.6L V6,Manual,24329,New,101,Houston,True,3005,48
3805,2023-01-11,Customer 3805,555-881-1618,customer3805@email.com,Jeep,Grand Cherokee,2023,White,Truck,53241,5.0L V8,Automatic,17324,New,108,San Jose,True,2193,60
3806,2023-12-08,Customer 3806,555-287-3334,customer3806@email.com,Toyota,Camry,2020,Black,Coupe,54049,3.6L V6,CVT,23091,Used,104,Phoenix,False,0,0
3807,2023-09-24,Customer 3807,555-482-5275,customer3807@email.com,Honda,Accord,2020,Red,Coupe,35963,5.0L V8,Manual,36650,New,118,San Jose,False,0,0
3808,2023-01-09,Customer 3808,555-758-3809,customer3808@email.com,Hyundai,Elantra,2021,Green,SUV,18702,3.6L V6,Automatic,41386,New,117,Dallas,True,2355,48
3809,2023-09-22,Customer 3809,555-905-9770,customer3809@email.com,Jeep,Wrangler,2024,Green,Coupe,7357,3.5L V6,CVT,37352,New,112,San Jose,False,0,0
3810,2023-06-18,Customer 3810,555-354-4032,customer3810@email.com,Hyundai,Sonata,2020,Silver,SUV,49524,5.0L V8,Automatic,46317,New,101,Philadelphia,True,11182,0
3811,2023-03-27,Customer 3811,555-301-2811,customer3811@email.com,Jeep,Wrangler,2023,Blue,Sedan,32376,2.0L I4,Automatic,37593,Used,111,Phoenix,True,8216,60
3812,2023-04-13,Customer 3812,555-140-5775,customer3812@email.com,Hyundai,Tucson,2022,Silver,Truck,15546,3.5L V6,Automatic,38204,Used,104,Philadelphia,False,0,0
3813,2023-12-04,Customer 3813,555-605-7037,customer3813@email.com,Audi,A4,2020,White,Sedan,34960,2.0L I4,Automatic,42410,New,114,New York,True,10394,48
3814,2023-12-09,Customer 3814,555-312-8678,customer3814@email.com,Audi,A6,2021,Green,Truck,9363,3.6L V6,Automatic,37400,New,106,Houston,False,0,0
3815,2023-02-19,Customer 3815,555-970-6834,customer3815@email.com,Chevrolet,Silverado,2024,Black,Truck,12419,3.5L V6,Automatic,56810,Used,110,San Antonio,True,6551,0
3816,2023-09-22,Customer 3816,555-634-3335,customer3816@email.com,Nissan,Titan,2023,Green,Truck,19887,3.5L V6,CVT,45331,Used,110,Philadelphia,False,0,0
3817,2024-01-18,Customer 3817,555-766-3630,customer3817@email.com,Ford,Escape,2018,Black,Coupe,31385,2.0L I4,CVT,18579,New,110,San Antonio,True,2194,0
3818,2023-10-24,Customer 3818,555-355-9207,customer3818@email.com,BMW,5 Series,2022,White,Truck,51987,5.0L V8,Automatic,33780,New,114,San Jose,True,1893,72
3819,2023-01-02,Customer 3819,555-876-6017,customer3819@email.com,Toyota,Camry,2023,Green,Truck,18170,5.0L V8,Automatic,36281,New,108,Philadelphia,False,0,0
3820,2023-04-16,Customer 3820,555-684-1765,customer3820@email.com,Audi,Q5,2024,Red,Coupe,51747,2.0L I4,Automatic,27588,Used,107,Dallas,True,5926,0
3821,2023-03-26,Customer 3821,555-649-7345,customer3821@email.com,Chevrolet,Traverse,2018,Silver,Coupe,7655,5.0L V8,CVT,27205,New,115,Houston,True,2578,0
3822,2023-08-08,Customer 3822,555-496-9462,customer3822@email.com,Hyundai,Sonata,2024,White,Coupe,47934,3.5L V6,Manual,28523,Used,104,Chicago,False,0,0
3823,2023-01-28,Customer 3823,555-925-7141,customer3823@email.com,Hyundai,Tucson,2022,Silver,SUV,43282,3.6L V6,Manual,55899,New,115,Philadelphia,False,0,0
3824,2023-07-06,Customer 3824,555-257-9727,customer3824@email.com,Nissan,Altima,2021,Green,Coupe,58283,2.5L I4,Manual,25461,New,105,Houston,True,4432,48
3825,2023-12-16,Customer 3825,555-394-1564,customer3825@email.com,Toyota,Camry,2018,Silver,Coupe,44792,2.0L I4,Automatic,42485,Used,112,San Diego,False,0,0
3826,2023-09-09,Customer 3826,555-656-8477,customer3826@email.com,Audi,Q5,2024,Green,SUV,3147,2.0L I4,Automatic,55288,New,110,Philadelphia,True,2300,36
3827,2023-11-30,Customer 3827,555-811-5825,customer3827@email.com,Toyota,Tacoma,2021,Green,Truck,37242,3.6L V6,Automatic,37199,New,115,Chicago,True,8165,0
3828,2023-05-18,Customer 3828,555-950-5050,customer3828@email.com,Honda,Civic,2023,Blue,SUV,55805,2.0L I4,Manual,51880,New,113,San Antonio,True,2046,36
3829,2023-04-16,Customer 3829,555-464-7369,customer3829@email.com,Ford,Escape,2022,Green,SUV,49657,3.5L V6,Manual,24445,Used,114,Dallas,False,0,0
3830,2023-08-02,Customer 3830,555-450-3059,customer3830@email.com,Jeep,Cherokee,2018,Red,Truck,6003,5.0L V8,Automatic,34239,Used,102,Philadelphia,False,0,0
3831,2023-08-26,Customer 3831,555-468-1443,customer3831@email.com,Audi,A6,2023,Red,Truck,32790,5.0L V8,Manual,38569,New,120,New York,False,0,0
3832,2023-11-28,Customer 3832,555-547-7273,customer3832@email.com,Toyota,Tacoma,2024,Red,Sedan,53245,3.6L V6,CVT,41606,Used,106,Chicago,True,8354,60
3833,2023-11-16,Customer 3833,555-181-9955,customer3833@email.com,Hyundai,Sonata,2020,Black,Coupe,11885,3.5L V6,Manual,46682,Used,103,Dallas,True,1457,36
3834,2023-10-12,Customer 3834,555-836-2422,customer3834@email.com,Jeep,Wrangler,2021,White,Coupe,14148,5.0L V8,CVT,22433,Used,119,Dallas,True,649,48
3835,2023-06-28,Customer 3835,555-536-4042,customer3835@email.com,Honda,Civic,2019,Blue,Sedan,29205,3.5L V6,Manual,58827,New,110,San Diego,True,13488,0
3836,2023-07-30,Customer 3836,555-723-8249,customer3836@email.com,BMW,3 Series,2022,Red,SUV,21070,2.0L I4,Automatic,59073,Used,118,Los Angeles,True,2756,72
3837,2023-01-12,Customer 3837,555-262-1558,customer3837@email.com,Honda,CR-V,2019,Silver,SUV,13271,3.6L V6,CVT,33240,Used,111,Phoenix,True,2144,48
3838,2023-01-30,Customer 3838,555-962-3868,customer3838@email.com,Nissan,Titan,2023,Gray,Coupe,50110,5.0L V8,CVT,39685,Used,101,San Diego,True,7220,72
3839,2023-11-25,Customer 3839,555-785-5573,customer3839@email.com,Honda,CR-V,2020,Black,SUV,39650,2.0L I4,CVT,47374,Used,118,San Diego,True,11720,72
3840,2023-07-26,Customer 3840,555-957-1304,customer3840@email.com,Nissan,Rogue,2019,Black,Sedan,13166,5.0L V8,Manual,38113,New,111,San Jose,True,1876,72
3841,2023-04-10,Customer 3841,555-500-5673,customer3841@email.com,Audi,A4,2021,Red,Coupe,35018,2.0L I4,Automatic,24681,Used,112,Los Angeles,False,0,0
3842,2023-03-05,Customer 3842,555-443-3522,customer3842@email.com,Audi,Q5,2021,Green,Coupe,13915,5.0L V8,Manual,43003,New,107,San Jose,True,10634,72
3843,2023-01-31,Customer 3843,555-554-5286,customer3843@email.com,Nissan,Titan,2021,Silver,SUV,47328,5.0L V8,Manual,25855,New,110,Philadelphia,True,4103,60
3844,2023-07-30,Customer 3844,555-565-9179,customer3844@email.com,Hyundai,Sonata,2022,Silver,Truck,50389,3.6L V6,Manual,50426,New,104,Dallas,True,6444,48
3845,2023-06-19,Customer 3845,555-183-4580,customer3845@email.com,BMW,3 Series,2024,Blue,SUV,50771,3.6L V6,Automatic,16005,Used,103,New York,True,1961,60
3846,2023-10-09,Customer 3846,555-900-5768,customer3846@email.com,Audi,Q5,2023,Black,Sedan,8557,5.0L V8,Automatic,33318,New,120,Dallas,False,0,0
3847,2023-08-05,Customer 3847,555-857-6682,customer3847@email.com,Ford,Mustang,2021,White,Coupe,12248,2.0L I4,CVT,49326,New,103,Los Angeles,False,0,0
3848,2023-06-20,Customer 3848,555-486-4335,customer3848@email.com,Honda,Civic,2020,Black,SUV,24721,5.0L V8,Automatic,26112,Used,120,San Antonio,False,0,0
3849,2023-09-07,Customer 3849,555-195-6302,customer3849@email.com,Chevrolet,Equinox,2020,White,Truck,27765,2.0L I4,Manual,51553,New,115,San Diego,True,11605,48
3850,2024-01-05,Customer 3850,555-467-4198,customer3850@email.com,Audi,A6,2020,Green,Sedan,40955,5.0L V8,CVT,15899,New,106,Los Angeles,False,0,0
3851,2023-12-04,Customer 3851,555-242-7049,customer3851@email.com,Nissan,Rogue,2018,Gray,Coupe,49486,3.5L V6,Manual,35270,Used,108,Dallas,True,2345,0
3852,2023-01-14,Customer 3852,555-996-9349,customer3852@email.com,Mercedes,S-Class,2020,Blue,Truck,53473,2.0L I4,Manual,24024,New,120,Philadelphia,False,0,0
3853,2023-03-22,Customer 3853,555-597-2606,customer3853@email.com,Hyundai,Tucson,2019,Red,Truck,18519,3.6L V6,Automatic,17329,New,102,Chicago,False,0,0
3854,2023-04-18,Customer 3854,555-583-8855,customer3854@email.com,BMW,X5,2023,White,Truck,15270,3.5L V6,Automatic,46708,New,120,Houston,False,0,0
3855,2023-10-09,Customer 3855,555-407-8574,customer3855@email.com,Chevrolet,Equinox,2021,Black,Coupe,24968,3.6L V6,Automatic,55353,Used,109,San Diego,True,6102,0
3856,2023-11-25,Customer 3856,555-341-8153,customer3856@email.com,Jeep,Grand Cherokee,2023,White,Sedan,14561,3.5L V6,CVT,41013,Used,111,Dallas,True,5068,72
3857,2023-04-10,Customer 3857,555-504-8441,customer3857@email.com,Toyota,Camry,2021,Green,Sedan,29849,3.6L V6,Automatic,23364,New,119,Chicago,False,0,0
3858,2023-04-13,Customer 3858,555-969-5126,customer3858@email.com,Hyundai,Tucson,2023,Red,Truck,8289,5.0L V8,Manual,50436,Used,119,Los Angeles,True,8002,0
3859,2023-11-01,Customer 3859,555-229-1647,customer3859@email.com,Toyota,Tacoma,2024,Black,Sedan,37111,2.5L I4,Automatic,29161,Used,103,San Diego,True,5981,60
3860,2023-02-19,Customer 3860,555-396-3719,customer3860@email.com,Mercedes,C-Class,2020,Black,Sedan,49329,3.5L V6,CVT,21003,Used,107,Phoenix,True,2060,0
3861,2023-07-14,Customer 3861,555-709-6443,customer3861@email.com,Hyundai,Elantra,2023,Red,Sedan,51272,3.6L V6,Automatic,46857,Used,113,Phoenix,True,6408,60
3862,2023-01-23,Customer 3862,555-272-2691,customer3862@email.com,Ford,Escape,2019,Gray,Truck,29005,3.5L V6,Automatic,27649,New,113,Dallas,False,0,0
3863,2023-08-23,Customer 3863,555-744-4286,customer3863@email.com,Chevrolet,Equinox,2024,White,Truck,15528,2.5L I4,Manual,21523,Used,115,Los Angeles,False,0,0
3864,2023-11-26,Customer 3864,555-777-8627,customer3864@email.com,Ford,F-150,2024,Blue,Sedan,43239,2.0L I4,CVT,23866,Used,120,Phoenix,True,1107,48
3865,2023-06-08,Customer 3865,555-151-9382,customer3865@email.com,Chevrolet,Traverse,2021,Blue,SUV,36513,3.6L V6,CVT,43609,Used,106,San Antonio,False,0,0
3866,2023-02-19,Customer 3866,555-537-4285,customer3866@email.com,Nissan,Titan,2022,Red,Sedan,41216,2.5L I4,Manual,18606,New,102,San Diego,True,347,0
3867,2023-12-09,Customer 3867,555-879-4270,customer3867@email.com,Hyundai,Tucson,2018,Gray,Truck,10034,2.5L I4,CVT,47039,Used,105,Houston,False,0,0
3868,2023-10-17,Customer 3868,555-343-9054,customer3868@email.com,Honda,CR-V,2018,Silver,SUV,51120,2.0L I4,CVT,28781,Used,117,Houston,False,0,0
3869,2023-08-10,Customer 3869,555-613-6111,customer3869@email.com,Audi,Q5,2018,White,Coupe,45819,2.5L I4,CVT,18104,Used,116,New York,True,3400,0
3870,2023-11-12,Customer 3870,555-520-3802,customer3870@email.com,Ford,Escape,2018,Blue,Truck,22136,3.5L V6,Automatic,16824,New,115,Houston,False,0,0
3871,2023-07-23,Customer 3871,555-889-9012,customer3871@email.com,Hyundai,Elantra,2019,White,SUV,51778,3.5L V6,Automatic,28558,New,115,Houston,False,0,0
3872,2023-12-19,Customer 3872,555-285-2341,customer3872@email.com,Honda,Civic,2023,Gray,Coupe,35352,3.6L V6,Automatic,20566,New,105,Chicago,True,1321,48
3873,2023-01-20,Customer 3873,555-524-7704,customer3873@email.com,Chevrolet,Traverse,2021,Green,SUV,12491,2.0L I4,Automatic,16807,New,102,Philadelphia,True,2795,72
3874,2023-08-10,Customer 3874,555-114-5944,customer3874@email.com,BMW,3 Series,2023,Gray,SUV,36659,2.5L I4,CVT,40131,New,110,Chicago,False,0,0
3875,2023-02-19,Customer 3875,555-165-2890,customer3875@email.com,Toyota,Camry,2019,Gray,SUV,40770,3.6L V6,Manual,40121,New,117,Houston,False,0,0
3876,2023-08-18,Customer 3876,555-391-6072,customer3876@email.com,BMW,3 Series,2022,Black,SUV,40146,3.5L V6,CVT,17180,Used,114,Chicago,False,0,0
3877,2023-10-18,Customer 3877,555-968-8861,customer3877@email.com,Ford,Mustang,2019,Gray,Truck,35221,2.5L I4,Manual,44031,New,116,Los Angeles,True,96,60
3878,2023-05-07,Customer 3878,555-678-5464,customer3878@email.com,BMW,X5,2024,White,Sedan,22883,2.5L I4,Automatic,58817,Used,104,Philadelphia,True,10867,60
3879,2023-03-30,Customer 3879,555-893-9489,customer3879@email.com,Chevrolet,Traverse,2024,Blue,SUV,40856,2.5L I4,Automatic,52914,New,104,Dallas,False,0,0
3880,2023-05-23,Customer 3880,555-994-5880,customer3880@email.com,BMW,3 Series,2020,Red,Truck,53621,2.5L I4,CVT,57925,Used,104,Los Angeles,False,0,0
3881,2023-08-13,Customer 3881,555-307-1831,customer3881@email.com,Honda,CR-V,2021,Blue,SUV,47113,3.6L V6,Automatic,45139,Used,114,Philadelphia,False,0,0
3882,2023-10-03,Customer 3882,555-312-8326,customer3882@email.com,BMW,3 Series,2021,Silver,Coupe,34838,2.5L I4,CVT,46872,Used,118,Los Angeles,True,1629,60
3883,2023-08-28,Customer 3883,555-928-4965,customer3883@email.com,Ford,F-150,2022,Red,Truck,7353,2.0L I4,CVT,44042,Used,102,New York,True,4115,48
3884,2023-08-13,Customer 3884,555-765-1942,customer3884@email.com,Chevrolet,Silverado,2023,Gray,SUV,27520,3.5L V6,CVT,18752,Used,119,New York,False,0,0
3885,2023-03-23,Customer 3885,555-964-4371,customer3885@email.com,Audi,A4,2018,Black,SUV,31744,2.0L I4,Manual,59546,Used,116,New York,True,2014,60
3886,2023-10-06,Customer 3886,555-557-6975,customer3886@email.com,Toyota,Tacoma,2019,Silver,Coupe,27944,3.5L V6,CVT,28223,New,110,San Diego,False,0,0
3887,2023-09-03,Customer 3887,555-612-9039,customer3887@email.com,Ford,Escape,2022,Green,Coupe,44065,2.0L I4,CVT,56186,New,106,Chicago,False,0,0
3888,2023-04-22,Customer 3888,555-587-4469,customer3888@email.com,Jeep,Grand Cherokee,2020,Red,Truck,35311,5.0L V8,CVT,50128,New,107,Chicago,True,6767,60
3889,2023-11-30,Customer 3889,555-531-6872,customer3889@email.com,Jeep,Wrangler,2022,Gray,SUV,20865,3.6L V6,CVT,49336,New,120,Houston,False,0,0
3890,2023-03-25,Customer 3890,555-987-3704,customer3890@email.com,Chevrolet,Silverado,2018,Silver,Sedan,50653,3.5L V6,Manual,18596,New,104,San Antonio,False,0,0
3891,2023-01-27,Customer 3891,555-567-6848,customer3891@email.com,Mercedes,C-Class,2020,Red,Truck,39396,2.5L I4,Manual,48710,Used,110,Chicago,True,10465,36
3892,2023-07-01,Customer 3892,555-958-4562,customer3892@email.com,Nissan,Titan,2023,Black,Coupe,48917,2.5L I4,CVT,35674,New,110,Philadelphia,False,0,0
3893,2023-07-12,Customer 3893,555-893-1525,customer3893@email.com,Hyundai,Tucson,2019,White,Coupe,34139,2.5L I4,Manual,52251,Used,104,San Jose,True,8942,48
3894,2023-05-17,Customer 3894,555-989-6147,customer3894@email.com,Chevrolet,Traverse,2018,White,Sedan,12012,5.0L V8,CVT,56814,Used,109,Phoenix,False,0,0
3895,2023-02-12,Customer 3895,555-728-8694,customer3895@email.com,Chevrolet,Silverado,2019,Red,SUV,49645,3.5L V6,Automatic,41027,Used,119,Phoenix,True,9604,48
3896,2023-01-17,Customer 3896,555-979-9077,customer3896@email.com,Hyundai,Elantra,2018,Blue,Sedan,13762,2.0L I4,CVT,40154,Used,116,Philadelphia,False,0,0
3897,2023-03-18,Customer 3897,555-471-7399,customer3897@email.com,Jeep,Grand Cherokee,2018,Gray,SUV,15169,2.0L I4,CVT,22192,New,104,Chicago,False,0,0
3898,2023-02-28,Customer 3898,555-637-9646,customer3898@email.com,Nissan,Titan,2023,Black,SUV,47346,5.0L V8,Automatic,31507,Used,107,Chicago,False,0,0
3899,2023-12-12,Customer 3899,555-170-2132,customer3899@email.com,Ford,Mustang,2023,Red,Coupe,14021,2.5L I4,Manual,20758,New,107,Dallas,False,0,0
3900,2023-06-15,Customer 3900,555-842-9261,customer3900@email.com,Nissan,Altima,2018,Black,Truck,24587,3.6L V6,Manual,23939,New,113,Chicago,False,0,0
3901,2023-01-26,Customer 3901,555-546-7446,customer3901@email.com,Chevrolet,Silverado,2019,Silver,Truck,44145,5.0L V8,Manual,24452,Used,106,Chicago,False,0,0
3902,2023-05-04,Customer 3902,555-391-8269,customer3902@email.com,Toyota,Camry,2018,Green,Coupe,29081,3.5L V6,CVT,20432,New,114,San Diego,True,4878,36
3903,2023-01-17,Customer 3903,555-801-3844,customer3903@email.com,Honda,Civic,2024,Black,Truck,40416,5.0L V8,Automatic,58720,Used,101,Chicago,True,946,72
3904,2023-06-05,Customer 3904,555-511-7486,customer3904@email.com,Honda,CR-V,2019,Red,Sedan,11051,5.0L V8,Manual,52718,New,108,Philadelphia,True,6389,48
3905,2023-08-14,Customer 3905,555-403-1497,customer3905@email.com,Audi,A4,2019,Blue,Sedan,9235,2.5L I4,Automatic,20881,New,118,Dallas,True,4807,48
3906,2023-02-24,Customer 3906,555-381-6394,customer3906@email.com,Ford,Escape,2021,Gray,Sedan,37201,3.6L V6,Automatic,31494,Used,113,Phoenix,False,0,0
3907,2023-03-31,Customer 3907,555-110-4391,customer3907@email.com,Jeep,Cherokee,2022,Gray,Coupe,17884,3.5L V6,CVT,27994,New,101,Los Angeles,False,0,0
3908,2023-04-16,Customer 3908,555-257-4571,customer3908@email.com,Toyota,Camry,2022,Blue,SUV,34824,5.0L V8,Automatic,49152,Used,114,San Antonio,False,0,0
3909,2023-07-25,Customer 3909,555-267-3395,customer3909@email.com,Mercedes,C-Class,2021,Gray,Coupe,55281,5.0L V8,Manual,47790,New,113,Los Angeles,False,0,0
3910,2023-12-10,Customer 3910,555-555-7078,customer3910@email.com,Jeep,Cherokee,2018,Black,Truck,25568,3.5L V6,Automatic,55718,Used,103,Phoenix,False,0,0
3911,2023-03-08,Customer 3911,555-156-7498,customer3911@email.com,Nissan,Altima,2024,Silver,Sedan,30984,2.5L I4,Automatic,39980,New,101,San Jose,True,6666,48
3912,2023-08-16,Customer 3912,555-857-6615,customer3912@email.com,Audi,A6,2022,Blue,SUV,16196,2.0L I4,Manual,57798,Used,114,New York,True,13086,72
3913,2023-02-18,Customer 3913,555-419-5736,customer3913@email.com,Audi,A4,2024,Red,SUV,25001,2.5L I4,CVT,25049,Used,106,San Diego,False,0,0
3914,2023-02-26,Customer 3914,555-417-7771,customer3914@email.com,Toyota,Tacoma,2024,Red,Coupe,52426,5.0L V8,Automatic,24027,New,120,San Diego,False,0,0
3915,2024-01-15,Customer 3915,555-758-7373,customer3915@email.com,Hyundai,Sonata,2024,Black,Sedan,37664,3.5L V6,Automatic,35193,New,109,Chicago,True,7351,0
3916,2023-10-09,Customer 3916,555-687-9545,customer3916@email.com,Hyundai,Sonata,2022,Red,Coupe,41970,3.5L V6,Manual,21202,New,116,San Jose,False,0,0
3917,2023-11-11,Customer 3917,555-584-8119,customer3917@email.com,Mercedes,S-Class,2023,Gray,Sedan,50451,5.0L V8,Automatic,32431,Used,105,Phoenix,False,0,0
3918,2023-05-19,Customer 3918,555-132-1744,customer3918@email.com,Chevrolet,Traverse,2019,Red,Coupe,6993,2.0L I4,Automatic,22717,Used,101,San Diego,True,1142,0
3919,2023-05-03,Customer 3919,555-448-4227,customer3919@email.com,Nissan,Titan,2019,Gray,Sedan,26324,2.0L I4,Manual,29925,Used,103,Chicago,True,1979,48
3920,2023-03-09,Customer 3920,555-394-1583,customer3920@email.com,Audi,A6,2018,Green,Coupe,19988,3.6L V6,CVT,50036,Used,103,Dallas,True,8742,48
3921,2023-08-04,Customer 3921,555-384-6117,customer3921@email.com,Nissan,Rogue,2022,Gray,Coupe,28400,2.5L I4,Automatic,58019,Used,108,New York,False,0,0
3922,2023-03-12,Customer 3922,555-602-4792,customer3922@email.com,Honda,Accord,2022,Green,Coupe,28460,5.0L V8,CVT,22170,New,116,San Diego,True,218,48
3923,2023-04-03,Customer 3923,555-466-1917,customer3923@email.com,Audi,Q5,2023,White,Truck,21331,3.6L V6,Automatic,39411,New,113,Phoenix,True,3329,36
3924,2023-07-17,Customer 3924,555-702-7410,customer3924@email.com,Hyundai,Elantra,2019,White,SUV,12537,3.5L V6,CVT,52974,Used,102,San Jose,True,7725,72
3925,2023-01-31,Customer 3925,555-931-5207,customer3925@email.com,BMW,3 Series,2022,Black,Coupe,14917,2.5L I4,Automatic,41602,New,103,Chicago,True,5804,60
3926,2023-12-15,Customer 3926,555-476-3195,customer3926@email.com,Audi,Q5,2019,Red,Sedan,46220,2.5L I4,Automatic,31258,New,120,San Jose,False,0,0
3927,2024-01-17,Customer 3927,555-239-7909,customer3927@email.com,Toyota,RAV4,2022,Red,SUV,57317,5.0L V8,Manual,49139,Used,105,Houston,False,0,0
3928,2023-07-06,Customer 3928,555-911-5503,customer3928@email.com,Ford,Escape,2022,Red,SUV,46746,2.5L I4,CVT,28900,Used,104,Phoenix,False,0,0
3929,2023-08-10,Customer 3929,555-678-8820,customer3929@email.com,Toyota,RAV4,2022,Red,SUV,57650,3.6L V6,CVT,33230,Used,120,New York,False,0,0
3930,2024-01-21,Customer 3930,555-986-1844,customer3930@email.com,Mercedes,E-Class,2024,Gray,SUV,33652,3.6L V6,Automatic,34746,Used,109,San Diego,False,0,0
3931,2023-06-29,Customer 3931,555-917-7104,customer3931@email.com,Nissan,Altima,2018,Green,Coupe,6197,2.5L I4,CVT,48681,New,118,New York,False,0,0
3932,2024-01-16,Customer 3932,555-969-8038,customer3932@email.com,Chevrolet,Equinox,2021,Silver,Coupe,59053,2.0L I4,Automatic,34628,New,117,San Diego,True,581,0
3933,2023-02-22,Customer 3933,555-107-7453,customer3933@email.com,Hyundai,Tucson,2023,Green,Sedan,14092,3.6L V6,Manual,36583,Used,104,San Jose,False,0,0
3934,2023-03-15,Customer 3934,555-438-2364,customer3934@email.com,Audi,A4,2023,Silver,Truck,49826,5.0L V8,Automatic,26742,Used,112,Philadelphia,False,0,0
3935,2023-01-16,Customer 3935,555-140-9675,customer3935@email.com,Jeep,Grand Cherokee,2019,White,Coupe,38035,2.5L I4,Automatic,15547,New,105,Philadelphia,False,0,0
3936,2023-04-17,Customer 3936,555-696-2918,customer3936@email.com,Mercedes,E-Class,2021,Black,Coupe,20874,3.5L V6,Manual,32422,Used,117,Chicago,False,0,0
3937,2023-08-06,Customer 3937,555-486-2325,customer3937@email.com,Nissan,Rogue,2018,Red,Truck,12936,3.6L V6,CVT,18075,Used,105,Chicago,False,0,0
3938,2023-04-27,Customer 3938,555-169-5873,customer3938@email.com,Honda,CR-V,2021,Green,SUV,52890,3.5L V6,Manual,15048,New,110,New York,False,0,0
3939,2023-02-06,Customer 3939,555-483-6782,customer3939@email.com,Hyundai,Sonata,2022,Silver,Coupe,8425,3.6L V6,Manual,20009,New,106,San Jose,False,0,0
3940,2023-02-05,Customer 3940,555-876-6254,customer3940@email.com,BMW,5 Series,2021,Red,Truck,27110,3.6L V6,Automatic,23618,New,104,Los Angeles,True,444,36
3941,2023-06-17,Customer 3941,555-725-3896,customer3941@email.com,Hyundai,Tucson,2024,Gray,SUV,30239,2.0L I4,Manual,25865,Used,110,San Antonio,False,0,0
3942,2023-04-18,Customer 3942,555-100-1078,customer3942@email.com,Jeep,Grand Cherokee,2022,Green,Coupe,11949,3.5L V6,CVT,25596,Used,101,New York,True,5412,72
3943,2023-09-12,Customer 3943,555-312-2170,customer3943@email.com,Toyota,Tacoma,2022,Silver,Truck,25535,3.5L V6,Manual,15216,Used,118,Houston,False,0,0
3944,2023-04-08,Customer 3944,555-249-4679,customer3944@email.com,Audi,A4,2023,Gray,Truck,26725,2.5L I4,Manual,23955,New,120,Dallas,False,0,0
3945,2023-07-14,Customer 3945,555-219-5026,customer3945@email.com,BMW,3 Series,2021,Gray,Sedan,58365,3.6L V6,Manual,42848,New,103,New York,False,0,0
3946,2023-09-03,Customer 3946,555-514-7482,customer3946@email.com,Hyundai,Tucson,2023,Gray,Truck,13535,5.0L V8,CVT,25231,New,111,San Diego,False,0,0
3947,2024-01-09,Customer 3947,555-955-3663,customer3947@email.com,Nissan,Titan,2023,Gray,Coupe,41142,2.0L I4,Manual,17334,Used,104,San Jose,False,0,0
3948,2023-11-29,Customer 3948,555-479-7834,customer3948@email.com,Jeep,Wrangler,2021,Red,Coupe,51326,3.5L V6,CVT,47956,Used,115,Philadelphia,False,0,0
3949,2024-01-08,Customer 3949,555-786-7861,customer3949@email.com,Nissan,Altima,2020,Green,Sedan,53175,5.0L V8,Automatic,36894,New,118,Chicago,False,0,0
3950,2023-04-07,Customer 3950,555-554-7558,customer3950@email.com,Honda,Civic,2019,Silver,Coupe,27981,5.0L V8,Automatic,57444,New,104,San Diego,True,4196,60
3951,2023-11-21,Customer 3951,555-525-2348,customer3951@email.com,Hyundai,Elantra,2021,Green,Coupe,31803,3.5L V6,Manual,53802,Used,117,San Diego,True,977,0
3952,2023-06-29,Customer 3952,555-785-9013,customer3952@email.com,Ford,Escape,2024,Gray,Coupe,9696,5.0L V8,Automatic,49462,New,101,San Antonio,True,11704,0
3953,2023-07-17,Customer 3953,555-362-3304,customer3953@email.com,Audi,A4,2022,Silver,Sedan,24726,2.5L I4,Manual,25392,Used,114,Houston,False,0,0
3954,2023-07-25,Customer 3954,555-791-9098,customer3954@email.com,Nissan,Altima,2021,Green,Truck,50421,3.5L V6,Automatic,54333,New,107,Chicago,False,0,0
3955,2023-11-29,Customer 3955,555-925-4099,customer3955@email.com,Mercedes,S-Class,2023,White,Truck,10259,2.5L I4,Manual,31613,New,113,Dallas,True,1334,60
3956,2023-01-30,Customer 3956,555-130-9636,customer3956@email.com,Mercedes,C-Class,2022,Gray,Truck,31079,2.0L I4,Manual,46153,New,109,Philadelphia,True,10721,72
3957,2024-01-26,Customer 3957,555-767-5277,customer3957@email.com,Jeep,Wrangler,2021,Blue,Sedan,16883,3.6L V6,Automatic,52383,Used,104,Houston,True,8959,60
3958,2023-07-16,Customer 3958,555-846-6939,customer3958@email.com,Chevrolet,Equinox,2022,Black,SUV,45436,2.0L I4,CVT,49132,Used,120,Houston,True,9918,60
3959,2023-09-05,Customer 3959,555-963-9284,customer3959@email.com,Jeep,Cherokee,2019,Blue,SUV,18044,2.5L I4,CVT,22815,Used,104,New York,False,0,0
3960,2023-04-01,Customer 3960,555-205-9166,customer3960@email.com,Nissan,Titan,2021,Red,Sedan,10983,2.0L I4,Manual,45499,Used,115,San Antonio,False,0,0
3961,2023-03-05,Customer 3961,555-770-4591,customer3961@email.com,Chevrolet,Traverse,2018,Red,Coupe,29832,3.6L V6,Automatic,58979,Used,101,San Jose,True,3834,36
3962,2023-05-15,Customer 3962,555-517-6452,customer3962@email.com,BMW,3 Series,2023,Blue,Coupe,32790,2.5L I4,Manual,57272,New,114,New York,True,4607,60
3963,2023-07-03,Customer 3963,555-681-6911,customer3963@email.com,Mercedes,E-Class,2022,Green,SUV,26862,3.6L V6,Manual,16612,Used,108,San Diego,False,0,0
3964,2023-04-02,Customer 3964,555-196-1658,customer3964@email.com,Mercedes,S-Class,2022,Gray,Coupe,53455,2.5L I4,CVT,59690,New,120,Phoenix,True,13147,48
3965,2023-01-09,Customer 3965,555-588-5887,customer3965@email.com,Nissan,Rogue,2020,Blue,Sedan,44647,2.5L I4,CVT,31397,Used,110,San Antonio,False,0,0
3966,2023-11-26,Customer 3966,555-697-5963,customer3966@email.com,Hyundai,Tucson,2020,Silver,Coupe,45275,5.0L V8,CVT,29771,New,101,New York,False,0,0
3967,2024-01-25,Customer 3967,555-268-3490,customer3967@email.com,Toyota,RAV4,2020,Silver,Coupe,43828,5.0L V8,CVT,31602,Used,118,Phoenix,False,0,0
3968,2023-05-07,Customer 3968,555-144-5394,customer3968@email.com,Honda,CR-V,2023,Silver,Sedan,46745,3.6L V6,CVT,38874,Used,111,Chicago,False,0,0
3969,2023-02-25,Customer 3969,555-271-3099,customer3969@email.com,Nissan,Rogue,2021,White,Coupe,41421,2.0L I4,Automatic,35535,Used,113,Philadelphia,True,5200,36
3970,2023-08-05,Customer 3970,555-392-5803,customer3970@email.com,Mercedes,E-Class,2022,Black,Coupe,26511,3.5L V6,Automatic,46523,Used,119,Houston,True,3374,48
3971,2023-03-30,Customer 3971,555-420-5665,customer3971@email.com,Audi,A6,2019,White,Truck,58367,2.0L I4,Manual,49090,New,110,Houston,True,1947,48
3972,2023-07-19,Customer 3972,555-120-2399,customer3972@email.com,Honda,CR-V,2019,Gray,Truck,46580,5.0L V8,CVT,44605,Used,107,Houston,False,0,0
3973,2023-01-26,Customer 3973,555-519-2878,customer3973@email.com,BMW,X5,2018,Green,Sedan,21168,3.5L V6,Automatic,54652,New,115,Houston,False,0,0
3974,2023-04-08,Customer 3974,555-984-4139,customer3974@email.com,Hyundai,Sonata,2020,Gray,SUV,27687,2.5L I4,CVT,17468,New,118,New York,True,3053,0
3975,2023-07-01,Customer 3975,555-521-2284,customer3975@email.com,Chevrolet,Equinox,2023,Blue,SUV,19967,3.5L V6,CVT,43472,Used,119,San Antonio,True,3727,0
3976,2023-11-05,Customer 3976,555-413-7284,customer3976@email.com,Chevrolet,Equinox,2019,White,Sedan,33618,5.0L V8,Manual,49021,New,105,San Antonio,False,0,0
3977,2023-11-21,Customer 3977,555-478-7167,customer3977@email.com,Toyota,Tacoma,2018,Red,Truck,54809,3.5L V6,Manual,58673,Used,107,San Jose,False,0,0
3978,2023-07-17,Customer 3978,555-714-3387,customer3978@email.com,Chevrolet,Traverse,2022,Blue,SUV,50300,2.5L I4,CVT,24575,Used,118,Dallas,True,388,60
3979,2023-12-13,Customer 3979,555-943-9895,customer3979@email.com,BMW,X5,2024,Black,SUV,47586,2.5L I4,Automatic,42676,New,105,Chicago,False,0,0
3980,2023-03-26,Customer 3980,555-752-5544,customer3980@email.com,Jeep,Grand Cherokee,2023,Blue,Truck,19996,5.0L V8,Automatic,27947,New,101,Phoenix,False,0,0
3981,2023-06-13,Customer 3981,555-307-9215,customer3981@email.com,Ford,F-150,2020,White,SUV,46998,3.5L V6,CVT,27815,Used,103,San Jose,False,0,0
3982,2023-03-04,Customer 3982,555-480-8497,customer3982@email.com,Mercedes,S-Class,2023,Black,Truck,17475,2.0L I4,CVT,29325,Used,110,San Antonio,True,3401,36
3983,2023-07-17,Customer 3983,555-556-4599,customer3983@email.com,Toyota,Tacoma,2022,Gray,Coupe,13689,3.5L V6,CVT,27808,Used,112,Dallas,True,4053,72
3984,2023-05-07,Customer 3984,555-625-1374,customer3984@email.com,Ford,Mustang,2018,Gray,Sedan,38834,3.5L V6,Automatic,46006,New,112,Phoenix,True,7258,60
3985,2023-05-08,Customer 3985,555-271-7956,customer3985@email.com,Mercedes,S-Class,2022,White,Coupe,43368,2.5L I4,CVT,50841,New,109,Philadelphia,False,0,0
3986,2023-08-24,Customer 3986,555-153-9213,customer3986@email.com,Nissan,Rogue,2022,Blue,Coupe,55446,3.5L V6,CVT,45863,Used,114,San Diego,False,0,0
3987,2023-01-27,Customer 3987,555-591-9770,customer3987@email.com,Nissan,Rogue,2023,Green,Coupe,28474,3.6L V6,CVT,55881,New,105,New York,True,5856,48
3988,2023-12-27,Customer 3988,555-905-5095,customer3988@email.com,Mercedes,S-Class,2019,Red,Truck,34593,5.0L V8,CVT,34587,Used,119,Dallas,True,6032,60
3989,2023-10-11,Customer 3989,555-731-1362,customer3989@email.com,Honda,Accord,2019,Silver,SUV,37110,2.0L I4,Automatic,28428,New,115,Chicago,True,1640,36
3990,2023-12-30,Customer 3990,555-245-4099,customer3990@email.com,Hyundai,Tucson,2024,Green,Sedan,5923,3.6L V6,Manual,35073,New,115,San Antonio,True,6237,36
3991,2023-09-02,Customer 3991,555-184-8025,customer3991@email.com,Jeep,Grand Cherokee,2018,White,Sedan,39776,2.5L I4,Automatic,23636,Used,103,New York,True,2933,36
3992,2023-01-22,Customer 3992,555-184-7793,customer3992@email.com,Chevrolet,Silverado,2022,Green,Sedan,54848,3.5L V6,Manual,54318,New,106,San Antonio,True,9408,36
3993,2024-01-20,Customer 3993,555-866-6290,customer3993@email.com,Audi,A6,2018,Silver,Truck,42919,3.5L V6,Manual,56313,Used,107,San Jose,False,0,0
3994,2023-09-20,Customer 3994,555-252-5097,customer3994@email.com,Mercedes,C-Class,2019,Gray,SUV,35357,3.5L V6,CVT,38905,New,110,San Jose,True,3940,36
3995,2023-09-08,Customer 3995,555-385-3394,customer3995@email.com,Honda,CR-V,2023,Green,Coupe,32023,2.5L I4,Automatic,42110,Used,103,Chicago,True,7459,60
3996,2023-09-09,Customer 3996,555-789-4703,customer3996@email.com,Honda,Accord,2024,Silver,SUV,35426,3.5L V6,CVT,43721,New,115,Los Angeles,False,0,0
3997,2024-01-01,Customer 3997,555-574-6357,customer3997@email.com,Mercedes,C-Class,2018,Gray,Truck,35830,5.0L V8,Manual,30094,New,111,Chicago,False,0,0
3998,2023-08-07,Customer 3998,555-676-1656,customer3998@email.com,Chevrolet,Traverse,2019,Black,Truck,37619,2.0L I4,CVT,21974,New,112,New York,False,0,0
3999,2023-07-02,Customer 3999,555-159-2407,customer3999@email.com,BMW,3 Series,2021,Red,Coupe,7160,3.5L V6,Manual,55747,New,114,San Jose,True,9282,0
4000,2023-09-18,Customer 4000,555-925-3878,customer4000@email.com,Jeep,Wrangler,2024,Black,SUV,47933,3.5L V6,CVT,52636,Used,117,New York,False,0,0
4001,2023-06-25,Customer 4001,555-735-8433,customer4001@email.com,Nissan,Rogue,2021,Red,Coupe,40575,2.0L I4,CVT,20021,Used,113,San Jose,True,2736,0
4002,2023-06-04,Customer 4002,555-385-1912,customer4002@email.com,Chevrolet,Traverse,2021,Red,Coupe,14132,3.6L V6,Manual,35082,Used,111,Houston,False,0,0
4003,2023-01-24,Customer 4003,555-664-4102,customer4003@email.com,BMW,3 Series,2024,Green,Sedan,17361,3.5L V6,Automatic,31313,Used,107,San Diego,True,7722,48
4004,2023-07-21,Customer 4004,555-986-1319,customer4004@email.com,Jeep,Wrangler,2022,White,Sedan,10479,2.0L I4,CVT,36346,New,106,Dallas,False,0,0
4005,2023-03-18,Customer 4005,555-551-4700,customer4005@email.com,Jeep,Cherokee,2018,Green,Truck,20594,3.6L V6,Automatic,30807,New,114,Dallas,True,6287,0
4006,2023-12-23,Customer 4006,555-670-4477,customer4006@email.com,Toyota,Tacoma,2020,Red,Truck,12398,3.5L V6,CVT,19490,New,108,San Diego,True,2804,0
4007,2024-01-16,Customer 4007,555-400-4718,customer4007@email.com,Mercedes,C-Class,2019,Green,Sedan,24874,5.0L V8,Automatic,52480,Used,117,Philadelphia,False,0,0
4008,2023-01-06,Customer 4008,555-491-7983,customer4008@email.com,BMW,X5,2022,Blue,Sedan,49551,2.0L I4,Manual,33751,Used,102,New York,False,0,0
4009,2023-03-13,Customer 4009,555-185-7251,customer4009@email.com,BMW,3 Series,2019,Blue,Truck,45608,3.6L V6,Automatic,15216,Used,108,San Jose,False,0,0
4010,2023-04-25,Customer 4010,555-357-1957,customer4010@email.com,Mercedes,C-Class,2020,Black,Coupe,20618,2.0L I4,Automatic,23474,Used,102,Houston,True,480,60
4011,2023-02-03,Customer 4011,555-683-5768,customer4011@email.com,Honda,Civic,2021,Red,Truck,49396,5.0L V8,CVT,27896,Used,103,Phoenix,True,2702,0
4012,2023-07-07,Customer 4012,555-871-3939,customer4012@email.com,Toyota,Camry,2023,Blue,Coupe,30129,3.5L V6,Manual,24655,Used,107,Phoenix,True,1482,60
4013,2023-10-22,Customer 4013,555-744-5052,customer4013@email.com,Ford,F-150,2022,Black,SUV,51079,2.0L I4,Manual,26206,New,112,Dallas,True,797,36
4014,2023-10-15,Customer 4014,555-253-5771,customer4014@email.com,Jeep,Cherokee,2024,Green,SUV,40128,3.5L V6,Automatic,47906,New,101,Dallas,False,0,0
4015,2023-08-14,Customer 4015,555-215-4463,customer4015@email.com,Chevrolet,Equinox,2023,Red,Coupe,22723,3.5L V6,Manual,18107,New,120,New York,False,0,0
4016,2023-08-13,Customer 4016,555-996-3750,customer4016@email.com,Audi,A4,2023,Silver,Coupe,27062,3.5L V6,Automatic,43806,Used,103,Houston,False,0,0
4017,2023-11-01,Customer 4017,555-264-6466,customer4017@email.com,Mercedes,E-Class,2018,Green,Coupe,40537,2.5L I4,Manual,35249,New,107,Los Angeles,True,2555,48
4018,2023-02-26,Customer 4018,555-972-1269,customer4018@email.com,Mercedes,E-Class,2023,Gray,SUV,5346,2.5L I4,Manual,29727,Used,116,San Antonio,False,0,0
4019,2023-07-14,Customer 4019,555-507-4897,customer4019@email.com,Nissan,Titan,2022,Silver,Truck,19682,5.0L V8,CVT,58979,New,108,San Jose,True,12371,0
4020,2024-01-29,Customer 4020,555-596-6114,customer4020@email.com,Honda,CR-V,2023,Red,Coupe,24512,3.5L V6,Automatic,19277,Used,114,Houston,True,4496,0
4021,2023-12-31,Customer 4021,555-774-5827,customer4021@email.com,Audi,A6,2021,Gray,Coupe,5359,2.0L I4,Automatic,47610,New,111,New York,False,0,0
4022,2023-07-23,Customer 4022,555-703-5504,customer4022@email.com,Honda,Accord,2024,Blue,Truck,2063,3.6L V6,CVT,19070,New,116,San Diego,True,3819,72
4023,2023-12-27,Customer 4023,555-778-6148,customer4023@email.com,Jeep,Wrangler,2018,Silver,Sedan,6358,2.5L I4,CVT,22757,Used,102,San Antonio,False,0,0
4024,2023-07-02,Customer 4024,555-366-3343,customer4024@email.com,Nissan,Titan,2019,Blue,Coupe,40940,2.0L I4,CVT,26231,New,107,Houston,True,4487,48
4025,2023-05-06,Customer 4025,555-562-2539,customer4025@email.com,Toyota,Camry,2021,Silver,SUV,13051,3.6L V6,Automatic,45935,Used,115,New York,True,3522,0
4026,2023-11-07,Customer 4026,555-865-1955,customer4026@email.com,Jeep,Cherokee,2021,Red,Truck,39633,3.6L V6,Manual,38234,Used,114,Dallas,False,0,0
4027,2023-04-19,Customer 4027,555-237-5694,customer4027@email.com,Chevrolet,Traverse,2018,Blue,Sedan,12795,2.0L I4,Automatic,28294,New,112,Dallas,False,0,0
4028,2023-05-09,Customer 4028,555-591-8603,customer4028@email.com,Jeep,Cherokee,2018,Gray,Sedan,5570,2.5L I4,CVT,30998,New,106,San Jose,True,2874,36
4029,2023-09-05,Customer 4029,555-428-3586,customer4029@email.com,Toyota,Tacoma,2023,Green,Coupe,58182,2.5L I4,CVT,24675,Used,119,Dallas,False,0,0
4030,2023-07-15,Customer 4030,555-255-3614,customer4030@email.com,Jeep,Grand Cherokee,2024,Silver,Coupe,37679,2.5L I4,Automatic,45389,Used,101,Philadelphia,False,0,0
4031,2023-07-21,Customer 4031,555-808-5669,customer4031@email.com,Audi,Q5,2020,Blue,Truck,50854,5.0L V8,CVT,55715,New,109,Phoenix,False,0,0
4032,2023-11-07,Customer 4032,555-923-3737,customer4032@email.com,Honda,Civic,2022,White,SUV,24978,2.5L I4,CVT,36916,New,108,Philadelphia,False,0,0
4033,2023-12-11,Customer 4033,555-874-9387,customer4033@email.com,Mercedes,S-Class,2020,Green,Truck,32456,2.0L I4,Automatic,54514,Used,119,Los Angeles,False,0,0
4034,2023-02-01,Customer 4034,555-738-3638,customer4034@email.com,Chevrolet,Silverado,2019,Silver,Coupe,22303,3.5L V6,Automatic,51389,Used,104,Houston,True,2349,0
4035,2023-02-01,Customer 4035,555-464-5261,customer4035@email.com,Hyundai,Tucson,2024,Black,SUV,15868,2.0L I4,Automatic,57721,Used,115,Los Angeles,True,2747,0
4036,2023-04-20,Customer 4036,555-173-9530,customer4036@email.com,BMW,5 Series,2020,Silver,SUV,13191,2.0L I4,CVT,36958,New,101,Los Angeles,False,0,0
4037,2023-12-09,Customer 4037,555-488-5009,customer4037@email.com,Jeep,Grand Cherokee,2023,Gray,Truck,30268,2.0L I4,CVT,58700,New,117,Dallas,False,0,0
4038,2023-05-31,Customer 4038,555-912-7277,customer4038@email.com,Ford,Escape,2019,White,Truck,56225,2.0L I4,CVT,21649,New,107,San Diego,True,1077,48
4039,2023-09-29,Customer 4039,555-886-8189,customer4039@email.com,Ford,Mustang,2018,Red,Sedan,27070,2.5L I4,Automatic,43250,Used,106,Dallas,True,7850,72
4040,2023-01-22,Customer 4040,555-285-4771,customer4040@email.com,BMW,3 Series,2019,Silver,Coupe,28338,3.6L V6,Automatic,20355,New,120,Philadelphia,False,0,0
4041,2023-05-14,Customer 4041,555-923-6552,customer4041@email.com,Hyundai,Sonata,2024,Blue,Truck,34456,3.5L V6,CVT,51345,Used,102,Philadelphia,True,8121,0
4042,2023-07-20,Customer 4042,555-979-8674,customer4042@email.com,Mercedes,C-Class,2021,Green,Coupe,36167,3.6L V6,Manual,43175,Used,109,Philadelphia,False,0,0
4043,2024-01-20,Customer 4043,555-266-7564,customer4043@email.com,Nissan,Rogue,2019,Blue,SUV,24451,2.0L I4,Manual,52556,New,103,San Antonio,False,0,0
4044,2023-10-20,Customer 4044,555-859-9306,customer4044@email.com,Toyota,Camry,2020,Green,Coupe,42603,2.5L I4,Automatic,25669,Used,118,Phoenix,True,3087,36
4045,2023-01-01,Customer 4045,555-864-1341,customer4045@email.com,Toyota,RAV4,2018,Black,Sedan,16616,2.0L I4,Manual,55245,Used,116,Chicago,True,3322,0
4046,2023-02-14,Customer 4046,555-823-1090,customer4046@email.com,Ford,Escape,2021,Silver,Sedan,18773,2.0L I4,Automatic,47611,New,117,New York,True,6990,36
4047,2023-06-07,Customer 4047,555-369-2553,customer4047@email.com,Toyota,Tacoma,2020,Black,SUV,10745,5.0L V8,CVT,33612,Used,109,Chicago,False,0,0
4048,2023-12-01,Customer 4048,555-887-5271,customer4048@email.com,Mercedes,S-Class,2021,Silver,SUV,46379,2.0L I4,CVT,40347,Used,108,Dallas,True,2692,48
4049,2023-10-25,Customer 4049,555-881-7499,customer4049@email.com,Mercedes,S-Class,2021,Gray,Truck,22226,2.5L I4,CVT,42127,New,117,Chicago,False,0,0
4050,2023-04-09,Customer 4050,555-376-2767,customer4050@email.com,Nissan,Altima,2023,Black,SUV,54541,5.0L V8,Manual,48047,Used,115,New York,False,0,0
4051,2023-05-21,Customer 4051,555-512-4940,customer4051@email.com,Hyundai,Tucson,2021,Green,Coupe,27818,3.6L V6,Manual,56739,New,113,Chicago,True,4267,48
4052,2023-05-08,Customer 4052,555-162-2161,customer4052@email.com,Toyota,Tacoma,2022,Black,Sedan,17272,3.6L V6,Automatic,57066,New,110,Chicago,False,0,0
4053,2023-02-25,Customer 4053,555-301-7634,customer4053@email.com,Hyundai,Tucson,2018,Black,Sedan,24125,3.5L V6,CVT,41972,Used,107,Houston,False,0,0
4054,2023-04-22,Customer 4054,555-685-3141,customer4054@email.com,Nissan,Rogue,2019,Silver,Sedan,47153,3.6L V6,Automatic,30051,Used,119,San Antonio,False,0,0
4055,2023-09-21,Customer 4055,555-104-6723,customer4055@email.com,Toyota,Camry,2022,Silver,SUV,44639,3.6L V6,Manual,27540,New,103,San Jose,True,1050,60
4056,2023-02-02,Customer 4056,555-819-7763,customer4056@email.com,Toyota,RAV4,2018,Blue,Truck,30539,3.5L V6,CVT,38342,Used,114,Chicago,True,3186,0
4057,2023-03-09,Customer 4057,555-330-1758,customer4057@email.com,Audi,A6,2020,Silver,Truck,37268,2.0L I4,Automatic,21852,Used,120,Chicago,False,0,0
4058,2023-01-13,Customer 4058,555-289-9790,customer4058@email.com,Audi,A6,2020,Gray,Coupe,28568,3.6L V6,CVT,44152,New,102,San Jose,False,0,0
4059,2023-04-16,Customer 4059,555-427-4536,customer4059@email.com,Chevrolet,Traverse,2021,Blue,SUV,6064,3.6L V6,Manual,18536,Used,101,San Diego,False,0,0
4060,2023-02-10,Customer 4060,555-144-9454,customer4060@email.com,Mercedes,S-Class,2024,White,Truck,13528,3.6L V6,CVT,40965,Used,104,San Jose,False,0,0
4061,2023-12-10,Customer 4061,555-995-2667,customer4061@email.com,Hyundai,Elantra,2022,Green,SUV,23088,3.5L V6,CVT,25950,Used,117,Chicago,True,4563,60
4062,2023-01-22,Customer 4062,555-380-4903,customer4062@email.com,Chevrolet,Silverado,2022,Black,Truck,12269,2.0L I4,CVT,33596,Used,112,Chicago,True,4990,72
4063,2023-06-06,Customer 4063,555-204-4273,customer4063@email.com,Nissan,Altima,2018,Black,Coupe,18422,2.5L I4,Automatic,21632,Used,106,Philadelphia,False,0,0
4064,2023-06-22,Customer 4064,555-399-1264,customer4064@email.com,Jeep,Cherokee,2018,Gray,Coupe,32923,5.0L V8,Manual,23834,New,113,San Jose,False,0,0
4065,2024-01-26,Customer 4065,555-437-9994,customer4065@email.com,Ford,Mustang,2022,White,Coupe,33545,2.5L I4,Manual,27380,Used,106,San Jose,True,1111,60
4066,2023-11-29,Customer 4066,555-507-5746,customer4066@email.com,BMW,3 Series,2018,Gray,SUV,6301,2.0L I4,Automatic,16808,Used,101,Chicago,True,2864,72
4067,2023-05-27,Customer 4067,555-546-8243,customer4067@email.com,Audi,A6,2024,Silver,Sedan,25399,2.5L I4,Manual,26050,New,112,San Antonio,True,1136,0
4068,2023-10-25,Customer 4068,555-359-8374,customer4068@email.com,BMW,3 Series,2019,Black,SUV,27269,2.5L I4,Manual,41864,Used,101,San Antonio,False,0,0
4069,2023-08-16,Customer 4069,555-256-5845,customer4069@email.com,Honda,Civic,2019,Red,SUV,13209,2.5L I4,CVT,34924,New,112,Los Angeles,True,2649,0
4070,2023-04-05,Customer 4070,555-458-1469,customer4070@email.com,Chevrolet,Equinox,2018,White,Truck,24748,3.5L V6,CVT,27157,Used,111,Chicago,False,0,0
4071,2023-12-29,Customer 4071,555-241-8842,customer4071@email.com,Hyundai,Elantra,2019,Black,Truck,7712,3.6L V6,Automatic,48337,New,101,San Diego,False,0,0
4072,2024-01-01,Customer 4072,555-963-5767,customer4072@email.com,Toyota,Camry,2022,Blue,Truck,39306,2.0L I4,CVT,27337,New,112,Phoenix,True,5386,36
4073,2023-04-22,Customer 4073,555-297-8235,customer4073@email.com,Toyota,RAV4,2024,Blue,Sedan,21981,3.6L V6,Automatic,54136,New,114,New York,True,3733,36
4074,2023-07-26,Customer 4074,555-513-9851,customer4074@email.com,Nissan,Altima,2024,Gray,Sedan,49083,5.0L V8,Manual,45170,Used,105,Houston,False,0,0
4075,2023-07-02,Customer 4075,555-113-3720,customer4075@email.com,Ford,Escape,2018,Silver,SUV,55833,3.6L V6,Automatic,34140,Used,101,Los Angeles,False,0,0
4076,2023-10-13,Customer 4076,555-936-1718,customer4076@email.com,Jeep,Cherokee,2021,Black,Truck,31164,2.0L I4,CVT,53351,New,114,Houston,True,10784,60
4077,2023-02-18,Customer 4077,555-856-5935,customer4077@email.com,Mercedes,S-Class,2022,Gray,Sedan,27316,2.5L I4,CVT,35536,New,105,San Diego,True,6471,0
4078,2023-02-08,Customer 4078,555-135-6648,customer4078@email.com,Jeep,Cherokee,2022,Red,SUV,31623,2.5L I4,Manual,27640,Used,120,San Antonio,True,2434,0
4079,2024-01-14,Customer 4079,555-424-7613,customer4079@email.com,Audi,A6,2020,Red,Sedan,19073,5.0L V8,CVT,53345,New,107,Los Angeles,True,8574,36
4080,2023-10-17,Customer 4080,555-381-5335,customer4080@email.com,Ford,F-150,2019,Blue,Coupe,53489,2.0L I4,Manual,48855,New,115,Chicago,False,0,0
4081,2023-12-20,Customer 4081,555-202-2805,customer4081@email.com,Chevrolet,Silverado,2019,White,Sedan,44996,2.5L I4,Automatic,27838,Used,114,Phoenix,False,0,0
4082,2023-10-01,Customer 4082,555-192-3607,customer4082@email.com,Toyota,RAV4,2018,Red,Truck,12074,5.0L V8,CVT,16777,Used,106,Los Angeles,False,0,0
4083,2023-11-28,Customer 4083,555-149-2931,customer4083@email.com,Nissan,Rogue,2023,Gray,Sedan,14816,3.6L V6,Automatic,55810,Used,119,New York,False,0,0
4084,2023-07-17,Customer 4084,555-262-8163,customer4084@email.com,Chevrolet,Silverado,2018,Silver,SUV,19791,3.5L V6,Manual,16875,New,101,Los Angeles,True,4055,60
4085,2023-11-15,Customer 4085,555-164-2763,customer4085@email.com,Jeep,Grand Cherokee,2023,Blue,Sedan,47268,3.5L V6,Automatic,58744,New,101,San Jose,False,0,0
4086,2023-05-29,Customer 4086,555-961-6374,customer4086@email.com,Nissan,Altima,2023,Gray,Truck,25443,3.6L V6,Manual,32505,Used,108,Philadelphia,False,0,0
4087,2023-12-26,Customer 4087,555-152-5447,customer4087@email.com,Nissan,Rogue,2020,White,Truck,35496,2.5L I4,Manual,51280,Used,104,Phoenix,False,0,0
4088,2023-04-27,Customer 4088,555-294-5836,customer4088@email.com,Toyota,Camry,2021,Black,SUV,38015,3.5L V6,Automatic,37124,New,112,Dallas,True,1665,36
4089,2023-10-31,Customer 4089,555-596-7422,customer4089@email.com,Toyota,RAV4,2020,Gray,Coupe,54690,2.5L I4,CVT,48429,New,120,San Antonio,True,3779,60
4090,2023-08-20,Customer 4090,555-222-4099,customer4090@email.com,Audi,A4,2024,Gray,Truck,38206,3.6L V6,CVT,33855,New,105,San Antonio,True,3680,48
4091,2023-02-13,Customer 4091,555-226-9080,customer4091@email.com,Ford,Escape,2021,Green,Sedan,52580,2.0L I4,CVT,15169,Used,105,San Jose,False,0,0
4092,2023-12-19,Customer 4092,555-231-6618,customer4092@email.com,Toyota,RAV4,2021,Silver,Truck,53393,3.5L V6,Manual,34396,New,102,San Jose,True,7447,36
4093,2023-04-08,Customer 4093,555-587-7149,customer4093@email.com,Honda,CR-V,2020,Red,SUV,27234,3.5L V6,Manual,49466,New,105,Dallas,False,0,0
4094,2023-09-25,Customer 4094,555-948-1748,customer4094@email.com,Toyota,RAV4,2023,White,SUV,9116,3.6L V6,Automatic,59429,Used,113,Phoenix,True,2785,36
4095,2023-03-12,Customer 4095,555-458-9864,customer4095@email.com,Jeep,Wrangler,2018,Silver,SUV,17252,3.5L V6,Automatic,25129,New,101,Dallas,False,0,0
4096,2023-04-10,Customer 4096,555-550-8184,customer4096@email.com,Honda,CR-V,2024,Gray,Coupe,12634,3.5L V6,Automatic,17214,Used,119,New York,True,2763,48
4097,2024-01-13,Customer 4097,555-993-6123,customer4097@email.com,Mercedes,C-Class,2020,Black,Truck,13527,5.0L V8,CVT,33469,Used,120,Los Angeles,True,5702,48
4098,2023-04-20,Customer 4098,555-587-4862,customer4098@email.com,Hyundai,Sonata,2021,Red,Sedan,51464,2.5L I4,CVT,35219,New,111,New York,True,8126,60
4099,2023-01-14,Customer 4099,555-492-8434,customer4099@email.com,Jeep,Cherokee,2021,Black,Truck,10944,2.5L I4,Manual,15942,New,116,Chicago,False,0,0
4100,2023-06-13,Customer 4100,555-749-8544,customer4100@email.com,Chevrolet,Traverse,2020,Blue,Coupe,5117,2.0L I4,Automatic,38779,New,120,San Diego,True,7412,72
4101,2024-01-05,Customer 4101,555-122-4390,customer4101@email.com,Nissan,Altima,2021,Green,SUV,13316,3.6L V6,Automatic,44447,Used,105,Los Angeles,True,3047,0
4102,2023-10-11,Customer 4102,555-575-6989,customer4102@email.com,Jeep,Cherokee,2018,Green,SUV,51523,3.5L V6,Automatic,48464,New,111,New York,True,1710,0
4103,2023-02-02,Customer 4103,555-283-6889,customer4103@email.com,Audi,A4,2019,Green,Sedan,46403,2.0L I4,Automatic,54714,New,109,Philadelphia,False,0,0
4104,2023-05-07,Customer 4104,555-469-4900,customer4104@email.com,Honda,CR-V,2024,Green,Sedan,26963,3.6L V6,Manual,49553,New,110,Philadelphia,True,3124,72
4105,2023-12-06,Customer 4105,555-882-7511,customer4105@email.com,Ford,F-150,2020,Black,SUV,57305,3.6L V6,Manual,25358,New,120,New York,False,0,0
4106,2023-09-22,Customer 4106,555-681-5452,customer4106@email.com,Ford,Escape,2024,Black,Truck,48113,3.5L V6,CVT,27796,Used,112,Los Angeles,True,475,36
4107,2023-09-08,Customer 4107,555-885-7827,customer4107@email.com,Nissan,Rogue,2022,White,Truck,10499,3.6L V6,Automatic,20796,New,115,San Jose,True,1525,0
4108,2023-04-15,Customer 4108,555-351-9127,customer4108@email.com,Toyota,Camry,2024,Black,Coupe,13193,5.0L V8,Automatic,45285,New,103,New York,False,0,0
4109,2023-03-27,Customer 4109,555-802-7748,customer4109@email.com,Honda,Accord,2020,Silver,Truck,19403,3.6L V6,Automatic,57380,Used,104,San Jose,False,0,0
4110,2023-04-16,Customer 4110,555-225-7240,customer4110@email.com,Jeep,Wrangler,2020,Gray,Sedan,36148,2.0L I4,CVT,25989,New,101,Houston,False,0,0
4111,2023-08-14,Customer 4111,555-859-4482,customer4111@email.com,Ford,F-150,2022,Gray,Truck,23007,5.0L V8,Automatic,56360,Used,108,San Antonio,False,0,0
4112,2023-04-12,Customer 4112,555-326-1409,customer4112@email.com,Hyundai,Elantra,2021,Black,Coupe,16050,3.6L V6,Manual,50549,Used,116,Dallas,True,2238,60
4113,2023-01-12,Customer 4113,555-599-9875,customer4113@email.com,Chevrolet,Silverado,2021,Blue,Sedan,25431,2.0L I4,Manual,17977,Used,104,Philadelphia,False,0,0
4114,2023-08-11,Customer 4114,555-195-5347,customer4114@email.com,Chevrolet,Traverse,2022,Silver,Coupe,28527,5.0L V8,Manual,19125,New,105,New York,True,4542,60
4115,2023-07-18,Customer 4115,555-548-9620,customer4115@email.com,Hyundai,Elantra,2019,Black,SUV,12792,2.5L I4,Automatic,19976,New,117,San Diego,True,1138,72
4116,2023-12-01,Customer 4116,555-871-4496,customer4116@email.com,Honda,Civic,2018,White,SUV,47163,3.5L V6,Automatic,34947,Used,119,Chicago,False,0,0
4117,2023-12-03,Customer 4117,555-726-7790,customer4117@email.com,Ford,Mustang,2020,Blue,Coupe,47442,3.6L V6,CVT,16368,New,110,Chicago,False,0,0
4118,2023-01-25,Customer 4118,555-803-6862,customer4118@email.com,Chevrolet,Equinox,2019,Red,SUV,46912,3.5L V6,CVT,23618,Used,118,Chicago,True,1188,48
4119,2023-07-18,Customer 4119,555-792-9314,customer4119@email.com,Toyota,Camry,2023,Silver,Truck,59216,3.5L V6,Manual,55007,Used,103,San Jose,False,0,0
4120,2023-08-01,Customer 4120,555-621-9051,customer4120@email.com,Toyota,Camry,2023,Silver,Sedan,51140,2.5L I4,CVT,33971,Used,101,San Antonio,True,7482,60
4121,2023-09-15,Customer 4121,555-282-8675,customer4121@email.com,Hyundai,Elantra,2024,Gray,Sedan,34659,3.5L V6,Manual,55999,New,106,Dallas,False,0,0
4122,2023-03-30,Customer 4122,555-213-8420,customer4122@email.com,Chevrolet,Equinox,2019,Black,Coupe,20537,2.0L I4,CVT,32439,Used,117,Houston,True,7991,0
4123,2023-05-13,Customer 4123,555-137-6971,customer4123@email.com,Toyota,Tacoma,2018,Silver,Truck,10709,3.6L V6,CVT,35410,New,110,Houston,False,0,0
4124,2023-01-29,Customer 4124,555-688-2150,customer4124@email.com,Jeep,Wrangler,2023,Red,Coupe,43334,3.5L V6,Automatic,30108,Used,113,San Jose,False,0,0
4125,2023-11-01,Customer 4125,555-261-6046,customer4125@email.com,BMW,3 Series,2021,Green,Coupe,46954,3.6L V6,Automatic,35400,New,107,Chicago,False,0,0
4126,2023-08-28,Customer 4126,555-135-2579,customer4126@email.com,Nissan,Rogue,2022,White,Sedan,51816,2.0L I4,Automatic,29091,New,108,Houston,True,6429,48
4127,2023-01-08,Customer 4127,555-861-7746,customer4127@email.com,Honda,CR-V,2020,Red,SUV,26187,2.5L I4,Automatic,42078,New,102,San Diego,True,319,72
4128,2023-10-29,Customer 4128,555-138-9374,customer4128@email.com,Honda,Accord,2019,Gray,Truck,41108,3.5L V6,Manual,53257,New,104,Houston,False,0,0
4129,2023-03-02,Customer 4129,555-511-9172,customer4129@email.com,BMW,X5,2021,Blue,Coupe,20056,2.5L I4,Manual,32530,Used,118,New York,True,5638,0
4130,2024-01-22,Customer 4130,555-432-8748,customer4130@email.com,BMW,X5,2020,Black,Sedan,37906,3.5L V6,Manual,31940,Used,112,Los Angeles,True,5979,60
4131,2023-09-01,Customer 4131,555-681-2619,customer4131@email.com,Hyundai,Sonata,2023,Red,Coupe,38979,3.5L V6,CVT,26730,Used,120,Philadelphia,False,0,0
4132,2023-08-07,Customer 4132,555-122-3866,customer4132@email.com,Hyundai,Sonata,2021,Red,Sedan,8760,3.5L V6,Manual,50610,New,102,San Jose,False,0,0
4133,2023-11-30,Customer 4133,555-392-5544,customer4133@email.com,BMW,X5,2022,White,SUV,58780,3.6L V6,Manual,31856,New,105,Los Angeles,True,6137,48
4134,2023-01-12,Customer 4134,555-328-3631,customer4134@email.com,Toyota,Camry,2023,Black,Coupe,23500,2.0L I4,Manual,59609,New,111,Los Angeles,True,2949,36
4135,2023-07-13,Customer 4135,555-313-8094,customer4135@email.com,BMW,5 Series,2024,Red,Sedan,3270,3.5L V6,CVT,47558,Used,119,Phoenix,False,0,0
4136,2023-01-30,Customer 4136,555-621-2200,customer4136@email.com,Ford,F-150,2024,Silver,Sedan,53038,2.0L I4,Automatic,38464,Used,109,San Diego,True,6458,60
4137,2023-05-16,Customer 4137,555-520-5530,customer4137@email.com,Toyota,RAV4,2018,Red,Coupe,34695,2.5L I4,CVT,36300,New,104,San Jose,True,2420,0
4138,2023-05-07,Customer 4138,555-223-1604,customer4138@email.com,Honda,CR-V,2020,Black,Coupe,25757,5.0L V8,CVT,30010,Used,103,Philadelphia,False,0,0
4139,2023-06-24,Customer 4139,555-213-2058,customer4139@email.com,Hyundai,Tucson,2018,Black,Truck,29272,5.0L V8,Automatic,20217,New,107,Houston,True,4781,60
4140,2023-08-25,Customer 4140,555-944-7647,customer4140@email.com,Chevrolet,Silverado,2024,Black,Sedan,48769,2.0L I4,Automatic,17282,Used,107,Chicago,True,184,60
4141,2023-03-07,Customer 4141,555-918-6632,customer4141@email.com,Audi,A6,2020,Black,Truck,32599,3.6L V6,Manual,40905,New,118,San Diego,True,5862,36
4142,2023-05-13,Customer 4142,555-870-7482,customer4142@email.com,Honda,Civic,2024,White,Truck,47298,3.5L V6,Automatic,39375,Used,108,Phoenix,True,8641,36
4143,2023-10-25,Customer 4143,555-500-4704,customer4143@email.com,Hyundai,Sonata,2020,Blue,Truck,42055,2.0L I4,Manual,28943,New,118,Philadelphia,False,0,0
4144,2023-01-17,Customer 4144,555-397-1358,customer4144@email.com,Ford,Mustang,2021,Blue,Truck,35307,2.5L I4,CVT,29801,New,118,San Antonio,False,0,0
4145,2023-05-19,Customer 4145,555-657-2152,customer4145@email.com,BMW,5 Series,2022,Silver,Sedan,37758,3.6L V6,Automatic,39933,Used,118,San Antonio,True,5022,36
4146,2023-01-16,Customer 4146,555-686-5915,customer4146@email.com,Mercedes,C-Class,2024,Gray,SUV,42872,5.0L V8,CVT,15601,New,109,San Antonio,False,0,0
4147,2023-03-25,Customer 4147,555-357-7394,customer4147@email.com,Nissan,Titan,2024,Gray,SUV,3152,5.0L V8,Automatic,34583,Used,119,New York,False,0,0
4148,2023-11-23,Customer 4148,555-520-9383,customer4148@email.com,Hyundai,Sonata,2018,Blue,Truck,33765,3.6L V6,Automatic,51295,New,114,San Jose,True,10880,36
4149,2023-01-16,Customer 4149,555-555-3553,customer4149@email.com,Mercedes,C-Class,2021,Red,SUV,19437,2.0L I4,Automatic,15400,Used,104,Dallas,True,3791,72
4150,2023-02-07,Customer 4150,555-515-9328,customer4150@email.com,Audi,Q5,2018,White,Coupe,21186,2.0L I4,Automatic,36229,Used,104,San Diego,False,0,0
4151,2023-10-11,Customer 4151,555-517-4688,customer4151@email.com,Nissan,Altima,2024,Black,Sedan,30382,5.0L V8,Manual,45914,Used,116,Houston,False,0,0
4152,2023-04-20,Customer 4152,555-630-2605,customer4152@email.com,Hyundai,Elantra,2020,White,Truck,18757,3.5L V6,Automatic,31757,New,110,Dallas,True,5140,0
4153,2023-08-21,Customer 4153,555-564-4073,customer4153@email.com,Toyota,RAV4,2019,White,Coupe,32401,2.0L I4,Automatic,54598,New,119,Philadelphia,False,0,0
4154,2023-01-28,Customer 4154,555-478-1937,customer4154@email.com,Toyota,RAV4,2018,Gray,Coupe,52718,3.5L V6,CVT,23183,New,108,Houston,True,5407,60
4155,2023-07-31,Customer 4155,555-415-1148,customer4155@email.com,Nissan,Titan,2018,Black,SUV,24239,5.0L V8,CVT,52987,Used,116,Dallas,False,0,0
4156,2023-05-20,Customer 4156,555-569-5886,customer4156@email.com,BMW,X5,2023,Black,Coupe,53118,3.6L V6,Automatic,45327,New,120,Phoenix,False,0,0
4157,2023-06-05,Customer 4157,555-102-5460,customer4157@email.com,BMW,5 Series,2019,Gray,Truck,8889,2.5L I4,Automatic,40052,Used,110,Houston,True,3138,60
4158,2023-08-10,Customer 4158,555-952-6427,customer4158@email.com,Toyota,Tacoma,2021,Blue,Sedan,41481,2.5L I4,CVT,40854,New,119,San Antonio,False,0,0
4159,2023-12-11,Customer 4159,555-486-6120,customer4159@email.com,Toyota,Tacoma,2024,Gray,Truck,50778,5.0L V8,Manual,25677,Used,117,San Diego,False,0,0
4160,2023-03-15,Customer 4160,555-401-6892,customer4160@email.com,Jeep,Cherokee,2020,Silver,Sedan,20600,3.5L V6,CVT,44997,New,119,Dallas,False,0,0
4161,2023-12-05,Customer 4161,555-830-9185,customer4161@email.com,Audi,A4,2022,Blue,SUV,19711,3.6L V6,Automatic,37703,New,114,Los Angeles,False,0,0
4162,2023-12-11,Customer 4162,555-266-8960,customer4162@email.com,Jeep,Cherokee,2019,Red,SUV,27298,5.0L V8,Automatic,55588,Used,117,Chicago,False,0,0
4163,2023-10-18,Customer 4163,555-966-6481,customer4163@email.com,Nissan,Rogue,2020,Green,Sedan,40739,3.5L V6,Automatic,37961,Used,104,San Antonio,False,0,0
4164,2023-10-31,Customer 4164,555-248-3596,customer4164@email.com,Toyota,Camry,2022,Red,Sedan,13013,3.5L V6,CVT,57888,Used,115,New York,False,0,0
4165,2023-01-07,Customer 4165,555-642-2095,customer4165@email.com,Mercedes,S-Class,2023,Black,Sedan,38324,5.0L V8,Manual,34220,Used,106,Dallas,True,4092,0
4166,2023-03-27,Customer 4166,555-956-5463,customer4166@email.com,Hyundai,Tucson,2024,Green,Truck,3865,5.0L V8,Manual,43053,New,117,San Antonio,True,8252,60
4167,2023-03-31,Customer 4167,555-790-4538,customer4167@email.com,Audi,Q5,2022,White,SUV,28650,2.0L I4,Manual,40364,New,106,Phoenix,True,766,36
4168,2023-01-17,Customer 4168,555-768-7848,customer4168@email.com,BMW,5 Series,2021,Blue,Truck,58156,5.0L V8,Manual,23761,Used,112,Philadelphia,False,0,0
4169,2023-04-05,Customer 4169,555-482-9700,customer4169@email.com,Jeep,Grand Cherokee,2020,Blue,Coupe,56828,5.0L V8,CVT,57082,Used,109,Philadelphia,True,14071,72
4170,2023-12-07,Customer 4170,555-316-9262,customer4170@email.com,Hyundai,Elantra,2018,Green,SUV,25385,2.5L I4,Manual,47819,Used,101,Los Angeles,True,3225,0
4171,2023-04-02,Customer 4171,555-374-2651,customer4171@email.com,Toyota,Camry,2023,Gray,Truck,49584,2.0L I4,Manual,41681,Used,113,Houston,True,9926,48
4172,2023-07-11,Customer 4172,555-765-2830,customer4172@email.com,Ford,F-150,2019,Red,Coupe,38730,2.5L I4,Manual,20212,New,117,Dallas,False,0,0
4173,2023-09-11,Customer 4173,555-727-3195,customer4173@email.com,Hyundai,Tucson,2022,Red,Coupe,19843,2.0L I4,CVT,32506,Used,115,Dallas,True,3419,60
4174,2023-12-03,Customer 4174,555-283-3271,customer4174@email.com,Audi,A4,2020,White,Truck,40584,2.5L I4,CVT,49202,New,104,New York,False,0,0
4175,2023-10-28,Customer 4175,555-873-2284,customer4175@email.com,Mercedes,C-Class,2023,Silver,SUV,48814,2.5L I4,CVT,22265,Used,115,Chicago,True,2913,48
4176,2023-01-15,Customer 4176,555-166-4530,customer4176@email.com,Jeep,Grand Cherokee,2018,Silver,Sedan,44920,3.6L V6,Manual,31419,New,107,San Jose,False,0,0
4177,2023-12-01,Customer 4177,555-261-5896,customer4177@email.com,Mercedes,E-Class,2019,Black,Sedan,49669,3.5L V6,CVT,37282,New,102,Dallas,True,415,0
4178,2023-05-27,Customer 4178,555-843-6343,customer4178@email.com,Audi,A4,2022,Gray,Coupe,10212,3.5L V6,Manual,38021,Used,115,San Antonio,True,8524,48
4179,2023-04-11,Customer 4179,555-427-6059,customer4179@email.com,Nissan,Altima,2023,White,Truck,24498,3.5L V6,CVT,51632,Used,114,San Antonio,False,0,0
4180,2023-09-15,Customer 4180,555-640-5305,customer4180@email.com,Hyundai,Sonata,2019,Green,SUV,45676,3.5L V6,Automatic,46999,New,109,Houston,True,6338,0
4181,2024-01-17,Customer 4181,555-681-8475,customer4181@email.com,Nissan,Altima,2020,Black,SUV,54287,2.5L I4,Manual,38527,Used,119,Philadelphia,True,7921,0
4182,2023-11-14,Customer 4182,555-346-2626,customer4182@email.com,Mercedes,C-Class,2019,White,SUV,38133,3.5L V6,Automatic,19022,Used,105,Phoenix,True,3968,48
4183,2023-03-07,Customer 4183,555-650-9936,customer4183@email.com,Ford,Mustang,2018,Black,Sedan,19257,2.0L I4,Automatic,23020,New,116,San Diego,True,3311,0
4184,2023-06-03,Customer 4184,555-408-9149,customer4184@email.com,Nissan,Altima,2018,Gray,Sedan,7664,3.6L V6,Manual,57587,New,107,Phoenix,True,8160,36
4185,2023-07-14,Customer 4185,555-466-4782,customer4185@email.com,Ford,Escape,2023,Green,Coupe,40998,3.5L V6,Manual,57616,Used,119,San Diego,True,8735,72
4186,2023-03-22,Customer 4186,555-547-5932,customer4186@email.com,Hyundai,Elantra,2021,Blue,Sedan,15737,3.6L V6,CVT,15225,Used,117,San Jose,True,1352,72
4187,2023-04-20,Customer 4187,555-565-3001,customer4187@email.com,Audi,A6,2018,Black,Coupe,31686,2.0L I4,CVT,28220,New,107,San Diego,True,549,72
4188,2023-07-22,Customer 4188,555-308-7588,customer4188@email.com,Mercedes,S-Class,2024,Green,Coupe,52667,3.6L V6,Manual,25685,New,112,New York,False,0,0
4189,2023-09-24,Customer 4189,555-143-3146,customer4189@email.com,Honda,CR-V,2023,White,SUV,11871,3.6L V6,CVT,33180,Used,112,Philadelphia,False,0,0
4190,2023-02-11,Customer 4190,555-678-5438,customer4190@email.com,Honda,CR-V,2019,Green,Sedan,59515,3.6L V6,Manual,19393,Used,118,San Antonio,True,4331,36
4191,2023-03-03,Customer 4191,555-338-2184,customer4191@email.com,Chevrolet,Traverse,2022,Red,Coupe,54925,2.0L I4,Manual,26084,New,104,Chicago,True,2167,60
4192,2023-12-25,Customer 4192,555-219-3708,customer4192@email.com,BMW,5 Series,2021,Gray,Truck,17816,3.6L V6,Manual,50298,New,117,San Diego,False,0,0
4193,2023-09-11,Customer 4193,555-940-3599,customer4193@email.com,Toyota,RAV4,2020,Green,Coupe,10876,5.0L V8,Automatic,20298,New,110,Chicago,False,0,0
4194,2023-08-09,Customer 4194,555-824-5878,customer4194@email.com,Nissan,Titan,2020,White,Sedan,58276,3.6L V6,Automatic,55214,Used,109,San Diego,True,8020,60
4195,2024-01-12,Customer 4195,555-563-1453,customer4195@email.com,Hyundai,Sonata,2018,Green,Truck,15338,2.5L I4,CVT,31397,New,104,Los Angeles,True,6971,60
4196,2023-01-17,Customer 4196,555-892-3596,customer4196@email.com,Nissan,Rogue,2018,White,Truck,20368,2.5L I4,Manual,42896,Used,113,Los Angeles,False,0,0
4197,2023-11-07,Customer 4197,555-774-5657,customer4197@email.com,Chevrolet,Equinox,2024,Green,Coupe,11138,3.6L V6,Manual,25422,New,102,Los Angeles,False,0,0
4198,2023-09-06,Customer 4198,555-179-8631,customer4198@email.com,Audi,A6,2020,Green,SUV,5878,5.0L V8,Automatic,26732,New,115,New York,False,0,0
4199,2023-01-06,Customer 4199,555-845-7717,customer4199@email.com,Toyota,Tacoma,2018,Green,Sedan,59851,2.0L I4,Automatic,40642,New,101,San Antonio,False,0,0
4200,2023-01-04,Customer 4200,555-630-7186,customer4200@email.com,Ford,Escape,2023,Green,Sedan,54490,5.0L V8,Manual,54411,New,117,San Jose,False,0,0
4201,2023-11-23,Customer 4201,555-232-3494,customer4201@email.com,Audi,A6,2022,White,Truck,29650,3.6L V6,Manual,48697,Used,111,Philadelphia,False,0,0
4202,2023-04-06,Customer 4202,555-972-2551,customer4202@email.com,Chevrolet,Equinox,2019,Silver,Sedan,57421,2.0L I4,CVT,18450,Used,109,Chicago,False,0,0
4203,2023-02-12,Customer 4203,555-396-9597,customer4203@email.com,Toyota,Tacoma,2020,Black,Coupe,47465,5.0L V8,Automatic,31218,Used,105,San Diego,False,0,0
4204,2023-05-10,Customer 4204,555-161-7495,customer4204@email.com,Mercedes,C-Class,2021,Green,Truck,58205,5.0L V8,Automatic,45566,Used,115,Chicago,True,4284,60
4205,2023-06-16,Customer 4205,555-332-3768,customer4205@email.com,Ford,F-150,2018,Red,SUV,17710,3.6L V6,Automatic,36453,Used,111,Phoenix,True,640,36
4206,2023-01-16,Customer 4206,555-584-9090,customer4206@email.com,Mercedes,S-Class,2018,Silver,SUV,29370,5.0L V8,Manual,50333,New,110,Philadelphia,False,0,0
4207,2023-06-28,Customer 4207,555-932-2367,customer4207@email.com,Ford,Escape,2019,Gray,Sedan,10983,2.5L I4,Automatic,52550,Used,117,Chicago,False,0,0
4208,2024-01-13,Customer 4208,555-854-3862,customer4208@email.com,Toyota,Tacoma,2019,Blue,Truck,39052,3.6L V6,Automatic,38361,New,102,Chicago,False,0,0
4209,2023-03-09,Customer 4209,555-818-6268,customer4209@email.com,Mercedes,C-Class,2021,Blue,Coupe,24785,3.5L V6,CVT,59078,Used,114,Los Angeles,False,0,0
4210,2023-05-20,Customer 4210,555-906-6156,customer4210@email.com,Nissan,Rogue,2019,Black,Sedan,48047,2.0L I4,Automatic,40692,Used,116,San Jose,True,567,60
4211,2023-05-01,Customer 4211,555-759-5666,customer4211@email.com,Honda,Accord,2021,Silver,SUV,33830,2.0L I4,CVT,50524,New,111,Houston,False,0,0
4212,2023-02-16,Customer 4212,555-532-1614,customer4212@email.com,Mercedes,S-Class,2021,Green,Truck,8598,5.0L V8,Manual,46967,Used,105,Los Angeles,False,0,0
4213,2023-02-01,Customer 4213,555-228-9769,customer4213@email.com,Hyundai,Sonata,2024,Red,Coupe,36731,5.0L V8,CVT,42125,Used,109,Los Angeles,True,8963,60
4214,2023-02-10,Customer 4214,555-509-8001,customer4214@email.com,Audi,Q5,2018,Black,Sedan,39052,5.0L V8,CVT,36912,Used,106,Houston,True,2491,36
4215,2023-01-08,Customer 4215,555-226-1115,customer4215@email.com,Honda,Accord,2022,White,Truck,12748,3.5L V6,Manual,19954,New,105,Houston,True,3728,0
4216,2023-06-01,Customer 4216,555-941-5377,customer4216@email.com,Jeep,Wrangler,2020,Red,SUV,39676,2.0L I4,Automatic,17745,New,102,Los Angeles,False,0,0
4217,2023-01-28,Customer 4217,555-607-8439,customer4217@email.com,Audi,A6,2023,Black,Coupe,11421,3.5L V6,Manual,59311,Used,114,Los Angeles,False,0,0
4218,2024-01-23,Customer 4218,555-166-2646,customer4218@email.com,Audi,Q5,2022,White,SUV,15270,2.5L I4,Automatic,36164,Used,113,New York,True,1767,48
4219,2023-08-11,Customer 4219,555-658-8082,customer4219@email.com,Toyota,RAV4,2021,Green,Coupe,53244,3.5L V6,Automatic,33204,Used,114,Los Angeles,False,0,0
4220,2023-06-14,Customer 4220,555-630-5128,customer4220@email.com,Jeep,Wrangler,2019,Black,Coupe,28268,3.6L V6,Manual,52179,New,117,Philadelphia,False,0,0
4221,2024-01-25,Customer 4221,555-797-5740,customer4221@email.com,Chevrolet,Equinox,2022,Gray,Truck,39371,5.0L V8,Manual,41228,Used,109,Phoenix,True,9801,60
4222,2024-01-11,Customer 4222,555-196-6097,customer4222@email.com,Toyota,RAV4,2019,White,Coupe,17453,2.5L I4,CVT,29976,Used,120,Dallas,True,4014,48
4223,2023-04-27,Customer 4223,555-323-1588,customer4223@email.com,Toyota,RAV4,2024,Blue,Sedan,40994,2.5L I4,Manual,48108,Used,109,Phoenix,True,4205,48
4224,2024-01-25,Customer 4224,555-577-3914,customer4224@email.com,Audi,Q5,2019,Blue,SUV,5474,3.6L V6,Automatic,25641,Used,117,Philadelphia,False,0,0
4225,2023-08-31,Customer 4225,555-440-6125,customer4225@email.com,Nissan,Titan,2023,Green,SUV,27777,2.5L I4,Manual,58614,New,117,Phoenix,True,4950,36
4226,2023-05-19,Customer 4226,555-732-6458,customer4226@email.com,Ford,Escape,2021,Silver,SUV,51813,3.5L V6,Manual,51750,New,105,New York,False,0,0
4227,2023-10-26,Customer 4227,555-253-9157,customer4227@email.com,Hyundai,Elantra,2020,Black,Coupe,22904,3.5L V6,Automatic,33794,Used,105,San Antonio,True,1025,0
4228,2023-01-14,Customer 4228,555-254-9426,customer4228@email.com,Jeep,Cherokee,2024,White,Coupe,55682,3.5L V6,Manual,27698,Used,106,Chicago,True,6369,36
4229,2023-06-03,Customer 4229,555-898-5098,customer4229@email.com,BMW,3 Series,2018,Green,Coupe,41205,2.0L I4,Automatic,41113,New,109,San Diego,True,4691,36
4230,2023-09-07,Customer 4230,555-831-6317,customer4230@email.com,Jeep,Grand Cherokee,2019,Silver,SUV,53922,2.5L I4,CVT,37171,Used,108,Chicago,True,8724,48
4231,2023-06-12,Customer 4231,555-742-4056,customer4231@email.com,Mercedes,C-Class,2020,Black,SUV,15465,3.6L V6,Automatic,59607,Used,112,San Antonio,True,8963,48
4232,2023-01-29,Customer 4232,555-968-7916,customer4232@email.com,Jeep,Grand Cherokee,2020,Green,Sedan,16148,3.5L V6,Automatic,15404,Used,106,San Antonio,False,0,0
4233,2023-04-03,Customer 4233,555-296-4550,customer4233@email.com,Ford,Mustang,2021,Green,Truck,13747,2.5L I4,Automatic,53138,Used,120,Philadelphia,True,9553,60
4234,2023-09-10,Customer 4234,555-622-1826,customer4234@email.com,Audi,A4,2022,Green,SUV,33561,3.5L V6,CVT,44720,New,103,Los Angeles,True,846,48
4235,2023-01-31,Customer 4235,555-862-3567,customer4235@email.com,Nissan,Titan,2018,Gray,Sedan,39976,5.0L V8,Manual,51234,Used,101,Los Angeles,False,0,0
4236,2023-07-21,Customer 4236,555-447-5612,customer4236@email.com,Toyota,Tacoma,2023,Red,Truck,53202,3.5L V6,Automatic,49995,New,102,San Jose,True,5558,0
4237,2023-10-11,Customer 4237,555-993-5825,customer4237@email.com,Jeep,Wrangler,2020,Green,Sedan,11617,2.0L I4,Automatic,40379,New,103,Phoenix,True,5458,36
4238,2023-01-06,Customer 4238,555-738-2493,customer4238@email.com,Mercedes,C-Class,2023,Black,SUV,31353,2.5L I4,Manual,27008,New,114,Phoenix,False,0,0
4239,2023-04-15,Customer 4239,555-278-1508,customer4239@email.com,Nissan,Altima,2024,Green,Truck,15683,2.5L I4,Manual,21809,Used,120,San Diego,True,1969,0
4240,2024-01-14,Customer 4240,555-152-9564,customer4240@email.com,Honda,CR-V,2024,Red,Coupe,52546,3.6L V6,CVT,39786,Used,102,Phoenix,True,3318,48
4241,2024-01-04,Customer 4241,555-131-1720,customer4241@email.com,Hyundai,Sonata,2018,Blue,SUV,51590,2.0L I4,CVT,52074,New,105,Philadelphia,False,0,0
4242,2024-01-08,Customer 4242,555-971-4454,customer4242@email.com,Honda,Accord,2020,Red,Coupe,53940,3.5L V6,Manual,37097,New,115,Chicago,True,8828,72
4243,2023-09-17,Customer 4243,555-363-2530,customer4243@email.com,Honda,CR-V,2021,Silver,Sedan,7247,3.5L V6,Automatic,46114,New,110,San Diego,True,5074,48
4244,2024-01-20,Customer 4244,555-970-4804,customer4244@email.com,Hyundai,Sonata,2022,Black,SUV,28966,5.0L V8,Manual,26315,New,103,San Diego,True,1122,0
4245,2023-01-13,Customer 4245,555-880-9186,customer4245@email.com,Nissan,Rogue,2018,Red,Coupe,38142,3.6L V6,Automatic,55095,New,103,Houston,False,0,0
4246,2023-11-04,Customer 4246,555-927-3544,customer4246@email.com,Chevrolet,Traverse,2021,Red,Coupe,14621,3.5L V6,Automatic,52883,Used,101,San Diego,False,0,0
4247,2023-01-18,Customer 4247,555-493-1375,customer4247@email.com,Hyundai,Tucson,2024,Silver,SUV,54408,3.6L V6,Manual,55899,New,102,Chicago,True,386,36
4248,2023-08-26,Customer 4248,555-541-3397,customer4248@email.com,Audi,A4,2018,Gray,SUV,12793,3.5L V6,Manual,18412,New,114,Houston,False,0,0
4249,2023-12-05,Customer 4249,555-503-3115,customer4249@email.com,Audi,A4,2024,Silver,SUV,11467,2.0L I4,Automatic,42327,Used,107,San Jose,False,0,0
4250,2023-10-12,Customer 4250,555-944-3717,customer4250@email.com,Hyundai,Sonata,2018,Red,SUV,44265,2.5L I4,Automatic,36395,New,113,San Antonio,False,0,0
4251,2023-03-29,Customer 4251,555-163-4349,customer4251@email.com,Nissan,Altima,2024,Gray,Truck,6899,2.0L I4,Automatic,33138,Used,101,Los Angeles,False,0,0
4252,2024-01-11,Customer 4252,555-939-3634,customer4252@email.com,Mercedes,C-Class,2023,Blue,Coupe,39336,2.0L I4,Automatic,42264,Used,114,Los Angeles,False,0,0
4253,2024-01-06,Customer 4253,555-631-9292,customer4253@email.com,Audi,A6,2022,Silver,Coupe,21466,3.6L V6,CVT,51959,Used,101,Chicago,True,8368,72
4254,2023-09-09,Customer 4254,555-298-3691,customer4254@email.com,Honda,Civic,2024,Red,Truck,30021,3.6L V6,Automatic,50411,New,108,San Diego,False,0,0
4255,2023-11-12,Customer 4255,555-158-3667,customer4255@email.com,Toyota,Tacoma,2018,Blue,SUV,43223,2.5L I4,Automatic,23470,Used,103,Los Angeles,True,1626,60
4256,2023-11-17,Customer 4256,555-876-4661,customer4256@email.com,Hyundai,Elantra,2019,Gray,Coupe,9029,3.5L V6,Manual,52988,Used,108,San Antonio,True,10910,72
4257,2023-09-09,Customer 4257,555-793-7601,customer4257@email.com,Nissan,Titan,2020,Green,Truck,47950,3.5L V6,CVT,24984,New,112,Philadelphia,True,6083,72
4258,2023-12-19,Customer 4258,555-397-4270,customer4258@email.com,Jeep,Wrangler,2021,White,Truck,48216,5.0L V8,Automatic,56842,Used,106,Los Angeles,False,0,0
4259,2023-05-27,Customer 4259,555-553-1555,customer4259@email.com,Chevrolet,Equinox,2023,Red,SUV,56052,3.5L V6,CVT,31260,New,116,San Jose,True,2064,48
4260,2023-09-26,Customer 4260,555-559-9960,customer4260@email.com,Hyundai,Sonata,2022,Black,SUV,49219,3.5L V6,Manual,30798,Used,112,San Jose,False,0,0
4261,2023-07-26,Customer 4261,555-429-2681,customer4261@email.com,Honda,Accord,2019,Gray,SUV,42848,2.5L I4,Automatic,55876,Used,105,New York,True,7483,48
4262,2023-05-12,Customer 4262,555-284-8909,customer4262@email.com,Mercedes,C-Class,2019,Red,Coupe,50291,2.0L I4,Automatic,20540,New,116,Philadelphia,False,0,0
4263,2023-04-19,Customer 4263,555-567-9614,customer4263@email.com,Audi,A6,2023,Green,Sedan,51739,2.5L I4,CVT,26300,Used,104,Houston,False,0,0
4264,2023-09-13,Customer 4264,555-969-5763,customer4264@email.com,Toyota,RAV4,2019,White,Coupe,27987,3.5L V6,Automatic,15586,New,108,New York,False,0,0
4265,2023-11-15,Customer 4265,555-587-2038,customer4265@email.com,Toyota,Tacoma,2020,Silver,SUV,8982,3.6L V6,Automatic,28849,New,105,Dallas,False,0,0
4266,2023-10-02,Customer 4266,555-525-8360,customer4266@email.com,Mercedes,C-Class,2020,White,Truck,20879,3.6L V6,Manual,45018,Used,103,Dallas,True,10654,72
4267,2023-10-02,Customer 4267,555-898-5035,customer4267@email.com,Jeep,Grand Cherokee,2019,Silver,Sedan,30404,3.6L V6,Automatic,41466,Used,118,Chicago,False,0,0
4268,2023-12-08,Customer 4268,555-532-1597,customer4268@email.com,Chevrolet,Traverse,2024,Blue,Sedan,51679,2.5L I4,Manual,17188,New,101,New York,False,0,0
4269,2023-03-02,Customer 4269,555-316-3009,customer4269@email.com,Honda,CR-V,2023,Silver,Coupe,8451,3.5L V6,Manual,42088,New,114,San Antonio,True,4756,48
4270,2023-03-27,Customer 4270,555-118-9206,customer4270@email.com,Nissan,Titan,2021,Green,Coupe,42894,2.0L I4,CVT,29911,Used,105,San Diego,False,0,0
4271,2023-07-01,Customer 4271,555-746-9365,customer4271@email.com,Nissan,Titan,2020,Green,Sedan,40654,2.5L I4,Manual,46583,Used,111,Los Angeles,True,10138,60
4272,2023-03-29,Customer 4272,555-602-7758,customer4272@email.com,Honda,Civic,2018,Silver,SUV,27452,5.0L V8,Manual,25455,New,115,San Antonio,True,532,60
4273,2023-01-24,Customer 4273,555-890-9326,customer4273@email.com,Mercedes,C-Class,2024,Green,Truck,29819,5.0L V8,Manual,22484,Used,120,San Diego,True,4569,36
4274,2023-06-23,Customer 4274,555-469-8968,customer4274@email.com,Audi,A4,2024,Green,Coupe,44012,5.0L V8,CVT,27153,New,112,Dallas,False,0,0
4275,2023-04-25,Customer 4275,555-742-9108,customer4275@email.com,Audi,A6,2021,Gray,SUV,21308,3.6L V6,Automatic,27865,Used,108,San Antonio,True,1453,36
4276,2023-12-04,Customer 4276,555-131-9733,customer4276@email.com,Mercedes,S-Class,2018,Gray,Truck,24253,5.0L V8,Automatic,20348,Used,105,Philadelphia,True,4640,0
4277,2023-04-22,Customer 4277,555-969-3724,customer4277@email.com,Chevrolet,Traverse,2020,Red,Sedan,37095,2.0L I4,CVT,34630,New,105,New York,False,0,0
4278,2023-01-18,Customer 4278,555-900-5922,customer4278@email.com,Mercedes,E-Class,2020,Green,Coupe,45375,3.6L V6,Automatic,27535,Used,118,New York,True,2275,60
4279,2023-12-17,Customer 4279,555-606-8300,customer4279@email.com,Chevrolet,Silverado,2020,Green,Coupe,27142,2.5L I4,Automatic,52711,New,110,Philadelphia,False,0,0
4280,2023-02-20,Customer 4280,555-224-4198,customer4280@email.com,Honda,Accord,2021,Silver,Truck,40759,5.0L V8,Automatic,34626,Used,105,San Antonio,True,882,0
4281,2023-06-26,Customer 4281,555-496-2692,customer4281@email.com,Nissan,Rogue,2023,Green,SUV,26830,3.6L V6,Manual,27623,New,102,San Diego,True,6185,36
4282,2023-02-05,Customer 4282,555-444-9303,customer4282@email.com,Jeep,Wrangler,2023,Blue,Truck,42060,3.6L V6,Manual,56651,New,118,Chicago,False,0,0
4283,2023-06-01,Customer 4283,555-989-5896,customer4283@email.com,Jeep,Grand Cherokee,2020,Red,Coupe,22180,2.0L I4,CVT,18733,New,106,Houston,False,0,0
4284,2023-01-16,Customer 4284,555-184-5486,customer4284@email.com,Audi,A6,2019,Gray,SUV,15502,5.0L V8,Automatic,42472,New,108,Chicago,True,3451,0
4285,2023-04-03,Customer 4285,555-589-7949,customer4285@email.com,Audi,A6,2023,Blue,SUV,5450,5.0L V8,Manual,28163,New,101,Houston,False,0,0
4286,2023-03-21,Customer 4286,555-389-4785,customer4286@email.com,Ford,Mustang,2022,Gray,Coupe,16255,2.0L I4,Automatic,18152,New,103,San Jose,True,1857,0
4287,2023-01-10,Customer 4287,555-760-9091,customer4287@email.com,Honda,Civic,2023,Red,Sedan,28707,2.5L I4,Manual,35001,New,105,San Diego,True,5983,36
4288,2023-09-12,Customer 4288,555-418-4794,customer4288@email.com,Audi,A6,2021,White,Truck,29277,2.0L I4,Automatic,36223,Used,101,Philadelphia,False,0,0
4289,2023-04-21,Customer 4289,555-788-3199,customer4289@email.com,Ford,F-150,2023,Silver,Truck,9096,5.0L V8,Automatic,36452,Used,104,San Jose,False,0,0
4290,2023-09-22,Customer 4290,555-843-3986,customer4290@email.com,Toyota,Camry,2018,Green,Truck,51671,5.0L V8,CVT,40300,Used,102,Phoenix,True,9070,72
4291,2023-06-16,Customer 4291,555-937-5643,customer4291@email.com,Mercedes,S-Class,2024,Gray,Sedan,3861,3.6L V6,CVT,24243,New,115,San Jose,True,3015,60
4292,2023-07-14,Customer 4292,555-444-1346,customer4292@email.com,Nissan,Rogue,2024,Red,Sedan,6484,5.0L V8,Automatic,59703,Used,113,Chicago,True,9871,0
4293,2023-09-18,Customer 4293,555-473-4936,customer4293@email.com,Mercedes,S-Class,2019,Blue,SUV,19073,2.0L I4,Automatic,22226,Used,118,Phoenix,True,936,60
4294,2023-07-25,Customer 4294,555-302-7720,customer4294@email.com,Nissan,Altima,2024,Blue,Coupe,12124,3.5L V6,Manual,57619,New,105,San Jose,False,0,0
4295,2023-01-04,Customer 4295,555-364-3489,customer4295@email.com,Chevrolet,Silverado,2022,Silver,Coupe,14578,3.6L V6,CVT,40900,New,119,Phoenix,True,8800,60
4296,2023-01-18,Customer 4296,555-882-6818,customer4296@email.com,Chevrolet,Equinox,2023,Black,Truck,20481,5.0L V8,Manual,53087,Used,112,Dallas,True,10808,36
4297,2023-02-08,Customer 4297,555-371-3857,customer4297@email.com,Audi,A4,2024,Red,Coupe,54921,3.6L V6,Manual,37852,Used,111,San Diego,True,5377,72
4298,2024-01-24,Customer 4298,555-846-7474,customer4298@email.com,BMW,X5,2018,Blue,Sedan,12368,3.5L V6,Manual,21838,New,110,Chicago,True,1717,72
4299,2024-01-03,Customer 4299,555-480-5231,customer4299@email.com,Honda,Civic,2023,Black,Truck,54937,2.5L I4,Manual,19546,New,102,San Antonio,False,0,0
4300,2023-12-20,Customer 4300,555-557-6669,customer4300@email.com,Mercedes,C-Class,2024,Gray,Sedan,45371,2.0L I4,CVT,17453,Used,112,San Diego,True,763,36
4301,2023-11-13,Customer 4301,555-367-8109,customer4301@email.com,Ford,Escape,2020,White,Coupe,19331,5.0L V8,Manual,17072,Used,107,San Antonio,False,0,0
4302,2023-06-03,Customer 4302,555-549-3702,customer4302@email.com,BMW,X5,2022,Red,SUV,13226,2.0L I4,Manual,46197,Used,115,Chicago,True,1352,0
4303,2023-08-04,Customer 4303,555-702-3973,customer4303@email.com,Mercedes,S-Class,2022,Green,Sedan,55170,3.5L V6,Automatic,40302,New,113,Phoenix,True,6029,60
4304,2023-10-29,Customer 4304,555-680-7427,customer4304@email.com,Honda,Civic,2018,Silver,Coupe,53655,3.5L V6,Manual,37516,New,107,Philadelphia,False,0,0
4305,2023-01-04,Customer 4305,555-982-6877,customer4305@email.com,Toyota,Camry,2021,Blue,Coupe,48884,2.0L I4,Automatic,39745,New,117,Chicago,True,6938,72
4306,2023-07-28,Customer 4306,555-649-3150,customer4306@email.com,BMW,5 Series,2020,Gray,Truck,47016,3.6L V6,CVT,29197,New,116,San Diego,True,7226,0
4307,2023-12-29,Customer 4307,555-310-2912,customer4307@email.com,Mercedes,C-Class,2020,Red,Truck,22698,2.0L I4,Automatic,37556,Used,109,San Diego,True,5156,60
4308,2023-09-10,Customer 4308,555-770-4728,customer4308@email.com,Jeep,Cherokee,2024,Green,Truck,1282,5.0L V8,Automatic,45078,New,118,San Antonio,False,0,0
4309,2023-02-07,Customer 4309,555-499-3848,customer4309@email.com,Audi,A4,2024,Green,Truck,23442,3.5L V6,CVT,35710,Used,108,New York,False,0,0
4310,2023-01-23,Customer 4310,555-657-3406,customer4310@email.com,Jeep,Cherokee,2022,Red,Coupe,12570,2.0L I4,CVT,26600,New,112,Philadelphia,True,4610,60
4311,2023-03-23,Customer 4311,555-478-4113,customer4311@email.com,Nissan,Titan,2019,Silver,Coupe,23211,2.0L I4,Manual,55779,Used,119,Phoenix,True,13360,60
4312,2023-03-17,Customer 4312,555-607-1940,customer4312@email.com,Ford,F-150,2018,Silver,Coupe,45774,3.5L V6,Automatic,42657,Used,107,San Antonio,True,448,72
4313,2023-05-11,Customer 4313,555-162-1925,customer4313@email.com,Mercedes,S-Class,2024,Green,Coupe,30397,2.0L I4,CVT,44257,New,117,San Diego,False,0,0
4314,2023-08-17,Customer 4314,555-263-6433,customer4314@email.com,Mercedes,C-Class,2024,Gray,Truck,25300,5.0L V8,Manual,51182,Used,108,Phoenix,True,11680,36
4315,2023-11-11,Customer 4315,555-923-1600,customer4315@email.com,Hyundai,Elantra,2022,Black,Coupe,29856,2.5L I4,Manual,17936,Used,105,Phoenix,False,0,0
4316,2023-01-14,Customer 4316,555-114-3517,customer4316@email.com,BMW,X5,2022,Blue,Truck,53178,2.5L I4,Automatic,28161,New,111,San Antonio,True,5536,0
4317,2023-03-28,Customer 4317,555-841-8613,customer4317@email.com,Mercedes,S-Class,2019,Black,Sedan,15547,3.5L V6,CVT,39504,Used,109,Chicago,True,664,48
4318,2024-01-27,Customer 4318,555-316-7206,customer4318@email.com,Chevrolet,Silverado,2019,White,Coupe,15005,2.5L I4,Automatic,37310,Used,114,Phoenix,True,1896,36
4319,2023-11-09,Customer 4319,555-142-3571,customer4319@email.com,Audi,A4,2018,Black,Truck,13963,3.5L V6,Manual,15464,New,119,New York,True,843,72
4320,2023-02-25,Customer 4320,555-310-6669,customer4320@email.com,Toyota,RAV4,2018,Green,Sedan,38907,2.5L I4,CVT,52686,New,105,New York,False,0,0
4321,2023-06-15,Customer 4321,555-798-4307,customer4321@email.com,Hyundai,Elantra,2021,Green,Coupe,38797,5.0L V8,Manual,17944,Used,107,Chicago,True,1950,72
4322,2023-01-30,Customer 4322,555-671-8072,customer4322@email.com,Nissan,Titan,2022,Black,Coupe,36455,2.0L I4,Automatic,39746,New,119,Los Angeles,False,0,0
4323,2023-03-27,Customer 4323,555-154-5238,customer4323@email.com,Ford,F-150,2021,Gray,SUV,30007,3.5L V6,Manual,41424,Used,107,Philadelphia,False,0,0
4324,2023-01-27,Customer 4324,555-294-8076,customer4324@email.com,BMW,5 Series,2018,Blue,SUV,55101,2.5L I4,Automatic,42784,Used,116,Philadelphia,True,3911,0
4325,2023-02-19,Customer 4325,555-507-1979,customer4325@email.com,Chevrolet,Traverse,2022,Gray,Coupe,58203,3.5L V6,CVT,34584,New,105,Houston,False,0,0
4326,2023-01-18,Customer 4326,555-467-5393,customer4326@email.com,Audi,Q5,2023,Blue,Truck,18764,3.5L V6,Manual,32758,New,112,Phoenix,True,1121,0
4327,2023-10-03,Customer 4327,555-601-4262,customer4327@email.com,Chevrolet,Traverse,2022,Red,Truck,13992,3.6L V6,CVT,38387,New,115,New York,False,0,0
4328,2023-09-12,Customer 4328,555-440-2952,customer4328@email.com,Ford,Mustang,2024,Black,SUV,18263,5.0L V8,Manual,41520,New,120,Phoenix,False,0,0
4329,2023-06-13,Customer 4329,555-502-6983,customer4329@email.com,Hyundai,Tucson,2019,Gray,Sedan,13669,3.5L V6,Manual,24461,Used,120,Los Angeles,True,1078,0
4330,2023-06-21,Customer 4330,555-674-4004,customer4330@email.com,Audi,A6,2023,Silver,Truck,42074,2.0L I4,CVT,54501,Used,111,Houston,False,0,0
4331,2024-01-05,Customer 4331,555-660-3358,customer4331@email.com,Honda,CR-V,2022,Gray,Coupe,58871,5.0L V8,CVT,55880,Used,111,Houston,True,6001,72
4332,2023-11-20,Customer 4332,555-292-5669,customer4332@email.com,Hyundai,Sonata,2018,Silver,SUV,49920,2.5L I4,CVT,37551,New,108,Philadelphia,True,2596,48
4333,2023-03-01,Customer 4333,555-390-3462,customer4333@email.com,Chevrolet,Equinox,2021,White,SUV,47064,2.5L I4,Automatic,34124,Used,111,San Jose,False,0,0
4334,2023-09-12,Customer 4334,555-758-8808,customer4334@email.com,Toyota,Camry,2024,Green,SUV,26919,5.0L V8,Automatic,35677,Used,110,San Antonio,True,2685,60
4335,2023-03-01,Customer 4335,555-680-9071,customer4335@email.com,Hyundai,Elantra,2020,Red,Coupe,35055,3.5L V6,CVT,16191,Used,117,San Antonio,False,0,0
4336,2023-02-23,Customer 4336,555-967-2840,customer4336@email.com,BMW,3 Series,2021,Green,Sedan,37977,3.6L V6,Automatic,27068,Used,103,Dallas,True,6021,36
4337,2023-11-16,Customer 4337,555-892-1902,customer4337@email.com,Ford,F-150,2023,Red,Coupe,17159,3.6L V6,Manual,22256,Used,101,Dallas,True,831,36
4338,2023-09-12,Customer 4338,555-449-7891,customer4338@email.com,Mercedes,S-Class,2021,Black,Coupe,30249,2.0L I4,Manual,40871,Used,104,San Diego,True,8853,72
4339,2023-02-06,Customer 4339,555-888-5772,customer4339@email.com,Audi,A6,2021,Red,SUV,9878,2.0L I4,Manual,52828,Used,116,Los Angeles,False,0,0
4340,2023-12-25,Customer 4340,555-858-7005,customer4340@email.com,Ford,F-150,2023,Silver,Coupe,37551,3.5L V6,Manual,24076,New,113,Phoenix,False,0,0
4341,2023-09-14,Customer 4341,555-490-4241,customer4341@email.com,Audi,A4,2019,White,Sedan,34809,3.6L V6,Manual,24692,New,120,New York,True,24,60
4342,2023-08-29,Customer 4342,555-521-7906,customer4342@email.com,Hyundai,Elantra,2021,Blue,Sedan,37830,2.5L I4,Automatic,52779,Used,114,Dallas,True,9784,60
4343,2023-06-04,Customer 4343,555-610-3641,customer4343@email.com,BMW,X5,2022,Gray,Truck,45511,2.5L I4,Automatic,16035,Used,118,Phoenix,True,3375,0
4344,2023-04-19,Customer 4344,555-631-5438,customer4344@email.com,Jeep,Wrangler,2023,Black,Truck,20257,3.6L V6,Manual,23818,New,101,Los Angeles,False,0,0
4345,2023-06-07,Customer 4345,555-369-8445,customer4345@email.com,Chevrolet,Equinox,2024,Blue,Coupe,53386,2.5L I4,Manual,32282,Used,108,Philadelphia,True,2212,72
4346,2023-10-05,Customer 4346,555-950-6734,customer4346@email.com,Hyundai,Sonata,2023,Black,Sedan,32413,2.5L I4,Manual,50392,New,113,San Jose,True,9119,36
4347,2023-05-26,Customer 4347,555-152-9061,customer4347@email.com,Nissan,Altima,2023,Silver,Sedan,21620,5.0L V8,Manual,54392,Used,101,Philadelphia,False,0,0
4348,2023-06-21,Customer 4348,555-433-5157,customer4348@email.com,Toyota,Tacoma,2018,White,SUV,41733,5.0L V8,Manual,50882,New,112,Philadelphia,True,9588,60
4349,2023-02-19,Customer 4349,555-981-1207,customer4349@email.com,Nissan,Titan,2023,Silver,SUV,6495,5.0L V8,CVT,45197,Used,113,San Jose,False,0,0
4350,2023-01-02,Customer 4350,555-742-3344,customer4350@email.com,Toyota,Tacoma,2019,Silver,Sedan,21310,3.5L V6,Manual,46529,New,101,Philadelphia,False,0,0
4351,2023-10-18,Customer 4351,555-738-4507,customer4351@email.com,Honda,Accord,2020,White,Sedan,15240,2.0L I4,Manual,19623,Used,119,Philadelphia,False,0,0
4352,2023-08-02,Customer 4352,555-900-5432,customer4352@email.com,Hyundai,Sonata,2019,White,Coupe,20625,5.0L V8,Manual,20107,Used,117,San Antonio,True,3336,36
4353,2024-01-25,Customer 4353,555-945-2356,customer4353@email.com,Nissan,Altima,2018,Black,Sedan,45342,2.5L I4,CVT,25635,Used,105,Philadelphia,False,0,0
4354,2023-01-20,Customer 4354,555-360-2064,customer4354@email.com,Mercedes,S-Class,2020,Red,Coupe,22766,2.0L I4,Automatic,24190,Used,108,Philadelphia,True,3363,0
4355,2023-07-09,Customer 4355,555-153-5773,customer4355@email.com,Hyundai,Sonata,2018,Red,Coupe,30465,2.5L I4,Manual,32685,New,103,San Diego,True,1640,0
4356,2023-11-11,Customer 4356,555-700-7914,customer4356@email.com,Toyota,Tacoma,2019,Green,Truck,8433,2.5L I4,Manual,57283,New,119,San Diego,False,0,0
4357,2023-04-10,Customer 4357,555-766-9145,customer4357@email.com,Jeep,Cherokee,2024,Blue,Truck,5515,2.5L I4,Automatic,44254,Used,115,New York,True,9049,72
4358,2023-03-23,Customer 4358,555-600-4241,customer4358@email.com,Honda,CR-V,2021,White,Coupe,51153,2.5L I4,Manual,56510,New,108,Phoenix,True,1622,0
4359,2023-09-02,Customer 4359,555-845-5702,customer4359@email.com,BMW,X5,2020,Black,Coupe,38718,3.6L V6,Manual,59004,Used,103,Phoenix,False,0,0
4360,2023-09-20,Customer 4360,555-329-5809,customer4360@email.com,Chevrolet,Silverado,2022,Gray,Coupe,16434,2.0L I4,Automatic,46807,New,104,Chicago,False,0,0
4361,2023-08-21,Customer 4361,555-509-4462,customer4361@email.com,Jeep,Cherokee,2024,Blue,Truck,8366,3.5L V6,CVT,35942,New,116,Chicago,True,7214,0
4362,2023-10-25,Customer 4362,555-869-9635,customer4362@email.com,Toyota,Tacoma,2020,Blue,Sedan,33276,2.5L I4,Automatic,36175,New,114,Los Angeles,False,0,0
4363,2023-03-17,Customer 4363,555-672-6678,customer4363@email.com,Hyundai,Sonata,2018,Green,SUV,34553,5.0L V8,Automatic,26881,New,110,Dallas,True,4018,72
4364,2023-12-04,Customer 4364,555-140-2464,customer4364@email.com,Nissan,Rogue,2022,Blue,Sedan,19771,3.6L V6,Automatic,41010,Used,101,San Antonio,False,0,0
4365,2023-05-20,Customer 4365,555-101-5890,customer4365@email.com,Ford,Escape,2019,Green,SUV,5290,2.5L I4,Manual,29060,New,112,San Jose,False,0,0
4366,2023-02-11,Customer 4366,555-942-6483,customer4366@email.com,BMW,5 Series,2024,Red,Truck,26287,5.0L V8,Manual,49131,New,104,New York,True,150,36
4367,2023-10-17,Customer 4367,555-755-7921,customer4367@email.com,Ford,Mustang,2022,White,Truck,18433,2.0L I4,Automatic,20095,Used,106,Dallas,False,0,0
4368,2023-01-18,Customer 4368,555-251-8812,customer4368@email.com,Mercedes,S-Class,2023,Blue,Sedan,6808,3.6L V6,Automatic,53077,New,115,San Antonio,True,11859,60
4369,2023-10-01,Customer 4369,555-478-6702,customer4369@email.com,Toyota,Camry,2020,Silver,Sedan,7026,3.5L V6,Automatic,16695,Used,114,Los Angeles,True,2588,48
4370,2023-11-18,Customer 4370,555-332-6276,customer4370@email.com,Toyota,RAV4,2024,Black,Sedan,30840,2.5L I4,CVT,46920,New,115,Chicago,True,4659,72
4371,2023-10-08,Customer 4371,555-377-3825,customer4371@email.com,Jeep,Cherokee,2021,Black,SUV,44032,2.0L I4,Manual,52014,Used,101,Phoenix,False,0,0
4372,2023-02-20,Customer 4372,555-999-6430,customer4372@email.com,Audi,A6,2022,Gray,SUV,57153,3.6L V6,Automatic,17936,New,103,Chicago,False,0,0
4373,2023-12-25,Customer 4373,555-685-9591,customer4373@email.com,Mercedes,E-Class,2020,White,SUV,51140,2.5L I4,CVT,24401,New,107,Phoenix,False,0,0
4374,2023-03-17,Customer 4374,555-318-5485,customer4374@email.com,Audi,A4,2024,Blue,SUV,26477,3.5L V6,Manual,57326,New,117,Houston,True,3765,48
4375,2023-04-10,Customer 4375,555-452-4354,customer4375@email.com,Audi,A4,2018,Silver,Sedan,47351,5.0L V8,Manual,21943,Used,106,San Antonio,False,0,0
4376,2023-12-20,Customer 4376,555-464-8247,customer4376@email.com,Nissan,Rogue,2022,White,SUV,25171,2.5L I4,Manual,22760,New,111,Philadelphia,False,0,0
4377,2023-11-19,Customer 4377,555-393-9377,customer4377@email.com,Ford,Mustang,2022,Silver,Coupe,26055,3.6L V6,Manual,40798,Used,115,San Diego,True,1966,36
4378,2023-11-15,Customer 4378,555-124-8197,customer4378@email.com,Honda,Civic,2022,Silver,Truck,50908,5.0L V8,Manual,35480,New,116,San Jose,True,2912,60
4379,2024-01-30,Customer 4379,555-580-8418,customer4379@email.com,Audi,Q5,2020,Blue,Truck,52000,2.5L I4,Manual,23983,New,120,Los Angeles,True,4242,36
4380,2024-01-16,Customer 4380,555-249-4987,customer4380@email.com,Mercedes,E-Class,2020,Green,Sedan,36562,2.5L I4,Automatic,57597,New,106,Dallas,False,0,0
4381,2023-04-07,Customer 4381,555-173-5686,customer4381@email.com,Hyundai,Sonata,2023,Black,SUV,51838,2.5L I4,CVT,41593,New,102,Philadelphia,True,6602,36
4382,2023-09-27,Customer 4382,555-573-2716,customer4382@email.com,Nissan,Altima,2020,Gray,Truck,6599,2.0L I4,Manual,20800,New,114,New York,False,0,0
4383,2023-05-28,Customer 4383,555-508-1835,customer4383@email.com,Mercedes,C-Class,2022,White,Truck,53155,2.0L I4,Manual,55767,Used,113,Chicago,False,0,0
4384,2023-11-05,Customer 4384,555-847-9181,customer4384@email.com,Chevrolet,Equinox,2022,Silver,Truck,5311,2.0L I4,Automatic,30830,Used,103,Chicago,True,4838,36
4385,2023-11-09,Customer 4385,555-544-9276,customer4385@email.com,Chevrolet,Traverse,2024,White,SUV,21878,5.0L V8,Automatic,45007,New,106,Philadelphia,False,0,0
4386,2023-04-12,Customer 4386,555-570-6870,customer4386@email.com,Hyundai,Sonata,2024,Blue,SUV,44862,3.5L V6,Automatic,33003,New,117,San Diego,True,891,0
4387,2023-10-10,Customer 4387,555-122-9087,customer4387@email.com,Nissan,Rogue,2020,Black,Sedan,21810,3.5L V6,CVT,44976,Used,111,New York,True,897,48
4388,2023-07-27,Customer 4388,555-544-4963,customer4388@email.com,Jeep,Cherokee,2021,Black,Truck,27075,2.5L I4,Automatic,27617,New,102,San Antonio,True,1373,72
4389,2023-11-05,Customer 4389,555-533-2832,customer4389@email.com,Honda,Accord,2021,White,Sedan,25696,3.6L V6,Automatic,51380,Used,117,Houston,False,0,0
4390,2023-11-26,Customer 4390,555-870-7306,customer4390@email.com,Jeep,Wrangler,2022,Red,Coupe,27209,2.5L I4,CVT,32852,New,108,San Antonio,False,0,0
4391,2023-03-21,Customer 4391,555-295-5801,customer4391@email.com,Hyundai,Tucson,2019,Black,SUV,26970,3.6L V6,CVT,31463,Used,105,San Antonio,True,4666,36
4392,2023-05-28,Customer 4392,555-386-6488,customer4392@email.com,BMW,5 Series,2020,Black,Coupe,40880,2.5L I4,CVT,35450,New,115,San Jose,True,6753,48
4393,2023-02-16,Customer 4393,555-290-2610,customer4393@email.com,Jeep,Cherokee,2023,Black,SUV,21140,5.0L V8,CVT,51859,New,113,San Jose,True,5310,36
4394,2023-10-16,Customer 4394,555-430-3039,customer4394@email.com,Audi,Q5,2022,Silver,Truck,33693,2.0L I4,CVT,21877,Used,114,Houston,True,4467,0
4395,2023-03-24,Customer 4395,555-568-8416,customer4395@email.com,BMW,X5,2020,Red,Sedan,19247,2.5L I4,Manual,51635,New,116,San Jose,True,4021,36
4396,2023-04-03,Customer 4396,555-273-8925,customer4396@email.com,Honda,Accord,2019,Black,Truck,24443,5.0L V8,Manual,53095,Used,109,New York,False,0,0
4397,2023-05-12,Customer 4397,555-171-6859,customer4397@email.com,Nissan,Rogue,2023,Silver,Coupe,50046,2.5L I4,CVT,39353,Used,115,Philadelphia,True,9356,60
4398,2023-06-16,Customer 4398,555-888-4716,customer4398@email.com,Toyota,RAV4,2018,Red,SUV,21267,5.0L V8,Automatic,52708,Used,112,Dallas,True,5139,0
4399,2023-02-15,Customer 4399,555-115-9971,customer4399@email.com,Mercedes,C-Class,2023,Red,Truck,29725,3.5L V6,Automatic,35766,New,113,Los Angeles,True,3712,36
4400,2023-02-22,Customer 4400,555-620-7809,customer4400@email.com,Chevrolet,Traverse,2022,Silver,Coupe,30356,3.5L V6,Automatic,32737,New,105,Philadelphia,False,0,0
4401,2023-10-30,Customer 4401,555-304-9357,customer4401@email.com,BMW,3 Series,2024,Green,Coupe,45861,2.5L I4,Automatic,34150,Used,118,Phoenix,True,321,0
4402,2023-06-27,Customer 4402,555-396-2439,customer4402@email.com,Nissan,Titan,2020,White,Sedan,36094,3.5L V6,CVT,23276,Used,116,New York,True,3150,48
4403,2023-07-20,Customer 4403,555-266-6751,customer4403@email.com,BMW,5 Series,2020,White,Truck,33106,3.6L V6,Manual,59358,New,104,Chicago,True,14686,36
4404,2023-10-12,Customer 4404,555-578-8851,customer4404@email.com,Audi,A6,2023,Silver,Coupe,55905,5.0L V8,Automatic,56394,Used,113,Philadelphia,True,9981,36
4405,2023-05-30,Customer 4405,555-591-4761,customer4405@email.com,Hyundai,Sonata,2024,Silver,Sedan,35643,3.6L V6,Automatic,49671,New,119,Phoenix,True,12153,36
4406,2023-01-03,Customer 4406,555-231-4017,customer4406@email.com,Jeep,Cherokee,2022,Blue,Coupe,47248,2.5L I4,Automatic,55767,Used,103,Dallas,False,0,0
4407,2023-12-25,Customer 4407,555-245-6864,customer4407@email.com,Jeep,Wrangler,2021,Black,SUV,26159,2.5L I4,Automatic,27648,Used,107,Houston,False,0,0
4408,2023-01-25,Customer 4408,555-585-8242,customer4408@email.com,Mercedes,E-Class,2018,Silver,Sedan,7138,5.0L V8,Manual,58118,Used,113,Dallas,False,0,0
4409,2024-01-24,Customer 4409,555-941-4068,customer4409@email.com,Chevrolet,Equinox,2018,Green,SUV,18914,2.0L I4,Manual,18579,Used,120,Los Angeles,False,0,0
4410,2023-01-13,Customer 4410,555-458-3883,customer4410@email.com,Ford,Escape,2018,Silver,Truck,25719,3.6L V6,CVT,47943,New,103,New York,True,5809,36
4411,2023-02-22,Customer 4411,555-200-3979,customer4411@email.com,Hyundai,Sonata,2020,Black,SUV,8447,3.5L V6,CVT,41029,Used,118,Chicago,False,0,0
4412,2024-01-01,Customer 4412,555-588-5344,customer4412@email.com,Honda,CR-V,2018,Silver,SUV,12931,3.5L V6,Manual,25727,New,116,Los Angeles,False,0,0
4413,2023-10-19,Customer 4413,555-939-2575,customer4413@email.com,Ford,F-150,2019,Black,Coupe,26183,3.5L V6,CVT,28609,Used,110,Dallas,True,332,36
4414,2024-01-19,Customer 4414,555-599-9080,customer4414@email.com,Hyundai,Tucson,2019,Red,Truck,36107,5.0L V8,Manual,28944,Used,117,New York,True,441,48
4415,2023-03-29,Customer 4415,555-911-1430,customer4415@email.com,Chevrolet,Silverado,2020,Green,SUV,56224,2.0L I4,CVT,33108,Used,118,San Jose,False,0,0
4416,2023-10-24,Customer 4416,555-289-5819,customer4416@email.com,Toyota,Camry,2022,White,Coupe,25685,2.0L I4,CVT,29906,Used,101,Dallas,True,6754,60
4417,2023-01-16,Customer 4417,555-215-8025,customer4417@email.com,Ford,F-150,2018,Green,Coupe,7421,3.5L V6,Manual,23360,Used,117,Los Angeles,True,2371,36
4418,2023-11-27,Customer 4418,555-441-3183,customer4418@email.com,Jeep,Wrangler,2024,Gray,SUV,41079,5.0L V8,CVT,55586,Used,115,San Diego,False,0,0
4419,2023-06-01,Customer 4419,555-577-4235,customer4419@email.com,Chevrolet,Equinox,2022,White,Coupe,13869,3.5L V6,Automatic,57320,Used,114,New York,True,11539,72
4420,2023-03-05,Customer 4420,555-910-6235,customer4420@email.com,Hyundai,Elantra,2022,Gray,Coupe,26304,5.0L V8,Manual,36490,New,104,Chicago,False,0,0
4421,2023-08-15,Customer 4421,555-530-6008,customer4421@email.com,Toyota,Tacoma,2023,Blue,Sedan,36631,5.0L V8,CVT,35973,Used,116,San Jose,True,3513,72
4422,2023-02-22,Customer 4422,555-230-8091,customer4422@email.com,BMW,X5,2019,Silver,Coupe,47068,5.0L V8,CVT,33812,New,120,San Diego,False,0,0
4423,2023-04-29,Customer 4423,555-524-3169,customer4423@email.com,Hyundai,Sonata,2019,Gray,Truck,53800,3.5L V6,Automatic,33920,New,107,Los Angeles,True,7525,36
4424,2023-10-17,Customer 4424,555-340-5879,customer4424@email.com,Honda,Civic,2019,White,Coupe,51573,3.5L V6,CVT,31747,New,106,San Jose,False,0,0
4425,2023-04-21,Customer 4425,555-499-2981,customer4425@email.com,Hyundai,Tucson,2023,Red,Sedan,20736,3.5L V6,Automatic,53686,Used,103,Los Angeles,False,0,0
4426,2023-07-22,Customer 4426,555-471-7946,customer4426@email.com,Audi,Q5,2023,Green,Truck,49119,3.5L V6,Automatic,31378,New,116,San Jose,False,0,0
4427,2023-11-30,Customer 4427,555-496-9017,customer4427@email.com,Chevrolet,Traverse,2024,White,Sedan,30834,3.5L V6,Automatic,46459,Used,115,Los Angeles,True,9295,60
4428,2023-07-18,Customer 4428,555-901-9039,customer4428@email.com,Mercedes,S-Class,2022,White,Sedan,26456,5.0L V8,Manual,29992,Used,109,Chicago,False,0,0
4429,2023-03-24,Customer 4429,555-592-1108,customer4429@email.com,Hyundai,Tucson,2019,Blue,Sedan,21529,5.0L V8,Automatic,36323,Used,117,San Antonio,True,4718,72
4430,2023-01-02,Customer 4430,555-962-2570,customer4430@email.com,Hyundai,Sonata,2024,White,SUV,57967,5.0L V8,Automatic,24005,New,114,San Diego,True,1331,48
4431,2023-08-06,Customer 4431,555-983-6654,customer4431@email.com,Ford,F-150,2018,Black,SUV,57964,3.6L V6,Manual,37026,Used,114,Dallas,False,0,0
4432,2023-05-04,Customer 4432,555-368-5071,customer4432@email.com,Mercedes,S-Class,2024,Gray,Coupe,37079,2.0L I4,Automatic,51222,New,117,New York,True,8255,60
4433,2023-07-04,Customer 4433,555-593-1845,customer4433@email.com,BMW,3 Series,2019,White,Truck,57910,3.6L V6,Automatic,27256,Used,108,San Jose,True,4154,0
4434,2023-06-30,Customer 4434,555-926-5883,customer4434@email.com,Audi,A6,2021,Green,Coupe,39052,2.5L I4,Manual,40104,New,101,Phoenix,False,0,0
4435,2023-08-23,Customer 4435,555-407-2349,customer4435@email.com,Honda,Accord,2019,Blue,Truck,15106,3.6L V6,CVT,56534,New,117,San Antonio,True,9820,0
4436,2023-07-21,Customer 4436,555-711-5858,customer4436@email.com,BMW,3 Series,2022,Blue,Sedan,23717,3.6L V6,CVT,43242,Used,101,Houston,True,2831,36
4437,2023-02-13,Customer 4437,555-475-6274,customer4437@email.com,Hyundai,Sonata,2024,White,Truck,59573,3.5L V6,Manual,18700,Used,101,Houston,True,3030,36
4438,2023-12-09,Customer 4438,555-887-1081,customer4438@email.com,Hyundai,Elantra,2021,White,Truck,13422,2.0L I4,CVT,27972,New,103,Houston,True,1449,48
4439,2023-12-26,Customer 4439,555-556-9094,customer4439@email.com,Chevrolet,Equinox,2020,Silver,Truck,18423,3.5L V6,CVT,28550,Used,120,Houston,False,0,0
4440,2023-03-09,Customer 4440,555-465-6102,customer4440@email.com,Toyota,Tacoma,2019,Blue,Truck,21423,5.0L V8,Automatic,40375,New,104,San Antonio,True,8040,60
4441,2023-03-14,Customer 4441,555-145-2767,customer4441@email.com,Toyota,Camry,2019,Black,Sedan,32900,5.0L V8,Automatic,49936,Used,106,Phoenix,False,0,0
4442,2023-11-30,Customer 4442,555-606-3204,customer4442@email.com,BMW,X5,2021,Gray,Truck,24023,5.0L V8,Automatic,29377,Used,113,Houston,False,0,0
4443,2023-03-26,Customer 4443,555-181-1319,customer4443@email.com,Toyota,Tacoma,2019,Black,Coupe,30342,3.5L V6,Automatic,49109,Used,110,Phoenix,True,36,36
4444,2023-03-22,Customer 4444,555-665-4891,customer4444@email.com,Honda,Accord,2018,White,SUV,28825,2.0L I4,Automatic,17728,New,105,Philadelphia,True,3759,36
4445,2023-10-09,Customer 4445,555-853-6273,customer4445@email.com,Hyundai,Tucson,2020,Blue,Truck,23202,2.0L I4,Automatic,53689,Used,102,Chicago,False,0,0
4446,2023-01-03,Customer 4446,555-368-6860,customer4446@email.com,Audi,Q5,2023,Black,Coupe,49726,3.5L V6,Manual,28999,Used,105,Philadelphia,False,0,0
4447,2023-07-16,Customer 4447,555-207-1011,customer4447@email.com,Ford,Mustang,2024,Black,Truck,23932,2.0L I4,Automatic,59021,New,110,San Diego,False,0,0
4448,2023-07-25,Customer 4448,555-195-2831,customer4448@email.com,Nissan,Titan,2019,Red,SUV,10091,2.5L I4,Automatic,19576,Used,106,San Antonio,True,3932,60
4449,2023-03-13,Customer 4449,555-237-2947,customer4449@email.com,Ford,F-150,2018,Gray,Sedan,55479,3.6L V6,CVT,56755,Used,113,Dallas,True,12166,72
4450,2023-07-07,Customer 4450,555-237-9383,customer4450@email.com,Ford,Mustang,2020,Blue,Coupe,20434,3.6L V6,Automatic,33623,New,106,Philadelphia,False,0,0
4451,2024-01-23,Customer 4451,555-119-8077,customer4451@email.com,Chevrolet,Traverse,2019,Silver,Coupe,33968,3.5L V6,CVT,59236,Used,109,San Antonio,True,10506,36
4452,2023-06-09,Customer 4452,555-451-6744,customer4452@email.com,Honda,CR-V,2024,Black,Coupe,25322,5.0L V8,Manual,53244,Used,101,New York,True,1710,36
4453,2023-07-01,Customer 4453,555-788-5397,customer4453@email.com,Ford,Escape,2018,Blue,SUV,23638,3.6L V6,Automatic,40212,New,103,San Diego,False,0,0
4454,2023-08-21,Customer 4454,555-843-5016,customer4454@email.com,Audi,Q5,2018,White,SUV,34837,5.0L V8,Manual,28592,Used,112,San Jose,False,0,0
4455,2023-05-28,Customer 4455,555-353-2637,customer4455@email.com,Hyundai,Elantra,2024,Black,Sedan,8237,3.5L V6,CVT,29208,Used,110,Houston,False,0,0
4456,2023-09-21,Customer 4456,555-320-9348,customer4456@email.com,Jeep,Cherokee,2018,Black,Truck,14920,5.0L V8,CVT,56627,New,101,San Diego,True,5267,0
4457,2023-03-28,Customer 4457,555-939-2487,customer4457@email.com,Chevrolet,Silverado,2022,Gray,Coupe,30971,3.5L V6,CVT,53664,Used,112,San Jose,False,0,0
4458,2023-12-20,Customer 4458,555-165-4993,customer4458@email.com,Toyota,Camry,2024,Blue,SUV,22447,3.6L V6,Manual,20868,New,106,San Jose,False,0,0
4459,2023-07-30,Customer 4459,555-719-7924,customer4459@email.com,Honda,Accord,2022,Gray,Sedan,29382,2.0L I4,CVT,25968,Used,103,San Antonio,False,0,0
4460,2023-09-04,Customer 4460,555-945-7071,customer4460@email.com,Ford,Mustang,2022,White,Sedan,25216,2.0L I4,CVT,57903,New,112,Chicago,False,0,0
4461,2023-12-03,Customer 4461,555-146-3703,customer4461@email.com,Nissan,Rogue,2023,Black,Truck,54911,2.5L I4,Automatic,49849,Used,117,Los Angeles,False,0,0
4462,2023-06-25,Customer 4462,555-678-2349,customer4462@email.com,Jeep,Grand Cherokee,2024,Red,Coupe,49483,2.5L I4,CVT,26965,New,119,San Diego,True,6310,60
4463,2023-04-06,Customer 4463,555-534-4549,customer4463@email.com,Nissan,Altima,2020,Green,Coupe,42347,2.0L I4,CVT,53535,Used,120,San Antonio,False,0,0
4464,2023-02-20,Customer 4464,555-754-7150,customer4464@email.com,Jeep,Grand Cherokee,2024,Gray,SUV,41024,3.5L V6,Manual,26276,New,107,Chicago,True,4551,48
4465,2023-05-12,Customer 4465,555-606-1272,customer4465@email.com,Jeep,Cherokee,2021,Green,Sedan,19733,2.5L I4,Automatic,59011,New,104,Philadelphia,False,0,0
4466,2023-07-13,Customer 4466,555-746-4694,customer4466@email.com,Nissan,Altima,2018,Gray,Sedan,29904,3.6L V6,Manual,49735,New,116,San Antonio,True,6744,60
4467,2023-02-23,Customer 4467,555-696-3398,customer4467@email.com,Mercedes,S-Class,2021,Silver,Sedan,36455,3.5L V6,Automatic,17447,Used,105,Chicago,True,4276,0
4468,2023-01-21,Customer 4468,555-333-1051,customer4468@email.com,Ford,Mustang,2022,White,Sedan,36179,2.5L I4,Manual,35133,New,107,New York,False,0,0
4469,2023-06-11,Customer 4469,555-990-8012,customer4469@email.com,Toyota,Tacoma,2019,Silver,Coupe,42046,5.0L V8,Automatic,52164,New,117,San Antonio,True,10672,72
4470,2023-04-28,Customer 4470,555-431-4720,customer4470@email.com,Hyundai,Tucson,2020,Silver,Truck,50421,2.5L I4,Manual,32502,Used,108,Houston,True,7614,0
4471,2023-12-19,Customer 4471,555-235-5202,customer4471@email.com,Audi,A4,2024,Black,Truck,14235,3.5L V6,Manual,53466,Used,114,San Jose,True,5691,48
4472,2023-09-13,Customer 4472,555-581-1874,customer4472@email.com,Toyota,Camry,2024,Red,Coupe,14873,3.5L V6,Automatic,18020,New,114,Houston,True,3200,48
4473,2023-05-11,Customer 4473,555-308-4386,customer4473@email.com,Ford,Mustang,2019,Blue,Sedan,58347,2.0L I4,Manual,47350,New,107,Phoenix,False,0,0
4474,2023-03-21,Customer 4474,555-265-2508,customer4474@email.com,Ford,Escape,2020,Black,Coupe,15372,3.6L V6,Automatic,45219,Used,115,Chicago,False,0,0
4475,2023-04-27,Customer 4475,555-233-2380,customer4475@email.com,Ford,F-150,2021,Black,Truck,20218,2.5L I4,CVT,53635,New,103,Phoenix,False,0,0
4476,2023-10-27,Customer 4476,555-879-9501,customer4476@email.com,Toyota,RAV4,2024,White,Coupe,21200,2.0L I4,Automatic,46443,Used,120,Philadelphia,False,0,0
4477,2023-02-07,Customer 4477,555-467-6819,customer4477@email.com,Audi,Q5,2024,Gray,Truck,37371,2.0L I4,CVT,59465,New,104,Chicago,False,0,0
4478,2023-04-12,Customer 4478,555-965-8661,customer4478@email.com,Audi,Q5,2022,White,SUV,7730,2.0L I4,CVT,53322,New,107,San Diego,True,10611,0
4479,2023-03-08,Customer 4479,555-282-7698,customer4479@email.com,Honda,Civic,2021,Gray,SUV,43029,2.0L I4,CVT,32380,Used,113,San Antonio,False,0,0
4480,2023-11-15,Customer 4480,555-182-1658,customer4480@email.com,Hyundai,Tucson,2023,Green,Sedan,22749,3.6L V6,Manual,41295,New,115,Houston,True,5106,36
4481,2023-07-03,Customer 4481,555-967-6020,customer4481@email.com,Ford,Escape,2018,White,Coupe,18825,2.5L I4,Manual,21437,Used,116,San Jose,True,2035,72
4482,2024-01-25,Customer 4482,555-540-8179,customer4482@email.com,Mercedes,E-Class,2022,Gray,SUV,10844,2.0L I4,Manual,19032,Used,105,San Antonio,True,4693,48
4483,2023-10-24,Customer 4483,555-400-2767,customer4483@email.com,Hyundai,Elantra,2020,Green,Truck,6582,5.0L V8,CVT,50205,New,102,San Antonio,False,0,0
4484,2024-01-07,Customer 4484,555-867-6271,customer4484@email.com,Hyundai,Sonata,2020,Blue,Coupe,23474,2.5L I4,CVT,53962,Used,102,San Antonio,False,0,0
4485,2023-12-08,Customer 4485,555-925-6085,customer4485@email.com,Mercedes,C-Class,2018,White,SUV,7960,3.5L V6,Manual,59495,Used,119,San Antonio,True,572,48
4486,2023-05-31,Customer 4486,555-341-2463,customer4486@email.com,Audi,Q5,2019,Red,Sedan,15052,2.0L I4,Manual,20005,Used,110,Los Angeles,False,0,0
4487,2023-06-22,Customer 4487,555-852-7400,customer4487@email.com,Chevrolet,Equinox,2021,Black,Truck,57421,5.0L V8,CVT,55951,Used,106,Dallas,False,0,0
4488,2023-06-30,Customer 4488,555-247-8982,customer4488@email.com,Mercedes,E-Class,2019,Blue,SUV,47631,3.6L V6,Automatic,32796,Used,111,Houston,True,153,60
4489,2023-11-25,Customer 4489,555-681-9475,customer4489@email.com,Ford,F-150,2021,Green,Coupe,18275,2.0L I4,Automatic,32539,New,102,New York,False,0,0
4490,2023-08-27,Customer 4490,555-765-9907,customer4490@email.com,Ford,Mustang,2024,Gray,Truck,5486,2.0L I4,Automatic,55663,Used,112,San Diego,False,0,0
4491,2023-02-08,Customer 4491,555-401-2647,customer4491@email.com,BMW,3 Series,2023,Silver,Truck,33480,5.0L V8,Automatic,57138,Used,103,Philadelphia,True,12885,48
4492,2023-02-02,Customer 4492,555-734-6741,customer4492@email.com,Audi,Q5,2020,Silver,Coupe,33525,2.5L I4,Automatic,31066,Used,103,San Jose,False,0,0
4493,2023-03-27,Customer 4493,555-636-2743,customer4493@email.com,Audi,Q5,2021,Gray,SUV,17121,2.5L I4,Automatic,28130,New,112,San Jose,False,0,0
4494,2023-02-18,Customer 4494,555-138-7893,customer4494@email.com,Ford,Mustang,2022,White,SUV,23789,3.5L V6,Manual,42294,New,103,San Diego,False,0,0
4495,2023-04-11,Customer 4495,555-418-1701,customer4495@email.com,BMW,X5,2022,Gray,Truck,35818,3.5L V6,Automatic,54024,Used,103,San Diego,True,9353,48
4496,2024-01-26,Customer 4496,555-131-5887,customer4496@email.com,Audi,A6,2023,Red,Truck,9187,2.5L I4,CVT,55862,New,110,San Antonio,True,3020,36
4497,2023-03-17,Customer 4497,555-943-1267,customer4497@email.com,Nissan,Rogue,2020,Red,Coupe,16553,3.6L V6,Automatic,21173,Used,114,Phoenix,False,0,0
4498,2024-01-20,Customer 4498,555-518-6195,customer4498@email.com,Honda,CR-V,2022,Green,Coupe,49028,5.0L V8,Manual,47158,Used,120,Phoenix,True,7820,36
4499,2023-11-04,Customer 4499,555-349-6752,customer4499@email.com,Ford,Mustang,2018,Red,Coupe,28359,3.6L V6,CVT,30190,Used,112,Philadelphia,False,0,0
4500,2023-07-04,Customer 4500,555-410-9293,customer4500@email.com,Chevrolet,Traverse,2019,Red,Truck,42834,2.0L I4,CVT,17921,Used,113,Chicago,False,0,0
4501,2023-11-17,Customer 4501,555-362-3409,customer4501@email.com,Ford,F-150,2020,Blue,SUV,45392,5.0L V8,CVT,41530,New,120,Los Angeles,True,10008,60
4502,2023-01-07,Customer 4502,555-541-2246,customer4502@email.com,Ford,F-150,2018,Blue,Coupe,31887,5.0L V8,CVT,16426,Used,113,San Antonio,False,0,0
4503,2023-04-20,Customer 4503,555-461-4426,customer4503@email.com,Mercedes,S-Class,2020,Black,SUV,12639,3.5L V6,Manual,29544,New,116,San Antonio,False,0,0
4504,2023-02-22,Customer 4504,555-281-4070,customer4504@email.com,Jeep,Wrangler,2021,Green,Truck,27713,3.5L V6,Manual,34379,New,118,Chicago,False,0,0
4505,2023-01-14,Customer 4505,555-243-2304,customer4505@email.com,Ford,Escape,2018,Silver,Sedan,38821,5.0L V8,CVT,46277,New,114,San Antonio,True,1030,0
4506,2023-11-21,Customer 4506,555-737-1931,customer4506@email.com,Audi,Q5,2021,Black,Coupe,25125,3.5L V6,Manual,31037,New,120,New York,False,0,0
4507,2023-08-28,Customer 4507,555-346-3928,customer4507@email.com,Chevrolet,Silverado,2021,Silver,SUV,18743,2.0L I4,CVT,36715,New,120,San Diego,False,0,0
4508,2023-03-24,Customer 4508,555-227-5348,customer4508@email.com,Mercedes,S-Class,2022,Silver,SUV,58901,3.6L V6,CVT,28166,Used,106,Houston,False,0,0
4509,2023-04-09,Customer 4509,555-634-2834,customer4509@email.com,Jeep,Grand Cherokee,2023,Gray,SUV,19597,3.6L V6,CVT,27163,Used,113,Phoenix,False,0,0
4510,2023-11-28,Customer 4510,555-453-7822,customer4510@email.com,BMW,5 Series,2019,Green,Coupe,24732,2.0L I4,Manual,51748,Used,116,San Diego,False,0,0
4511,2023-03-17,Customer 4511,555-369-7025,customer4511@email.com,Audi,A6,2024,Silver,Truck,5065,2.0L I4,Manual,58578,New,102,San Diego,False,0,0
4512,2023-12-23,Customer 4512,555-635-8044,customer4512@email.com,Chevrolet,Silverado,2022,Silver,SUV,8933,2.5L I4,Automatic,52541,New,116,San Antonio,False,0,0
4513,2023-02-19,Customer 4513,555-383-7254,customer4513@email.com,Mercedes,C-Class,2018,Green,SUV,44618,5.0L V8,Manual,35281,New,108,San Diego,True,4725,0
4514,2023-12-19,Customer 4514,555-734-7912,customer4514@email.com,Jeep,Cherokee,2020,White,Coupe,17371,3.6L V6,Manual,26159,Used,103,San Antonio,True,1749,60
4515,2023-07-10,Customer 4515,555-916-8042,customer4515@email.com,Audi,A4,2020,Blue,Truck,55353,5.0L V8,Automatic,49106,New,116,Los Angeles,True,10280,48
4516,2023-04-24,Customer 4516,555-508-8688,customer4516@email.com,Toyota,RAV4,2023,Black,SUV,39063,5.0L V8,CVT,50859,Used,114,San Jose,False,0,0
4517,2023-02-21,Customer 4517,555-530-7025,customer4517@email.com,Nissan,Rogue,2024,Red,Coupe,19529,2.5L I4,Automatic,23662,New,116,Houston,False,0,0
4518,2023-06-12,Customer 4518,555-970-5704,customer4518@email.com,Chevrolet,Traverse,2022,Blue,SUV,49198,3.5L V6,CVT,16301,Used,108,Los Angeles,True,58,72
4519,2023-12-14,Customer 4519,555-825-7997,customer4519@email.com,Ford,F-150,2023,Gray,Sedan,51231,3.5L V6,Manual,28283,Used,117,Houston,False,0,0
4520,2023-03-25,Customer 4520,555-839-6527,customer4520@email.com,Chevrolet,Silverado,2020,Gray,Coupe,8853,5.0L V8,Manual,45354,New,103,Los Angeles,True,4989,60
4521,2024-01-20,Customer 4521,555-736-8774,customer4521@email.com,Ford,Mustang,2018,Red,SUV,8591,3.5L V6,Automatic,17733,New,114,Philadelphia,True,282,36
4522,2023-03-12,Customer 4522,555-350-5639,customer4522@email.com,Hyundai,Elantra,2019,Gray,Sedan,18789,3.6L V6,Automatic,38034,New,103,New York,True,3376,0
4523,2023-02-10,Customer 4523,555-440-1893,customer4523@email.com,Hyundai,Elantra,2020,Blue,Coupe,46589,5.0L V8,Automatic,21445,Used,117,Houston,False,0,0
4524,2023-02-08,Customer 4524,555-271-3596,customer4524@email.com,Chevrolet,Traverse,2019,Blue,Sedan,52498,3.5L V6,CVT,58208,New,112,San Antonio,False,0,0
4525,2023-07-06,Customer 4525,555-146-1501,customer4525@email.com,Mercedes,C-Class,2018,Blue,Truck,7807,2.5L I4,Manual,35943,New,120,New York,True,8135,48
4526,2023-03-30,Customer 4526,555-499-5692,customer4526@email.com,Jeep,Grand Cherokee,2024,Green,Coupe,23790,2.5L I4,CVT,59722,Used,111,Phoenix,True,7428,72
4527,2023-09-30,Customer 4527,555-997-1948,customer4527@email.com,Audi,Q5,2020,Red,Truck,40824,2.5L I4,Manual,57171,New,101,Houston,False,0,0
4528,2023-01-12,Customer 4528,555-479-6831,customer4528@email.com,Nissan,Rogue,2019,Gray,SUV,29768,3.5L V6,Manual,43713,New,101,San Antonio,False,0,0
4529,2023-07-08,Customer 4529,555-933-4396,customer4529@email.com,Nissan,Rogue,2022,Red,Coupe,55705,3.5L V6,Automatic,57405,New,117,San Jose,False,0,0
4530,2023-03-27,Customer 4530,555-752-6252,customer4530@email.com,Honda,Civic,2020,Red,Coupe,21610,2.5L I4,Manual,27579,New,103,Los Angeles,False,0,0
4531,2023-04-20,Customer 4531,555-689-7227,customer4531@email.com,Audi,Q5,2021,Red,Sedan,14759,5.0L V8,Automatic,15172,Used,102,San Antonio,False,0,0
4532,2023-05-27,Customer 4532,555-926-2735,customer4532@email.com,Hyundai,Sonata,2018,Black,Sedan,48444,3.5L V6,CVT,37478,New,114,Philadelphia,False,0,0
4533,2023-10-14,Customer 4533,555-865-9655,customer4533@email.com,BMW,5 Series,2019,White,Coupe,21303,5.0L V8,Automatic,59510,Used,119,San Diego,False,0,0
4534,2023-08-24,Customer 4534,555-750-7342,customer4534@email.com,Toyota,Tacoma,2023,White,Coupe,42688,3.5L V6,CVT,25658,New,101,Philadelphia,True,562,72
4535,2023-08-30,Customer 4535,555-397-5314,customer4535@email.com,Mercedes,E-Class,2024,Black,Coupe,37373,3.6L V6,CVT,43088,New,105,Dallas,False,0,0
4536,2023-02-19,Customer 4536,555-283-7191,customer4536@email.com,Chevrolet,Equinox,2022,Blue,Coupe,19570,3.5L V6,Automatic,54618,New,105,Los Angeles,True,13330,48
4537,2023-10-07,Customer 4537,555-264-5271,customer4537@email.com,Honda,Accord,2021,Black,Truck,8820,3.6L V6,Manual,35030,Used,119,San Antonio,True,6364,0
4538,2023-02-13,Customer 4538,555-780-9139,customer4538@email.com,Mercedes,S-Class,2021,Blue,Coupe,15586,3.6L V6,Automatic,48976,Used,111,Los Angeles,False,0,0
4539,2023-04-15,Customer 4539,555-650-4431,customer4539@email.com,Hyundai,Elantra,2020,White,SUV,34301,2.5L I4,Manual,55532,Used,114,Phoenix,True,13760,48
4540,2023-12-02,Customer 4540,555-994-6107,customer4540@email.com,Chevrolet,Silverado,2023,Gray,Coupe,49659,2.0L I4,Manual,58112,New,102,Phoenix,False,0,0
4541,2023-03-08,Customer 4541,555-765-4107,customer4541@email.com,Nissan,Rogue,2024,Blue,Sedan,56895,3.6L V6,Automatic,51522,Used,117,San Jose,False,0,0
4542,2023-02-17,Customer 4542,555-845-3447,customer4542@email.com,Honda,Civic,2019,White,Sedan,34680,3.6L V6,Manual,58061,Used,105,Los Angeles,True,10495,36
4543,2023-05-29,Customer 4543,555-451-8598,customer4543@email.com,Hyundai,Tucson,2018,Blue,Coupe,53532,3.5L V6,Manual,59886,New,113,Philadelphia,True,11426,60
4544,2023-09-30,Customer 4544,555-883-2506,customer4544@email.com,Hyundai,Sonata,2023,White,Coupe,11641,2.5L I4,CVT,36156,New,102,Houston,False,0,0
4545,2023-04-11,Customer 4545,555-186-1468,customer4545@email.com,Toyota,RAV4,2024,Blue,Sedan,27960,2.0L I4,Manual,20491,New,104,San Jose,False,0,0
4546,2024-01-09,Customer 4546,555-573-4428,customer4546@email.com,Nissan,Rogue,2023,White,Sedan,9415,2.5L I4,CVT,22791,Used,106,San Diego,False,0,0
4547,2023-01-01,Customer 4547,555-418-6062,customer4547@email.com,Nissan,Titan,2022,Green,Truck,35110,2.0L I4,CVT,15098,New,117,Phoenix,True,3425,48
4548,2023-02-11,Customer 4548,555-283-6521,customer4548@email.com,Honda,Accord,2024,Black,Sedan,38044,3.6L V6,CVT,17675,Used,117,Philadelphia,False,0,0
4549,2023-02-12,Customer 4549,555-724-6473,customer4549@email.com,Chevrolet,Equinox,2019,Red,Truck,53723,5.0L V8,Manual,56154,New,115,San Antonio,False,0,0
4550,2023-12-16,Customer 4550,555-920-3762,customer4550@email.com,Audi,A4,2020,Blue,Sedan,34029,3.5L V6,Manual,44124,Used,105,Chicago,False,0,0
4551,2023-05-13,Customer 4551,555-416-2354,customer4551@email.com,Ford,F-150,2019,Blue,Coupe,12252,2.5L I4,CVT,38770,Used,116,Philadelphia,False,0,0
4552,2023-07-26,Customer 4552,555-506-9702,customer4552@email.com,Jeep,Cherokee,2019,Silver,Coupe,13359,2.0L I4,CVT,48977,New,112,Phoenix,True,700,48
4553,2023-01-28,Customer 4553,555-703-6677,customer4553@email.com,Toyota,Camry,2023,Red,Sedan,27529,2.5L I4,Automatic,25142,Used,104,Houston,True,1041,0
4554,2023-05-11,Customer 4554,555-598-8439,customer4554@email.com,Chevrolet,Silverado,2022,Black,Truck,20420,3.5L V6,Automatic,54450,Used,104,Phoenix,False,0,0
4555,2023-01-21,Customer 4555,555-314-7446,customer4555@email.com,Nissan,Titan,2019,Green,Coupe,16421,2.5L I4,Manual,55235,Used,120,New York,True,6293,72
4556,2023-03-24,Customer 4556,555-303-4388,customer4556@email.com,Hyundai,Sonata,2023,Black,SUV,16006,5.0L V8,Manual,45026,New,118,Chicago,False,0,0
4557,2023-01-03,Customer 4557,555-435-3746,customer4557@email.com,Ford,Escape,2021,Blue,Sedan,52551,5.0L V8,Manual,47064,New,103,Phoenix,False,0,0
4558,2023-03-22,Customer 4558,555-896-9446,customer4558@email.com,Toyota,Camry,2020,Gray,Coupe,27190,3.6L V6,CVT,27434,Used,116,Philadelphia,False,0,0
4559,2023-10-22,Customer 4559,555-771-1873,customer4559@email.com,BMW,5 Series,2018,White,SUV,22452,3.5L V6,Automatic,43506,Used,109,Philadelphia,True,3537,72
4560,2023-09-07,Customer 4560,555-439-6649,customer4560@email.com,Audi,Q5,2018,Blue,SUV,36469,3.5L V6,Manual,24745,New,102,Philadelphia,True,5175,72
4561,2023-04-07,Customer 4561,555-203-5478,customer4561@email.com,Ford,Mustang,2024,Black,Coupe,29736,5.0L V8,Automatic,45217,Used,102,San Diego,False,0,0
4562,2023-07-03,Customer 4562,555-961-7026,customer4562@email.com,Jeep,Wrangler,2020,Gray,Sedan,54546,2.5L I4,CVT,19501,Used,114,Phoenix,True,4704,72
4563,2023-12-26,Customer 4563,555-230-8145,customer4563@email.com,Chevrolet,Traverse,2019,Black,SUV,52298,5.0L V8,CVT,17679,New,105,Los Angeles,True,4026,0
4564,2023-03-26,Customer 4564,555-402-9963,customer4564@email.com,Audi,Q5,2021,Gray,SUV,30188,3.6L V6,CVT,43290,New,101,Philadelphia,True,965,72
4565,2023-04-24,Customer 4565,555-987-7021,customer4565@email.com,Toyota,Camry,2022,Black,Coupe,30572,2.0L I4,Manual,21552,New,103,New York,True,4640,60
4566,2023-04-16,Customer 4566,555-231-1332,customer4566@email.com,Ford,Escape,2021,Blue,SUV,57980,2.5L I4,Manual,19364,New,101,San Jose,False,0,0
4567,2023-03-31,Customer 4567,555-635-7560,customer4567@email.com,Mercedes,S-Class,2020,White,SUV,48526,3.5L V6,CVT,24748,New,110,San Diego,True,5244,36
4568,2023-06-25,Customer 4568,555-308-1519,customer4568@email.com,Nissan,Titan,2021,Red,Sedan,19595,3.6L V6,Automatic,31465,Used,115,Dallas,False,0,0
4569,2023-02-01,Customer 4569,555-199-7645,customer4569@email.com,Hyundai,Elantra,2021,White,Sedan,58059,3.5L V6,Manual,40331,Used,103,San Diego,False,0,0
4570,2023-09-27,Customer 4570,555-327-7689,customer4570@email.com,Honda,Civic,2023,White,Truck,11881,5.0L V8,CVT,24897,New,107,Houston,True,700,72
4571,2024-01-30,Customer 4571,555-702-7289,customer4571@email.com,Nissan,Rogue,2018,Gray,SUV,58078,3.5L V6,Automatic,51398,New,110,San Diego,True,985,60
4572,2023-07-18,Customer 4572,555-832-4769,customer4572@email.com,Nissan,Altima,2021,Silver,Coupe,38048,3.5L V6,CVT,15282,New,115,Houston,False,0,0
4573,2024-01-14,Customer 4573,555-723-7824,customer4573@email.com,Ford,F-150,2021,Silver,Truck,54699,5.0L V8,CVT,48784,New,115,Philadelphia,False,0,0
4574,2023-03-04,Customer 4574,555-770-9524,customer4574@email.com,Toyota,Camry,2019,Red,Sedan,51327,3.6L V6,Automatic,30913,New,110,Philadelphia,False,0,0
4575,2023-06-01,Customer 4575,555-597-2392,customer4575@email.com,Jeep,Wrangler,2019,Silver,Truck,26414,2.0L I4,CVT,34592,Used,109,New York,False,0,0
4576,2023-12-17,Customer 4576,555-757-6809,customer4576@email.com,Toyota,RAV4,2022,White,SUV,31019,2.0L I4,CVT,23395,Used,113,Dallas,False,0,0
4577,2023-01-11,Customer 4577,555-331-3243,customer4577@email.com,Jeep,Grand Cherokee,2023,White,Coupe,58174,2.0L I4,Automatic,20220,Used,112,San Antonio,True,3387,0
4578,2023-10-09,Customer 4578,555-420-3104,customer4578@email.com,Audi,A6,2022,Gray,Sedan,55845,3.6L V6,Automatic,42479,Used,115,Philadelphia,True,6446,36
4579,2023-02-21,Customer 4579,555-999-7228,customer4579@email.com,BMW,5 Series,2018,Silver,Coupe,31228,2.5L I4,Manual,35988,New,120,Chicago,False,0,0
4580,2023-09-18,Customer 4580,555-112-7649,customer4580@email.com,Mercedes,E-Class,2024,Red,Coupe,46053,2.5L I4,CVT,28124,Used,109,New York,True,3618,36
4581,2023-10-24,Customer 4581,555-327-1832,customer4581@email.com,Jeep,Cherokee,2021,Silver,Truck,33675,3.6L V6,Manual,47037,New,110,San Diego,True,5341,0
4582,2023-04-07,Customer 4582,555-223-7732,customer4582@email.com,Honda,Accord,2021,Black,Coupe,8522,2.0L I4,CVT,21457,Used,117,San Diego,False,0,0
4583,2023-03-31,Customer 4583,555-470-2905,customer4583@email.com,Chevrolet,Equinox,2023,Black,Coupe,44991,2.5L I4,CVT,45949,New,110,Los Angeles,True,8975,0
4584,2023-11-10,Customer 4584,555-743-4306,customer4584@email.com,Nissan,Titan,2023,Silver,Coupe,31723,2.5L I4,CVT,43467,New,115,New York,False,0,0
4585,2023-03-17,Customer 4585,555-914-4282,customer4585@email.com,Jeep,Cherokee,2019,Gray,Sedan,27212,2.5L I4,Automatic,39127,Used,105,Dallas,False,0,0
4586,2023-10-23,Customer 4586,555-664-2858,customer4586@email.com,Hyundai,Tucson,2019,Silver,Truck,33001,2.0L I4,CVT,42573,New,107,Los Angeles,False,0,0
4587,2023-07-03,Customer 4587,555-392-5479,customer4587@email.com,Ford,Mustang,2019,White,Truck,32124,3.6L V6,CVT,36539,New,110,New York,False,0,0
4588,2023-08-27,Customer 4588,555-749-2317,customer4588@email.com,Chevrolet,Silverado,2024,Red,Coupe,4452,3.6L V6,Manual,56131,Used,107,San Antonio,False,0,0
4589,2023-11-05,Customer 4589,555-167-2618,customer4589@email.com,Audi,Q5,2023,Gray,Truck,50136,2.5L I4,CVT,20711,Used,120,Philadelphia,True,2350,0
4590,2023-12-28,Customer 4590,555-667-5637,customer4590@email.com,Nissan,Altima,2022,Red,Sedan,35237,2.5L I4,CVT,53607,New,106,San Diego,True,3870,72
4591,2023-04-09,Customer 4591,555-155-4846,customer4591@email.com,BMW,3 Series,2021,Blue,Truck,22390,2.5L I4,Automatic,52053,Used,113,Dallas,True,6419,48
4592,2023-04-03,Customer 4592,555-413-9809,customer4592@email.com,Toyota,RAV4,2021,Silver,Coupe,55864,3.5L V6,Automatic,30512,New,111,San Diego,False,0,0
4593,2023-03-29,Customer 4593,555-731-6424,customer4593@email.com,Audi,Q5,2022,White,SUV,56085,3.5L V6,CVT,54849,New,116,San Diego,False,0,0
4594,2023-12-31,Customer 4594,555-994-7793,customer4594@email.com,Honda,Civic,2022,Gray,SUV,9956,3.5L V6,Automatic,20175,New,103,Phoenix,True,898,72
4595,2023-06-20,Customer 4595,555-484-2797,customer4595@email.com,Hyundai,Sonata,2018,Green,Coupe,55435,5.0L V8,Manual,29052,Used,119,Phoenix,True,4321,72
4596,2023-07-10,Customer 4596,555-124-4177,customer4596@email.com,Jeep,Cherokee,2022,Black,Coupe,13790,5.0L V8,CVT,57602,New,103,Houston,False,0,0
4597,2023-10-27,Customer 4597,555-669-8098,customer4597@email.com,Chevrolet,Silverado,2022,Green,Truck,14115,2.5L I4,Automatic,43071,New,120,Los Angeles,False,0,0
4598,2023-08-07,Customer 4598,555-726-4782,customer4598@email.com,Chevrolet,Equinox,2024,Blue,Sedan,54215,2.5L I4,Automatic,16126,Used,106,Chicago,True,3773,48
4599,2023-01-20,Customer 4599,555-424-1328,customer4599@email.com,BMW,X5,2018,Silver,SUV,59166,2.5L I4,Automatic,21965,New,111,San Jose,False,0,0
4600,2023-05-08,Customer 4600,555-444-9572,customer4600@email.com,Audi,Q5,2024,Silver,SUV,36309,3.6L V6,Manual,21247,Used,111,San Diego,True,1310,60
4601,2023-03-02,Customer 4601,555-226-7679,customer4601@email.com,Jeep,Cherokee,2020,Silver,Sedan,27707,5.0L V8,Manual,18288,New,115,Phoenix,False,0,0
4602,2023-11-15,Customer 4602,555-730-9188,customer4602@email.com,Honda,CR-V,2024,Red,Truck,58911,3.6L V6,Manual,16599,New,102,San Jose,True,2233,60
4603,2023-04-25,Customer 4603,555-188-9354,customer4603@email.com,Honda,Civic,2023,Black,Coupe,30920,2.0L I4,Automatic,27088,Used,117,Los Angeles,True,2088,48
4604,2023-05-05,Customer 4604,555-582-7339,customer4604@email.com,Jeep,Cherokee,2022,White,Sedan,50349,2.5L I4,Automatic,20171,New,114,Chicago,True,4458,0
4605,2023-10-18,Customer 4605,555-289-5877,customer4605@email.com,Audi,A6,2022,Gray,SUV,13695,3.5L V6,Automatic,42364,Used,105,Dallas,False,0,0
4606,2023-07-04,Customer 4606,555-127-6576,customer4606@email.com,Audi,Q5,2024,Red,SUV,47024,3.5L V6,CVT,30949,Used,116,San Jose,False,0,0
4607,2023-03-09,Customer 4607,555-693-2564,customer4607@email.com,Hyundai,Sonata,2021,Green,Truck,52042,3.6L V6,Automatic,32698,Used,117,Houston,False,0,0
4608,2023-05-19,Customer 4608,555-305-6697,customer4608@email.com,BMW,X5,2022,Silver,Coupe,47624,3.5L V6,Manual,46373,New,102,San Antonio,True,1894,36
4609,2023-01-02,Customer 4609,555-116-5583,customer4609@email.com,Chevrolet,Equinox,2023,Gray,SUV,8858,2.5L I4,Automatic,26214,Used,104,Dallas,True,2042,48
4610,2023-08-20,Customer 4610,555-449-6315,customer4610@email.com,Chevrolet,Equinox,2023,Blue,Truck,54737,5.0L V8,CVT,21580,Used,101,Philadelphia,False,0,0
4611,2023-07-30,Customer 4611,555-319-7838,customer4611@email.com,Hyundai,Tucson,2021,Gray,SUV,20610,5.0L V8,Automatic,26979,Used,103,Houston,True,401,48
4612,2024-01-24,Customer 4612,555-894-6441,customer4612@email.com,Toyota,Tacoma,2019,Green,Sedan,28392,2.0L I4,Automatic,41360,New,108,New York,True,2811,0
4613,2023-01-29,Customer 4613,555-586-1878,customer4613@email.com,Hyundai,Sonata,2022,Silver,SUV,46528,2.5L I4,Manual,15412,New,101,New York,True,2862,0
4614,2023-02-16,Customer 4614,555-966-6260,customer4614@email.com,Ford,Mustang,2022,Silver,Sedan,33757,5.0L V8,Manual,45648,Used,109,Dallas,True,8831,60
4615,2023-04-26,Customer 4615,555-292-2059,customer4615@email.com,Jeep,Grand Cherokee,2022,Black,SUV,27626,3.5L V6,CVT,18498,Used,113,San Jose,False,0,0
4616,2023-09-17,Customer 4616,555-254-5428,customer4616@email.com,Jeep,Grand Cherokee,2019,Black,SUV,21794,3.5L V6,Manual,23524,New,114,Phoenix,False,0,0
4617,2023-06-07,Customer 4617,555-324-9678,customer4617@email.com,Hyundai,Elantra,2021,Blue,SUV,40720,5.0L V8,Automatic,23310,New,119,Houston,False,0,0
4618,2023-04-02,Customer 4618,555-118-1028,customer4618@email.com,Audi,Q5,2020,Gray,Coupe,11491,3.6L V6,Manual,53908,Used,103,San Antonio,False,0,0
4619,2023-08-02,Customer 4619,555-209-7284,customer4619@email.com,Audi,Q5,2019,White,Truck,58715,2.0L I4,Automatic,49347,New,110,Phoenix,False,0,0
4620,2023-05-17,Customer 4620,555-573-5220,customer4620@email.com,Ford,F-150,2020,Gray,Sedan,42705,2.0L I4,Manual,57757,New,109,New York,False,0,0
4621,2023-08-04,Customer 4621,555-453-7103,customer4621@email.com,Chevrolet,Traverse,2019,Red,Sedan,23979,2.5L I4,CVT,50785,New,112,Chicago,True,6341,48
4622,2024-01-26,Customer 4622,555-372-2578,customer4622@email.com,BMW,X5,2023,Black,SUV,20255,5.0L V8,CVT,29724,Used,106,Philadelphia,False,0,0
4623,2023-06-25,Customer 4623,555-417-5429,customer4623@email.com,Nissan,Titan,2018,Green,SUV,28170,5.0L V8,Automatic,34622,New,107,San Diego,False,0,0
4624,2023-01-31,Customer 4624,555-800-7526,customer4624@email.com,Ford,Escape,2024,Black,Coupe,10741,5.0L V8,CVT,27413,New,113,Chicago,False,0,0
4625,2023-10-04,Customer 4625,555-617-6817,customer4625@email.com,BMW,5 Series,2021,Silver,Truck,39060,5.0L V8,Automatic,47306,Used,112,San Antonio,False,0,0
4626,2024-01-01,Customer 4626,555-844-9578,customer4626@email.com,Toyota,RAV4,2022,Gray,SUV,7996,2.0L I4,CVT,58284,New,119,San Antonio,True,11815,72
4627,2023-08-02,Customer 4627,555-662-8975,customer4627@email.com,Nissan,Altima,2018,Black,Truck,27952,5.0L V8,Automatic,51695,New,111,New York,True,9035,60
4628,2023-07-11,Customer 4628,555-302-5539,customer4628@email.com,Chevrolet,Equinox,2021,Gray,Truck,20617,2.0L I4,CVT,48028,Used,105,Houston,True,11671,72
4629,2023-05-25,Customer 4629,555-161-4665,customer4629@email.com,BMW,5 Series,2020,Black,SUV,52950,5.0L V8,Automatic,16941,Used,112,San Diego,False,0,0
4630,2023-11-18,Customer 4630,555-271-3442,customer4630@email.com,Ford,Escape,2024,Gray,Truck,17864,2.5L I4,Automatic,15521,Used,108,San Antonio,False,0,0
4631,2023-02-08,Customer 4631,555-521-6375,customer4631@email.com,Honda,CR-V,2022,Silver,Coupe,28077,3.6L V6,Automatic,24121,New,120,Phoenix,False,0,0
4632,2023-08-18,Customer 4632,555-964-3515,customer4632@email.com,Ford,Escape,2018,Gray,Sedan,38339,2.0L I4,Manual,55179,Used,101,Chicago,False,0,0
4633,2023-10-16,Customer 4633,555-658-7003,customer4633@email.com,Chevrolet,Traverse,2018,Blue,Sedan,44164,3.6L V6,Automatic,33650,New,101,Houston,True,7701,60
4634,2023-05-02,Customer 4634,555-794-1918,customer4634@email.com,Honda,Civic,2023,Black,Sedan,33851,2.0L I4,Manual,57874,Used,115,Dallas,False,0,0
4635,2023-06-24,Customer 4635,555-587-6050,customer4635@email.com,Nissan,Titan,2018,White,SUV,45761,2.5L I4,CVT,17903,Used,120,Philadelphia,False,0,0
4636,2023-12-22,Customer 4636,555-736-1351,customer4636@email.com,Ford,Escape,2019,Silver,Sedan,22534,2.5L I4,CVT,45649,Used,108,Dallas,False,0,0
4637,2023-02-14,Customer 4637,555-602-6656,customer4637@email.com,Audi,Q5,2018,Blue,Sedan,59717,3.6L V6,Manual,45742,New,106,San Diego,True,10453,60
4638,2023-02-06,Customer 4638,555-494-5302,customer4638@email.com,BMW,5 Series,2022,Silver,Sedan,15704,3.5L V6,CVT,23926,New,110,Chicago,False,0,0
4639,2023-01-05,Customer 4639,555-840-5585,customer4639@email.com,BMW,5 Series,2021,Black,Truck,34982,2.5L I4,Automatic,44416,New,113,Los Angeles,False,0,0
4640,2023-05-03,Customer 4640,555-280-5213,customer4640@email.com,Chevrolet,Traverse,2019,Black,Coupe,25890,3.5L V6,Automatic,43298,New,113,New York,True,1955,72
4641,2023-10-31,Customer 4641,555-711-7058,customer4641@email.com,Toyota,Tacoma,2020,Green,SUV,45131,5.0L V8,Automatic,57061,New,117,Chicago,True,3798,60
4642,2023-07-28,Customer 4642,555-185-6457,customer4642@email.com,Chevrolet,Traverse,2019,Gray,Coupe,6498,3.5L V6,Manual,36235,Used,108,San Jose,True,8383,0
4643,2024-01-11,Customer 4643,555-760-5945,customer4643@email.com,Toyota,Tacoma,2018,Green,SUV,50041,2.5L I4,CVT,57431,New,115,San Diego,False,0,0
4644,2023-12-25,Customer 4644,555-949-2378,customer4644@email.com,Chevrolet,Silverado,2020,Silver,SUV,32893,2.5L I4,Manual,27946,New,120,Chicago,False,0,0
4645,2023-09-21,Customer 4645,555-652-3337,customer4645@email.com,Honda,Accord,2024,Black,SUV,47401,5.0L V8,Manual,24269,Used,105,San Jose,False,0,0
4646,2023-02-26,Customer 4646,555-354-6380,customer4646@email.com,Mercedes,S-Class,2021,White,Coupe,30552,3.6L V6,Manual,30624,New,112,San Antonio,False,0,0
4647,2023-06-16,Customer 4647,555-790-8766,customer4647@email.com,Toyota,Camry,2024,Silver,SUV,48207,5.0L V8,Automatic,57766,New,119,Chicago,True,5824,36
4648,2023-02-05,Customer 4648,555-289-1904,customer4648@email.com,Nissan,Rogue,2023,Red,Sedan,40136,3.5L V6,CVT,40809,Used,104,Dallas,True,3888,36
4649,2023-04-27,Customer 4649,555-716-6393,customer4649@email.com,Jeep,Cherokee,2024,Gray,SUV,34385,5.0L V8,CVT,28429,Used,106,San Antonio,True,1666,0
4650,2023-12-30,Customer 4650,555-450-7961,customer4650@email.com,Nissan,Rogue,2019,Gray,Sedan,36288,5.0L V8,Automatic,21069,New,113,Phoenix,True,3472,0
4651,2023-07-26,Customer 4651,555-232-3089,customer4651@email.com,Toyota,Camry,2020,Silver,Truck,27138,3.5L V6,Manual,59544,New,105,San Jose,False,0,0
4652,2023-01-25,Customer 4652,555-352-9322,customer4652@email.com,Mercedes,S-Class,2018,Gray,Coupe,19266,5.0L V8,Manual,41780,New,111,Los Angeles,True,3302,0
4653,2023-07-27,Customer 4653,555-265-4979,customer4653@email.com,Honda,Civic,2023,Silver,Coupe,13014,3.5L V6,Manual,46887,New,101,San Antonio,False,0,0
4654,2023-04-08,Customer 4654,555-404-2335,customer4654@email.com,Ford,F-150,2018,Gray,Truck,29671,2.5L I4,Automatic,36673,New,112,San Jose,True,7761,60
4655,2023-09-21,Customer 4655,555-142-7633,customer4655@email.com,Jeep,Grand Cherokee,2021,Black,Truck,51718,2.0L I4,CVT,30038,New,104,Dallas,False,0,0
4656,2023-02-16,Customer 4656,555-371-7744,customer4656@email.com,Nissan,Rogue,2023,Gray,SUV,47703,2.0L I4,Automatic,15026,Used,117,Phoenix,True,2485,0
4657,2023-06-02,Customer 4657,555-559-4874,customer4657@email.com,Jeep,Wrangler,2018,Silver,Coupe,37391,3.6L V6,Manual,17229,New,108,Chicago,False,0,0
4658,2023-07-05,Customer 4658,555-922-3455,customer4658@email.com,Nissan,Altima,2024,Green,SUV,27452,3.6L V6,Manual,16185,New,108,San Antonio,True,2936,60
4659,2023-09-23,Customer 4659,555-449-1057,customer4659@email.com,Mercedes,E-Class,2024,White,SUV,56288,3.5L V6,CVT,27775,Used,110,Phoenix,True,189,48
4660,2023-05-18,Customer 4660,555-381-6339,customer4660@email.com,Chevrolet,Silverado,2019,White,Truck,13762,3.5L V6,Manual,54422,Used,115,Phoenix,True,8240,48
4661,2023-09-03,Customer 4661,555-837-4153,customer4661@email.com,Jeep,Wrangler,2022,White,Coupe,8723,3.6L V6,Manual,50194,New,101,Chicago,True,2922,0
4662,2023-04-27,Customer 4662,555-569-1933,customer4662@email.com,Nissan,Titan,2020,Red,Sedan,28616,2.5L I4,Automatic,29367,New,110,Houston,False,0,0
4663,2023-12-25,Customer 4663,555-562-5722,customer4663@email.com,Mercedes,S-Class,2020,Silver,Truck,12982,2.5L I4,Automatic,45745,Used,114,San Diego,False,0,0
4664,2023-04-06,Customer 4664,555-743-4590,customer4664@email.com,Hyundai,Tucson,2024,White,Truck,51305,5.0L V8,CVT,33664,Used,117,Dallas,True,1921,0
4665,2023-07-15,Customer 4665,555-575-4428,customer4665@email.com,Honda,Civic,2023,Blue,Sedan,59212,5.0L V8,CVT,53103,Used,105,Chicago,False,0,0
4666,2023-12-10,Customer 4666,555-113-2594,customer4666@email.com,Mercedes,E-Class,2022,Green,SUV,23671,5.0L V8,CVT,43597,Used,120,San Antonio,False,0,0
4667,2023-11-07,Customer 4667,555-366-1707,customer4667@email.com,Mercedes,E-Class,2019,Blue,SUV,54149,5.0L V8,Automatic,37714,Used,113,San Jose,False,0,0
4668,2023-12-11,Customer 4668,555-198-8912,customer4668@email.com,BMW,X5,2019,Silver,Coupe,53468,3.6L V6,Automatic,55189,Used,117,Houston,True,10650,36
4669,2023-10-05,Customer 4669,555-414-6710,customer4669@email.com,Audi,A4,2018,White,Coupe,25418,5.0L V8,Manual,17570,New,114,Philadelphia,False,0,0
4670,2023-07-03,Customer 4670,555-524-8570,customer4670@email.com,Ford,F-150,2021,Silver,Truck,46731,3.5L V6,CVT,33936,New,110,Phoenix,True,7682,48
4671,2023-12-02,Customer 4671,555-260-2002,customer4671@email.com,Chevrolet,Silverado,2023,Green,Sedan,6157,3.6L V6,CVT,33860,Used,118,Dallas,True,4803,60
4672,2023-03-15,Customer 4672,555-855-1454,customer4672@email.com,Hyundai,Elantra,2019,Gray,Coupe,23756,2.5L I4,Manual,16308,Used,117,New York,True,188,72
4673,2023-02-14,Customer 4673,555-144-8877,customer4673@email.com,BMW,5 Series,2021,White,Coupe,48157,5.0L V8,CVT,56819,Used,111,San Diego,True,591,36
4674,2023-07-22,Customer 4674,555-773-4387,customer4674@email.com,Audi,A4,2018,White,Sedan,44829,3.5L V6,CVT,55854,New,112,San Jose,False,0,0
4675,2023-07-08,Customer 4675,555-573-9895,customer4675@email.com,Chevrolet,Equinox,2022,Gray,SUV,32246,5.0L V8,Manual,32763,Used,109,San Antonio,False,0,0
4676,2023-09-16,Customer 4676,555-948-9907,customer4676@email.com,Jeep,Grand Cherokee,2018,Red,Sedan,20165,3.5L V6,CVT,40289,New,109,San Antonio,False,0,0
4677,2023-05-27,Customer 4677,555-830-9362,customer4677@email.com,BMW,X5,2018,White,Truck,44531,5.0L V8,CVT,57183,Used,113,Dallas,True,1300,48
4678,2023-06-17,Customer 4678,555-933-2887,customer4678@email.com,BMW,5 Series,2020,Blue,Sedan,42579,2.5L I4,Automatic,51066,New,113,Houston,True,2114,60
4679,2023-05-21,Customer 4679,555-538-7836,customer4679@email.com,Hyundai,Sonata,2021,Red,Sedan,27209,3.6L V6,Automatic,47894,New,102,Phoenix,True,11667,60
4680,2023-01-18,Customer 4680,555-527-1689,customer4680@email.com,Jeep,Wrangler,2024,Silver,Sedan,29354,2.5L I4,CVT,52540,Used,104,San Antonio,False,0,0
4681,2023-01-02,Customer 4681,555-354-6227,customer4681@email.com,Hyundai,Tucson,2019,Blue,Truck,43125,2.5L I4,Manual,56752,New,111,Phoenix,True,8109,36
4682,2023-08-07,Customer 4682,555-225-1657,customer4682@email.com,Mercedes,S-Class,2021,Red,Coupe,36408,2.0L I4,CVT,59650,New,117,New York,False,0,0
4683,2023-09-14,Customer 4683,555-856-9884,customer4683@email.com,Hyundai,Sonata,2021,Red,SUV,43205,3.6L V6,CVT,29863,Used,102,San Jose,False,0,0
4684,2023-04-21,Customer 4684,555-421-7361,customer4684@email.com,Hyundai,Elantra,2022,Red,Sedan,36708,2.5L I4,Manual,16429,Used,112,New York,True,1401,60
4685,2023-12-01,Customer 4685,555-334-5182,customer4685@email.com,Mercedes,S-Class,2020,Green,Sedan,46257,3.5L V6,Manual,43998,New,111,San Antonio,True,5094,60
4686,2023-10-18,Customer 4686,555-371-1026,customer4686@email.com,Toyota,Tacoma,2018,Blue,Sedan,22982,5.0L V8,Manual,51330,New,119,San Jose,True,10561,36
4687,2023-08-05,Customer 4687,555-395-4442,customer4687@email.com,Nissan,Titan,2022,Silver,SUV,20311,3.6L V6,Manual,36647,New,119,Phoenix,True,173,36
4688,2023-08-14,Customer 4688,555-296-3464,customer4688@email.com,BMW,X5,2021,Red,SUV,55669,2.5L I4,Manual,35999,New,109,Dallas,True,8667,48
4689,2023-02-23,Customer 4689,555-443-1453,customer4689@email.com,Chevrolet,Traverse,2023,Red,Truck,16764,5.0L V8,Automatic,47696,New,104,San Diego,False,0,0
4690,2023-04-12,Customer 4690,555-918-7852,customer4690@email.com,Hyundai,Tucson,2021,Gray,Truck,36086,5.0L V8,Manual,50005,Used,110,Los Angeles,True,8043,36
4691,2023-10-29,Customer 4691,555-486-5330,customer4691@email.com,Hyundai,Sonata,2024,Blue,Sedan,48180,5.0L V8,Manual,40798,Used,101,Chicago,True,1146,48
4692,2023-03-26,Customer 4692,555-812-3338,customer4692@email.com,Jeep,Cherokee,2023,Red,SUV,54859,2.0L I4,CVT,48266,Used,107,Houston,True,3662,36
4693,2023-06-06,Customer 4693,555-580-9160,customer4693@email.com,BMW,3 Series,2018,Green,Sedan,17396,2.0L I4,Manual,43990,New,112,Los Angeles,False,0,0
4694,2024-01-27,Customer 4694,555-768-9870,customer4694@email.com,Jeep,Cherokee,2024,Red,Sedan,28750,2.0L I4,CVT,39453,New,113,Los Angeles,True,6443,60
4695,2023-02-18,Customer 4695,555-224-3247,customer4695@email.com,Mercedes,E-Class,2024,Blue,Sedan,40570,2.5L I4,Manual,28959,Used,115,Phoenix,True,3252,60
4696,2023-09-03,Customer 4696,555-957-1968,customer4696@email.com,Chevrolet,Silverado,2021,Black,Truck,35456,3.5L V6,Manual,32902,New,110,Chicago,False,0,0
4697,2023-08-24,Customer 4697,555-620-9001,customer4697@email.com,Mercedes,E-Class,2020,Red,Coupe,56162,2.0L I4,Manual,49902,New,104,Philadelphia,False,0,0
4698,2023-12-31,Customer 4698,555-344-7778,customer4698@email.com,Mercedes,C-Class,2021,Silver,Sedan,42679,3.5L V6,CVT,49978,Used,111,New York,False,0,0
4699,2023-04-22,Customer 4699,555-739-1277,customer4699@email.com,Ford,F-150,2023,Red,Coupe,48467,3.5L V6,CVT,45292,Used,113,Chicago,False,0,0
4700,2024-01-05,Customer 4700,555-172-3225,customer4700@email.com,Hyundai,Elantra,2024,Gray,Truck,27311,2.0L I4,Automatic,54328,Used,112,Chicago,True,13457,0
4701,2023-03-03,Customer 4701,555-635-6837,customer4701@email.com,Hyundai,Sonata,2019,Silver,Coupe,47235,2.0L I4,Automatic,37012,Used,103,Phoenix,False,0,0
4702,2023-09-21,Customer 4702,555-235-1091,customer4702@email.com,Ford,Mustang,2021,Red,Coupe,48626,3.6L V6,Automatic,22920,Used,113,Los Angeles,False,0,0
4703,2023-06-03,Customer 4703,555-868-6863,customer4703@email.com,Hyundai,Sonata,2021,Red,Sedan,23748,2.5L I4,Manual,50412,Used,102,New York,True,11899,60
4704,2023-03-14,Customer 4704,555-939-2971,customer4704@email.com,Honda,CR-V,2023,Green,Sedan,40627,2.5L I4,Automatic,21004,Used,105,San Jose,False,0,0
4705,2023-01-22,Customer 4705,555-136-8670,customer4705@email.com,BMW,3 Series,2020,Green,Truck,32282,2.5L I4,Manual,37209,Used,112,Phoenix,True,3366,0
4706,2023-01-01,Customer 4706,555-308-6366,customer4706@email.com,Nissan,Titan,2020,Red,Sedan,6955,2.0L I4,Manual,36594,Used,106,Philadelphia,False,0,0
4707,2023-08-09,Customer 4707,555-680-7862,customer4707@email.com,Hyundai,Sonata,2019,Black,Coupe,16436,3.6L V6,CVT,28710,New,106,New York,False,0,0
4708,2023-02-02,Customer 4708,555-426-7926,customer4708@email.com,Mercedes,E-Class,2023,Gray,Sedan,56981,5.0L V8,CVT,25790,New,116,Houston,True,644,72
4709,2023-10-27,Customer 4709,555-443-8756,customer4709@email.com,Toyota,RAV4,2023,Blue,SUV,27389,2.0L I4,CVT,39689,New,109,San Antonio,False,0,0
4710,2023-05-22,Customer 4710,555-634-4733,customer4710@email.com,Toyota,RAV4,2019,Black,Sedan,50076,2.0L I4,Manual,40547,Used,112,Houston,False,0,0
4711,2023-01-20,Customer 4711,555-825-6309,customer4711@email.com,Toyota,RAV4,2019,White,Truck,59887,5.0L V8,Automatic,40524,New,120,Chicago,False,0,0
4712,2023-05-30,Customer 4712,555-281-7048,customer4712@email.com,Chevrolet,Silverado,2022,Red,Coupe,14180,2.5L I4,Automatic,38099,Used,116,Los Angeles,False,0,0
4713,2023-04-06,Customer 4713,555-840-5360,customer4713@email.com,BMW,5 Series,2018,Red,Truck,36414,2.5L I4,CVT,53668,New,107,San Jose,False,0,0
4714,2023-06-20,Customer 4714,555-342-4053,customer4714@email.com,Toyota,RAV4,2022,White,Coupe,37971,2.0L I4,Manual,32144,Used,119,Dallas,True,6802,72
4715,2023-11-26,Customer 4715,555-121-1328,customer4715@email.com,BMW,5 Series,2020,Silver,Sedan,21998,3.6L V6,Manual,32559,Used,120,New York,False,0,0
4716,2023-03-05,Customer 4716,555-913-2328,customer4716@email.com,Toyota,Camry,2019,Silver,SUV,18334,3.6L V6,Automatic,42285,Used,107,Philadelphia,True,6077,36
4717,2023-01-30,Customer 4717,555-564-9505,customer4717@email.com,BMW,3 Series,2024,Green,Coupe,37252,2.0L I4,Automatic,45663,Used,112,Los Angeles,True,2705,0
4718,2023-08-19,Customer 4718,555-445-5114,customer4718@email.com,Toyota,Tacoma,2021,Red,SUV,36987,3.6L V6,CVT,43245,New,116,New York,False,0,0
4719,2023-03-06,Customer 4719,555-308-2879,customer4719@email.com,Mercedes,E-Class,2018,White,Sedan,41675,5.0L V8,CVT,29432,Used,104,Houston,False,0,0
4720,2023-03-10,Customer 4720,555-695-6217,customer4720@email.com,Toyota,RAV4,2020,Black,SUV,24292,3.5L V6,Manual,20818,Used,117,Dallas,True,3217,60
4721,2024-01-06,Customer 4721,555-157-9149,customer4721@email.com,Nissan,Titan,2022,White,Sedan,25290,2.5L I4,Manual,56465,New,106,New York,False,0,0
4722,2023-10-27,Customer 4722,555-736-8934,customer4722@email.com,Audi,A4,2023,Black,Truck,34443,2.0L I4,Manual,21571,Used,110,Dallas,False,0,0
4723,2023-07-21,Customer 4723,555-372-2106,customer4723@email.com,Chevrolet,Silverado,2020,Black,Coupe,6178,3.6L V6,Automatic,27509,New,105,Los Angeles,False,0,0
4724,2023-05-10,Customer 4724,555-911-8893,customer4724@email.com,Mercedes,C-Class,2023,Black,Sedan,35923,2.0L I4,Manual,26435,Used,111,Phoenix,True,3916,60
4725,2023-10-02,Customer 4725,555-665-9632,customer4725@email.com,Toyota,Tacoma,2018,Green,Coupe,23437,2.5L I4,CVT,30573,Used,115,Philadelphia,False,0,0
4726,2023-01-05,Customer 4726,555-195-6336,customer4726@email.com,Mercedes,C-Class,2019,Blue,Truck,22195,5.0L V8,Manual,42524,New,103,San Diego,True,4636,72
4727,2023-07-22,Customer 4727,555-468-3255,customer4727@email.com,Jeep,Grand Cherokee,2018,Gray,Truck,6246,2.0L I4,CVT,39696,Used,104,Philadelphia,True,7910,36
4728,2023-04-06,Customer 4728,555-981-7455,customer4728@email.com,Hyundai,Tucson,2018,Black,Truck,26702,3.5L V6,CVT,27722,Used,111,Dallas,True,4140,60
4729,2023-06-08,Customer 4729,555-955-2339,customer4729@email.com,Chevrolet,Traverse,2022,Black,Truck,20242,3.5L V6,CVT,58618,Used,114,Philadelphia,True,2576,48
4730,2023-09-26,Customer 4730,555-225-7961,customer4730@email.com,Hyundai,Sonata,2022,Black,Truck,35445,5.0L V8,Manual,33363,Used,106,Houston,False,0,0
4731,2023-03-16,Customer 4731,555-993-5716,customer4731@email.com,Hyundai,Elantra,2024,Gray,Truck,41177,3.5L V6,CVT,43992,Used,119,New York,False,0,0
4732,2023-06-17,Customer 4732,555-724-9136,customer4732@email.com,Hyundai,Elantra,2024,Black,Coupe,58602,2.5L I4,Manual,52438,Used,116,Chicago,False,0,0
4733,2023-02-02,Customer 4733,555-933-9660,customer4733@email.com,BMW,X5,2023,Blue,Sedan,50986,3.6L V6,Manual,26802,Used,103,San Antonio,False,0,0
4734,2023-07-17,Customer 4734,555-683-8450,customer4734@email.com,Mercedes,E-Class,2019,Green,Sedan,8183,2.0L I4,Manual,35682,New,117,San Diego,False,0,0
4735,2023-09-19,Customer 4735,555-353-8863,customer4735@email.com,Audi,Q5,2024,Gray,Sedan,51809,3.6L V6,Automatic,53314,Used,118,San Antonio,False,0,0
4736,2023-10-12,Customer 4736,555-266-7080,customer4736@email.com,Jeep,Wrangler,2019,Black,SUV,12410,3.6L V6,Manual,36331,New,113,San Antonio,True,3496,0
4737,2023-04-11,Customer 4737,555-937-8089,customer4737@email.com,Mercedes,S-Class,2022,Silver,Coupe,23037,3.5L V6,Manual,47314,Used,102,Los Angeles,False,0,0
4738,2024-01-01,Customer 4738,555-107-2218,customer4738@email.com,Chevrolet,Silverado,2020,Black,Sedan,38078,3.6L V6,Automatic,21699,Used,116,Chicago,True,3056,48
4739,2023-11-08,Customer 4739,555-659-1421,customer4739@email.com,Hyundai,Sonata,2022,Red,SUV,59274,2.5L I4,Manual,51172,Used,109,Dallas,False,0,0
4740,2023-01-24,Customer 4740,555-924-3585,customer4740@email.com,Toyota,RAV4,2022,Red,Sedan,6439,2.5L I4,CVT,56324,Used,104,Philadelphia,True,9721,72
4741,2023-07-12,Customer 4741,555-308-5342,customer4741@email.com,BMW,X5,2018,Green,Sedan,51118,2.0L I4,Manual,32655,Used,108,San Antonio,False,0,0
4742,2023-03-17,Customer 4742,555-823-7553,customer4742@email.com,Hyundai,Tucson,2019,Blue,Truck,6519,2.0L I4,Automatic,43526,New,105,San Jose,False,0,0
4743,2023-10-27,Customer 4743,555-901-5293,customer4743@email.com,Hyundai,Elantra,2023,White,Coupe,30519,2.5L I4,CVT,34727,New,118,Los Angeles,True,6424,36
4744,2023-10-13,Customer 4744,555-186-9912,customer4744@email.com,Toyota,Camry,2023,Gray,SUV,54471,2.0L I4,CVT,33563,Used,120,San Jose,True,3577,36
4745,2024-01-17,Customer 4745,555-653-2070,customer4745@email.com,Nissan,Altima,2018,White,SUV,43535,2.0L I4,CVT,57177,New,117,Phoenix,False,0,0
4746,2023-02-27,Customer 4746,555-572-6339,customer4746@email.com,Honda,Civic,2023,Green,SUV,47146,2.0L I4,Manual,43403,Used,104,San Diego,False,0,0
4747,2023-08-12,Customer 4747,555-719-1495,customer4747@email.com,Audi,A6,2018,Red,SUV,52663,3.5L V6,Automatic,35537,New,118,San Jose,False,0,0
4748,2023-06-09,Customer 4748,555-214-3714,customer4748@email.com,Nissan,Altima,2024,Silver,SUV,43825,2.0L I4,Automatic,23231,New,103,San Jose,True,1395,72
4749,2023-11-17,Customer 4749,555-846-4100,customer4749@email.com,BMW,3 Series,2018,Green,Coupe,49470,2.0L I4,Automatic,27907,Used,106,San Jose,True,4316,36
4750,2023-07-29,Customer 4750,555-549-9358,customer4750@email.com,Nissan,Altima,2024,White,Truck,55704,3.5L V6,CVT,52556,Used,111,Dallas,True,1131,36
4751,2023-12-03,Customer 4751,555-487-8470,customer4751@email.com,Chevrolet,Traverse,2018,Green,SUV,26215,3.5L V6,CVT,35784,Used,101,San Diego,True,7321,48
4752,2023-10-21,Customer 4752,555-193-6704,customer4752@email.com,Jeep,Grand Cherokee,2019,Green,Sedan,10307,3.6L V6,Manual,17536,New,105,Dallas,False,0,0
4753,2023-03-24,Customer 4753,555-425-1517,customer4753@email.com,Nissan,Titan,2021,Blue,SUV,40040,2.0L I4,CVT,48320,Used,113,Dallas,True,9793,72
4754,2023-05-23,Customer 4754,555-244-9933,customer4754@email.com,Jeep,Cherokee,2018,White,Coupe,35854,3.6L V6,Manual,24337,Used,114,Philadelphia,False,0,0
4755,2023-04-07,Customer 4755,555-274-6141,customer4755@email.com,Jeep,Cherokee,2021,White,SUV,26944,2.5L I4,CVT,42740,Used,114,San Diego,False,0,0
4756,2023-06-11,Customer 4756,555-530-6081,customer4756@email.com,Mercedes,S-Class,2021,Blue,Sedan,14547,3.6L V6,Automatic,50926,New,114,Los Angeles,True,8355,48
4757,2023-02-04,Customer 4757,555-167-2799,customer4757@email.com,Jeep,Grand Cherokee,2023,Gray,SUV,25650,2.5L I4,CVT,15110,New,119,Philadelphia,False,0,0
4758,2023-12-28,Customer 4758,555-855-2396,customer4758@email.com,Nissan,Titan,2020,Gray,SUV,31401,3.5L V6,CVT,26527,New,119,Philadelphia,True,1155,0
4759,2024-01-23,Customer 4759,555-102-7073,customer4759@email.com,Honda,Accord,2024,Gray,Coupe,51068,2.5L I4,Automatic,48435,New,102,Phoenix,True,8268,48
4760,2023-09-22,Customer 4760,555-506-1601,customer4760@email.com,Hyundai,Tucson,2020,Green,SUV,10809,3.5L V6,Automatic,42185,New,104,Chicago,True,1380,0
4761,2023-01-29,Customer 4761,555-272-5579,customer4761@email.com,Ford,Escape,2018,White,Truck,39891,3.5L V6,Manual,22452,Used,120,Phoenix,False,0,0
4762,2023-11-30,Customer 4762,555-892-2498,customer4762@email.com,Audi,A6,2023,Green,Coupe,45090,2.5L I4,Automatic,24671,New,120,Phoenix,True,1384,48
4763,2024-01-06,Customer 4763,555-839-4898,customer4763@email.com,Jeep,Cherokee,2022,Green,Coupe,50023,2.0L I4,Manual,43210,Used,115,Los Angeles,True,10312,36
4764,2023-08-21,Customer 4764,555-186-7279,customer4764@email.com,Hyundai,Elantra,2018,Black,Coupe,39064,2.5L I4,Automatic,27311,Used,119,Chicago,False,0,0
4765,2023-09-18,Customer 4765,555-973-3515,customer4765@email.com,Honda,Civic,2018,Blue,Truck,32395,2.0L I4,CVT,37562,Used,103,Philadelphia,True,6988,72
4766,2023-09-21,Customer 4766,555-357-4980,customer4766@email.com,Chevrolet,Equinox,2020,Red,Coupe,34104,3.5L V6,Automatic,31948,New,117,Houston,True,153,72
4767,2023-07-29,Customer 4767,555-470-3227,customer4767@email.com,Honda,Civic,2024,Gray,Coupe,39587,5.0L V8,Manual,27961,New,117,San Antonio,True,5650,36
4768,2023-07-27,Customer 4768,555-420-1836,customer4768@email.com,Toyota,Tacoma,2022,Gray,Sedan,26813,2.0L I4,Manual,44016,Used,119,Chicago,False,0,0
4769,2023-09-30,Customer 4769,555-919-1726,customer4769@email.com,Hyundai,Sonata,2021,Blue,Sedan,16994,3.5L V6,Manual,21749,Used,106,Philadelphia,True,308,36
4770,2023-12-24,Customer 4770,555-235-9767,customer4770@email.com,Honda,Civic,2021,Red,Sedan,20301,5.0L V8,Automatic,28252,Used,119,New York,False,0,0
4771,2023-12-21,Customer 4771,555-639-7618,customer4771@email.com,Ford,Escape,2020,Black,Coupe,21700,5.0L V8,CVT,30205,New,119,Phoenix,False,0,0
4772,2023-07-05,Customer 4772,555-822-9932,customer4772@email.com,Audi,Q5,2020,Gray,Coupe,58687,3.6L V6,CVT,24017,New,114,Dallas,True,2782,60
4773,2023-08-05,Customer 4773,555-962-9130,customer4773@email.com,Honda,Accord,2024,Black,Coupe,1781,2.0L I4,Automatic,58166,New,114,Chicago,False,0,0
4774,2023-09-04,Customer 4774,555-629-4767,customer4774@email.com,Mercedes,E-Class,2020,Gray,Sedan,9217,5.0L V8,Automatic,54124,Used,108,Houston,False,0,0
4775,2023-04-22,Customer 4775,555-212-4308,customer4775@email.com,Audi,A4,2024,Gray,SUV,47000,3.6L V6,Manual,35104,Used,107,Los Angeles,False,0,0
4776,2023-06-03,Customer 4776,555-498-8376,customer4776@email.com,Toyota,Tacoma,2018,Green,Coupe,20138,3.6L V6,Manual,24424,New,111,San Diego,True,229,0
4777,2023-02-16,Customer 4777,555-439-8751,customer4777@email.com,Toyota,Tacoma,2018,Silver,Truck,43136,5.0L V8,Automatic,40779,New,120,New York,True,5186,36
4778,2023-09-05,Customer 4778,555-161-7976,customer4778@email.com,Hyundai,Elantra,2021,Gray,Coupe,39225,3.5L V6,CVT,28441,Used,108,Houston,True,5951,0
4779,2023-07-17,Customer 4779,555-827-8434,customer4779@email.com,Audi,Q5,2022,Blue,Coupe,30839,3.5L V6,Automatic,17060,New,108,Phoenix,True,1296,48
4780,2023-03-22,Customer 4780,555-390-4156,customer4780@email.com,Chevrolet,Equinox,2022,Green,Truck,9174,2.0L I4,Manual,59988,New,108,Houston,True,2322,72
4781,2023-06-15,Customer 4781,555-422-2719,customer4781@email.com,Chevrolet,Equinox,2023,Silver,Coupe,27591,3.5L V6,CVT,28926,Used,114,Dallas,True,5789,60
4782,2023-10-19,Customer 4782,555-192-7870,customer4782@email.com,Jeep,Grand Cherokee,2024,Silver,Coupe,52975,5.0L V8,Automatic,52489,New,115,Houston,False,0,0
4783,2023-02-12,Customer 4783,555-523-4915,customer4783@email.com,Jeep,Wrangler,2018,Green,Truck,52401,2.0L I4,Manual,40582,New,101,Houston,False,0,0
4784,2023-06-02,Customer 4784,555-260-6740,customer4784@email.com,Chevrolet,Silverado,2021,White,SUV,49222,3.6L V6,Manual,48055,New,109,Houston,False,0,0
4785,2023-04-17,Customer 4785,555-292-7454,customer4785@email.com,Mercedes,C-Class,2024,Silver,Coupe,23540,2.5L I4,Automatic,50804,Used,107,Dallas,True,6725,72
4786,2023-09-12,Customer 4786,555-846-8573,customer4786@email.com,Toyota,Tacoma,2019,Red,Truck,40309,3.5L V6,Manual,56693,Used,110,New York,True,5813,36
4787,2024-01-25,Customer 4787,555-807-7249,customer4787@email.com,BMW,3 Series,2022,Gray,Sedan,23053,2.5L I4,Automatic,26240,New,116,Los Angeles,True,2455,36
4788,2023-07-20,Customer 4788,555-524-7527,customer4788@email.com,Audi,A4,2024,Silver,Coupe,33871,3.6L V6,Manual,46791,New,110,San Diego,False,0,0
4789,2023-11-15,Customer 4789,555-535-2704,customer4789@email.com,Chevrolet,Silverado,2023,White,SUV,47190,2.0L I4,CVT,36732,New,101,Los Angeles,True,1812,0
4790,2023-07-10,Customer 4790,555-837-6669,customer4790@email.com,Toyota,Tacoma,2023,Gray,Coupe,6118,5.0L V8,Automatic,41199,New,101,San Antonio,False,0,0
4791,2023-07-22,Customer 4791,555-524-6568,customer4791@email.com,Chevrolet,Traverse,2021,Black,Truck,19418,3.5L V6,CVT,17440,Used,101,Dallas,False,0,0
4792,2023-09-08,Customer 4792,555-861-3784,customer4792@email.com,Jeep,Cherokee,2018,Green,Coupe,16363,3.5L V6,Manual,24224,New,111,San Diego,False,0,0
4793,2023-11-28,Customer 4793,555-814-2539,customer4793@email.com,Jeep,Wrangler,2018,Blue,Coupe,25140,5.0L V8,Automatic,40049,Used,119,San Antonio,True,8451,48
4794,2023-10-19,Customer 4794,555-151-2634,customer4794@email.com,Toyota,Camry,2021,Black,SUV,50068,2.0L I4,Automatic,40301,Used,111,Los Angeles,True,2666,48
4795,2023-05-13,Customer 4795,555-305-1280,customer4795@email.com,Ford,Escape,2022,Silver,Sedan,43139,5.0L V8,Manual,22988,New,115,Philadelphia,False,0,0
4796,2023-08-16,Customer 4796,555-294-7189,customer4796@email.com,Chevrolet,Equinox,2023,Red,SUV,50317,5.0L V8,Automatic,16419,Used,104,Los Angeles,True,166,36
4797,2023-09-23,Customer 4797,555-694-9399,customer4797@email.com,Ford,F-150,2020,Blue,Coupe,21277,3.5L V6,CVT,32955,New,104,Chicago,False,0,0
4798,2023-09-08,Customer 4798,555-107-9305,customer4798@email.com,BMW,X5,2023,Green,Sedan,29290,3.5L V6,Manual,30796,New,101,Phoenix,True,4241,72
4799,2023-11-14,Customer 4799,555-180-1161,customer4799@email.com,Nissan,Rogue,2024,Red,Truck,179,2.5L I4,Automatic,18320,New,105,San Antonio,True,3584,72
4800,2023-08-16,Customer 4800,555-231-1279,customer4800@email.com,BMW,3 Series,2024,Blue,SUV,48393,2.0L I4,Automatic,43282,Used,102,Phoenix,False,0,0
4801,2023-10-22,Customer 4801,555-973-5658,customer4801@email.com,Mercedes,C-Class,2018,Silver,SUV,59665,2.5L I4,Automatic,16717,Used,115,Houston,False,0,0
4802,2023-06-01,Customer 4802,555-311-7030,customer4802@email.com,Chevrolet,Silverado,2024,Gray,Truck,7501,3.5L V6,CVT,21849,Used,101,Chicago,False,0,0
4803,2023-03-11,Customer 4803,555-190-7860,customer4803@email.com,Chevrolet,Equinox,2022,Black,Sedan,31251,2.5L I4,Automatic,37579,Used,102,Dallas,False,0,0
4804,2023-08-03,Customer 4804,555-202-9055,customer4804@email.com,Mercedes,S-Class,2022,Black,SUV,40289,2.0L I4,Automatic,43260,Used,110,San Diego,False,0,0
4805,2023-04-13,Customer 4805,555-206-4287,customer4805@email.com,Audi,A6,2024,White,Truck,37378,2.0L I4,Manual,59169,Used,116,Los Angeles,True,2298,60
4806,2023-03-23,Customer 4806,555-586-4289,customer4806@email.com,Mercedes,E-Class,2024,Black,Truck,58567,2.5L I4,Automatic,26102,New,110,Philadelphia,False,0,0
4807,2023-07-09,Customer 4807,555-204-3366,customer4807@email.com,Toyota,Camry,2022,Green,Truck,18326,2.5L I4,CVT,30336,Used,120,Houston,True,6814,72
4808,2023-09-04,Customer 4808,555-733-1462,customer4808@email.com,Jeep,Cherokee,2018,Red,Coupe,54039,5.0L V8,Automatic,40233,Used,104,San Diego,True,9880,72
4809,2023-11-26,Customer 4809,555-714-3624,customer4809@email.com,Ford,F-150,2023,Blue,Sedan,22730,2.0L I4,Automatic,49981,New,111,Chicago,False,0,0
4810,2023-01-08,Customer 4810,555-431-2426,customer4810@email.com,Hyundai,Sonata,2020,Blue,Coupe,37053,3.5L V6,Automatic,49857,New,109,Chicago,False,0,0
4811,2023-03-09,Customer 4811,555-965-9268,customer4811@email.com,Ford,Escape,2018,Black,SUV,35365,2.5L I4,Automatic,38273,Used,111,Philadelphia,True,1344,72
4812,2023-05-10,Customer 4812,555-977-9247,customer4812@email.com,Mercedes,C-Class,2023,Silver,Coupe,43243,5.0L V8,CVT,29347,Used,116,Los Angeles,False,0,0
4813,2023-05-18,Customer 4813,555-953-8988,customer4813@email.com,Jeep,Cherokee,2024,Black,Coupe,23969,2.5L I4,Manual,37027,Used,102,Dallas,True,2400,60
4814,2023-07-27,Customer 4814,555-231-3236,customer4814@email.com,BMW,5 Series,2023,Green,Truck,51994,2.0L I4,Manual,33709,New,117,Chicago,False,0,0
4815,2023-11-22,Customer 4815,555-364-1224,customer4815@email.com,Toyota,Tacoma,2019,Gray,Sedan,10621,3.5L V6,Manual,41935,Used,106,San Diego,True,2331,36
4816,2023-11-04,Customer 4816,555-417-2628,customer4816@email.com,Nissan,Titan,2018,Gray,Coupe,34026,5.0L V8,Automatic,18393,New,115,New York,True,219,0
4817,2024-01-20,Customer 4817,555-840-2054,customer4817@email.com,Audi,A4,2022,Silver,Sedan,5512,2.0L I4,Manual,43374,New,108,Phoenix,True,1889,72
4818,2024-01-13,Customer 4818,555-463-6112,customer4818@email.com,Audi,A6,2018,Green,Coupe,12197,3.6L V6,Manual,17267,New,120,New York,True,2624,48
4819,2023-01-16,Customer 4819,555-793-4604,customer4819@email.com,Honda,Accord,2024,Green,Truck,46163,3.6L V6,Manual,35877,Used,104,Chicago,True,8775,48
4820,2024-01-28,Customer 4820,555-646-2939,customer4820@email.com,Chevrolet,Traverse,2021,White,Coupe,27387,2.5L I4,CVT,24473,Used,114,Philadelphia,False,0,0
4821,2023-06-13,Customer 4821,555-962-8170,customer4821@email.com,Audi,A4,2022,Red,Sedan,39464,3.5L V6,Automatic,21149,New,101,Dallas,False,0,0
4822,2023-03-03,Customer 4822,555-772-6263,customer4822@email.com,Ford,F-150,2019,Blue,SUV,54849,2.0L I4,Automatic,18898,New,112,New York,False,0,0
4823,2023-10-13,Customer 4823,555-774-8612,customer4823@email.com,Audi,A6,2020,Red,Sedan,41474,2.5L I4,Automatic,43025,New,118,Los Angeles,True,2024,72
4824,2023-02-21,Customer 4824,555-389-7543,customer4824@email.com,Ford,Mustang,2018,Green,SUV,29225,3.5L V6,Automatic,39848,New,102,Philadelphia,True,6399,72
4825,2023-05-30,Customer 4825,555-247-3789,customer4825@email.com,Hyundai,Elantra,2020,Red,Truck,43266,2.0L I4,CVT,36929,Used,120,San Jose,True,3755,0
4826,2023-10-27,Customer 4826,555-678-9027,customer4826@email.com,Chevrolet,Silverado,2019,Blue,Sedan,49133,2.5L I4,Automatic,31579,Used,104,Chicago,False,0,0
4827,2023-05-14,Customer 4827,555-145-2762,customer4827@email.com,Nissan,Rogue,2023,Black,Sedan,15043,2.0L I4,Automatic,28532,New,120,Los Angeles,False,0,0
4828,2023-09-08,Customer 4828,555-834-9570,customer4828@email.com,Honda,Civic,2019,Black,Truck,44675,3.6L V6,Manual,49610,Used,105,Philadelphia,True,9070,60
4829,2023-01-14,Customer 4829,555-929-3970,customer4829@email.com,Ford,F-150,2019,Black,Coupe,35341,2.0L I4,Manual,48854,New,111,San Jose,True,129,48
4830,2023-05-31,Customer 4830,555-412-1207,customer4830@email.com,Ford,F-150,2023,Green,Sedan,19714,3.5L V6,Automatic,52327,New,116,Phoenix,False,0,0
4831,2023-02-02,Customer 4831,555-404-6035,customer4831@email.com,Honda,Accord,2018,Blue,Coupe,40981,2.5L I4,CVT,41021,New,101,San Diego,False,0,0
4832,2023-11-02,Customer 4832,555-201-7767,customer4832@email.com,Nissan,Altima,2022,White,Sedan,53397,2.5L I4,CVT,24554,New,113,San Jose,False,0,0
4833,2023-06-01,Customer 4833,555-273-2968,customer4833@email.com,Nissan,Rogue,2023,Gray,Coupe,35215,2.5L I4,Automatic,51459,Used,103,San Antonio,True,9075,48
4834,2023-04-30,Customer 4834,555-194-3991,customer4834@email.com,Chevrolet,Traverse,2023,Green,Coupe,58226,2.0L I4,Automatic,53200,Used,107,New York,False,0,0
4835,2023-08-03,Customer 4835,555-910-1610,customer4835@email.com,Audi,Q5,2020,White,Truck,21952,2.0L I4,Manual,28511,Used,102,San Antonio,True,1208,48
4836,2023-02-12,Customer 4836,555-129-1598,customer4836@email.com,Hyundai,Tucson,2019,Gray,SUV,5743,2.0L I4,Manual,33870,Used,109,Phoenix,False,0,0
4837,2023-08-09,Customer 4837,555-149-1871,customer4837@email.com,BMW,5 Series,2018,Gray,SUV,38507,2.5L I4,Automatic,30986,Used,113,San Diego,True,2666,60
4838,2023-10-14,Customer 4838,555-126-6321,customer4838@email.com,Audi,A4,2020,Black,Coupe,24003,5.0L V8,Manual,46937,New,105,Philadelphia,False,0,0
4839,2023-12-14,Customer 4839,555-462-1102,customer4839@email.com,Nissan,Altima,2022,White,SUV,44402,2.0L I4,CVT,24891,Used,107,Philadelphia,True,1696,0
4840,2023-08-04,Customer 4840,555-820-9496,customer4840@email.com,Nissan,Altima,2020,Gray,Sedan,14468,2.5L I4,Automatic,47600,Used,105,Philadelphia,False,0,0
4841,2023-12-27,Customer 4841,555-192-5344,customer4841@email.com,Jeep,Grand Cherokee,2024,Black,Coupe,45124,3.6L V6,CVT,49240,New,110,New York,False,0,0
4842,2023-06-27,Customer 4842,555-152-7372,customer4842@email.com,BMW,5 Series,2023,Black,Sedan,11709,3.5L V6,Manual,17461,New,108,Phoenix,True,1517,48
4843,2023-09-10,Customer 4843,555-675-9497,customer4843@email.com,Toyota,Tacoma,2023,White,Sedan,30937,2.0L I4,CVT,27538,Used,114,San Antonio,False,0,0
4844,2023-08-19,Customer 4844,555-522-5425,customer4844@email.com,Audi,A4,2023,Green,Coupe,5275,2.0L I4,CVT,16784,Used,112,Dallas,True,692,0
4845,2023-01-20,Customer 4845,555-623-4301,customer4845@email.com,Hyundai,Tucson,2018,White,Sedan,38181,2.0L I4,CVT,31871,Used,102,Dallas,True,7549,36
4846,2023-03-07,Customer 4846,555-307-4744,customer4846@email.com,BMW,5 Series,2022,Black,Sedan,26454,3.5L V6,CVT,39937,Used,106,San Antonio,True,7917,60
4847,2023-10-23,Customer 4847,555-232-3091,customer4847@email.com,Ford,F-150,2022,Black,Truck,31680,3.5L V6,CVT,16934,Used,107,Los Angeles,False,0,0
4848,2023-04-29,Customer 4848,555-610-2008,customer4848@email.com,Nissan,Titan,2019,Silver,Sedan,19717,3.5L V6,Automatic,32193,New,115,Los Angeles,False,0,0
4849,2023-03-21,Customer 4849,555-349-3871,customer4849@email.com,Chevrolet,Silverado,2018,Green,Sedan,59334,3.5L V6,CVT,28620,New,107,San Diego,False,0,0
4850,2023-09-13,Customer 4850,555-703-5968,customer4850@email.com,Ford,F-150,2020,White,Truck,18947,5.0L V8,Manual,56265,Used,116,Houston,True,12567,72
4851,2023-04-03,Customer 4851,555-286-5565,customer4851@email.com,BMW,X5,2021,Red,Sedan,54112,2.0L I4,CVT,31802,Used,120,San Diego,True,3741,36
4852,2023-12-09,Customer 4852,555-593-5552,customer4852@email.com,Chevrolet,Traverse,2024,Black,SUV,15317,2.0L I4,Automatic,52416,Used,102,New York,False,0,0
4853,2024-01-03,Customer 4853,555-790-7953,customer4853@email.com,Jeep,Grand Cherokee,2019,Silver,Sedan,14150,2.0L I4,Manual,26269,New,102,Dallas,True,64,36
4854,2023-04-14,Customer 4854,555-252-6749,customer4854@email.com,Jeep,Wrangler,2023,White,Truck,33332,3.6L V6,Manual,55264,Used,117,San Diego,False,0,0
4855,2023-09-26,Customer 4855,555-282-8677,customer4855@email.com,Honda,CR-V,2024,Silver,SUV,51402,3.5L V6,Manual,24206,Used,111,Chicago,True,5553,72
4856,2023-06-03,Customer 4856,555-450-7590,customer4856@email.com,Chevrolet,Traverse,2018,White,SUV,12613,3.6L V6,CVT,44440,New,102,Houston,False,0,0
4857,2024-01-12,Customer 4857,555-108-8750,customer4857@email.com,Nissan,Rogue,2019,Green,SUV,26944,3.5L V6,CVT,28578,Used,120,Chicago,True,3440,72
4858,2023-10-09,Customer 4858,555-951-3936,customer4858@email.com,Audi,A4,2022,Green,SUV,8736,3.6L V6,Manual,53741,New,114,Dallas,False,0,0
4859,2023-03-15,Customer 4859,555-834-5345,customer4859@email.com,Honda,Civic,2024,Green,Sedan,12132,3.6L V6,Automatic,32309,Used,116,San Jose,True,7109,72
4860,2023-11-09,Customer 4860,555-770-5136,customer4860@email.com,Hyundai,Elantra,2021,Green,Sedan,11503,5.0L V8,Manual,20263,Used,103,San Diego,False,0,0
4861,2023-12-11,Customer 4861,555-993-7308,customer4861@email.com,BMW,X5,2022,Gray,Coupe,51950,5.0L V8,CVT,27021,New,102,Los Angeles,True,1296,48
4862,2023-10-14,Customer 4862,555-397-1849,customer4862@email.com,Ford,F-150,2021,Green,SUV,11214,2.0L I4,Automatic,20838,Used,113,Chicago,False,0,0
4863,2023-04-06,Customer 4863,555-697-9692,customer4863@email.com,Jeep,Wrangler,2021,Blue,Truck,57654,5.0L V8,CVT,27138,Used,116,Los Angeles,True,1525,36
4864,2024-01-27,Customer 4864,555-450-2378,customer4864@email.com,Audi,Q5,2020,White,Coupe,40796,2.5L I4,Manual,47863,Used,110,Philadelphia,False,0,0
4865,2023-12-04,Customer 4865,555-484-4852,customer4865@email.com,Ford,Mustang,2023,Blue,Coupe,51176,2.5L I4,CVT,55693,Used,112,San Jose,False,0,0
4866,2023-10-29,Customer 4866,555-902-4257,customer4866@email.com,Toyota,Camry,2022,Gray,Sedan,50323,3.6L V6,CVT,44457,Used,101,San Antonio,True,10273,72
4867,2023-06-18,Customer 4867,555-835-9443,customer4867@email.com,Mercedes,C-Class,2019,Gray,SUV,10087,3.6L V6,Manual,31984,New,110,San Diego,True,3320,48
4868,2023-09-04,Customer 4868,555-293-3515,customer4868@email.com,Honda,CR-V,2023,Silver,Coupe,50596,2.5L I4,CVT,20612,Used,120,San Antonio,True,695,36
4869,2024-01-07,Customer 4869,555-517-1090,customer4869@email.com,BMW,5 Series,2020,Red,Coupe,30354,2.0L I4,CVT,52969,Used,102,Los Angeles,False,0,0
4870,2023-04-26,Customer 4870,555-844-3120,customer4870@email.com,Ford,F-150,2022,Green,Sedan,38662,2.5L I4,CVT,47173,New,101,Phoenix,True,8493,0
4871,2023-07-22,Customer 4871,555-419-3082,customer4871@email.com,Mercedes,S-Class,2022,Blue,Truck,48331,3.6L V6,Manual,49693,New,119,Dallas,False,0,0
4872,2023-06-14,Customer 4872,555-761-8854,customer4872@email.com,Toyota,Tacoma,2024,Silver,Sedan,14263,3.6L V6,CVT,30258,New,118,San Diego,False,0,0
4873,2023-07-27,Customer 4873,555-537-3589,customer4873@email.com,BMW,5 Series,2023,Red,Sedan,26114,2.0L I4,Automatic,38972,Used,101,San Jose,True,1387,36
4874,2023-08-12,Customer 4874,555-370-1473,customer4874@email.com,Mercedes,S-Class,2018,Silver,Truck,28292,2.0L I4,CVT,17839,Used,113,San Antonio,False,0,0
4875,2024-01-06,Customer 4875,555-918-7013,customer4875@email.com,Nissan,Rogue,2022,Silver,Sedan,5387,5.0L V8,Automatic,53448,New,108,Chicago,True,3707,72
4876,2023-09-20,Customer 4876,555-541-4589,customer4876@email.com,Jeep,Cherokee,2021,Red,Coupe,37138,5.0L V8,Manual,49497,Used,117,Phoenix,False,0,0
4877,2023-11-19,Customer 4877,555-371-7280,customer4877@email.com,Audi,Q5,2020,Blue,Truck,38039,2.5L I4,Manual,15984,Used,116,New York,False,0,0
4878,2024-01-24,Customer 4878,555-340-6133,customer4878@email.com,Nissan,Rogue,2019,Black,Sedan,46527,3.5L V6,Automatic,55405,New,115,Dallas,True,13332,72
4879,2023-10-15,Customer 4879,555-716-9615,customer4879@email.com,Chevrolet,Equinox,2021,White,SUV,21234,3.5L V6,CVT,45903,Used,103,Dallas,True,1060,60
4880,2023-06-27,Customer 4880,555-562-9333,customer4880@email.com,Mercedes,C-Class,2022,Red,Coupe,13705,2.5L I4,Automatic,56485,New,118,New York,False,0,0
4881,2023-12-15,Customer 4881,555-151-4065,customer4881@email.com,Jeep,Cherokee,2021,Gray,SUV,13563,2.0L I4,Manual,48559,New,114,San Antonio,False,0,0
4882,2023-01-23,Customer 4882,555-341-9396,customer4882@email.com,Ford,F-150,2021,Blue,SUV,9686,3.5L V6,CVT,45552,New,106,Philadelphia,False,0,0
4883,2023-05-23,Customer 4883,555-709-1163,customer4883@email.com,Toyota,RAV4,2022,Blue,Truck,19352,5.0L V8,Automatic,54155,New,108,Phoenix,True,394,48
4884,2023-08-10,Customer 4884,555-454-2192,customer4884@email.com,Jeep,Cherokee,2020,Black,SUV,39517,3.6L V6,CVT,15114,New,117,San Antonio,True,767,36
4885,2023-06-11,Customer 4885,555-788-7099,customer4885@email.com,Chevrolet,Traverse,2021,Gray,Sedan,55502,3.5L V6,CVT,22101,New,109,Phoenix,False,0,0
4886,2023-05-05,Customer 4886,555-206-4921,customer4886@email.com,BMW,5 Series,2024,White,Sedan,11227,3.6L V6,Manual,41921,New,115,San Diego,True,2339,0
4887,2023-05-13,Customer 4887,555-249-2315,customer4887@email.com,Nissan,Titan,2021,Silver,SUV,26795,2.0L I4,CVT,40403,Used,102,Philadelphia,False,0,0
4888,2023-10-26,Customer 4888,555-513-4470,customer4888@email.com,Chevrolet,Traverse,2024,Green,Truck,23469,2.0L I4,CVT,51200,New,117,Phoenix,False,0,0
4889,2023-03-03,Customer 4889,555-177-4128,customer4889@email.com,Ford,Mustang,2018,Green,SUV,21928,2.5L I4,CVT,31094,Used,120,Houston,True,5760,0
4890,2023-12-16,Customer 4890,555-141-7444,customer4890@email.com,Hyundai,Sonata,2024,Gray,Coupe,3603,3.5L V6,Automatic,57466,New,117,Dallas,False,0,0
4891,2023-02-10,Customer 4891,555-326-1438,customer4891@email.com,Hyundai,Elantra,2018,Gray,Truck,16465,3.6L V6,CVT,20402,New,106,Dallas,False,0,0
4892,2023-03-10,Customer 4892,555-781-5343,customer4892@email.com,Hyundai,Tucson,2021,Red,SUV,38733,5.0L V8,Manual,22304,New,109,Dallas,True,5048,36
4893,2023-12-08,Customer 4893,555-101-6101,customer4893@email.com,Nissan,Rogue,2022,Gray,Sedan,14221,2.5L I4,Manual,21439,Used,102,Chicago,True,3222,48
4894,2023-06-02,Customer 4894,555-592-5255,customer4894@email.com,Honda,Accord,2018,Silver,SUV,26502,3.6L V6,Manual,58756,Used,101,San Diego,True,7135,36
4895,2023-06-11,Customer 4895,555-561-1304,customer4895@email.com,Audi,Q5,2020,Red,Truck,42286,3.6L V6,CVT,20798,Used,116,Chicago,True,1256,72
4896,2023-04-11,Customer 4896,555-354-4679,customer4896@email.com,BMW,X5,2019,Silver,Sedan,42717,2.5L I4,Manual,24515,New,113,San Diego,True,91,60
4897,2023-12-13,Customer 4897,555-157-7824,customer4897@email.com,Toyota,Tacoma,2022,Black,Truck,59091,5.0L V8,Manual,52182,New,119,Chicago,True,8722,36
4898,2023-08-28,Customer 4898,555-463-8159,customer4898@email.com,Nissan,Titan,2024,Gray,SUV,11211,3.5L V6,Manual,24428,Used,112,San Diego,True,1282,48
4899,2023-11-17,Customer 4899,555-933-7223,customer4899@email.com,Toyota,RAV4,2020,Red,Coupe,59281,5.0L V8,Automatic,53730,New,114,Phoenix,True,11162,36
4900,2023-02-13,Customer 4900,555-670-8263,customer4900@email.com,Ford,F-150,2021,Blue,Sedan,32729,2.0L I4,CVT,56555,Used,114,San Antonio,False,0,0
4901,2023-03-07,Customer 4901,555-999-9677,customer4901@email.com,Jeep,Wrangler,2024,Silver,Coupe,35207,2.0L I4,Automatic,48312,Used,120,Chicago,True,2574,36
4902,2023-10-25,Customer 4902,555-840-9389,customer4902@email.com,Nissan,Titan,2022,Blue,SUV,52302,2.0L I4,Automatic,31568,New,118,Chicago,False,0,0
4903,2023-12-28,Customer 4903,555-712-6171,customer4903@email.com,Jeep,Cherokee,2022,Blue,Coupe,8436,3.6L V6,Automatic,37682,Used,108,Dallas,False,0,0
4904,2023-01-21,Customer 4904,555-213-2168,customer4904@email.com,Honda,CR-V,2021,Silver,SUV,25155,3.5L V6,Automatic,32204,Used,112,San Diego,False,0,0
4905,2023-07-24,Customer 4905,555-228-9746,customer4905@email.com,Chevrolet,Traverse,2023,Silver,SUV,28259,3.5L V6,Automatic,54171,Used,120,Chicago,False,0,0
4906,2023-12-12,Customer 4906,555-559-5105,customer4906@email.com,Audi,A4,2024,Green,Truck,38777,2.5L I4,Automatic,43846,New,106,Los Angeles,False,0,0
4907,2023-02-04,Customer 4907,555-803-8877,customer4907@email.com,Hyundai,Sonata,2021,Green,SUV,39573,3.6L V6,CVT,15959,Used,110,San Diego,True,1979,0
4908,2023-11-23,Customer 4908,555-548-8639,customer4908@email.com,Audi,A6,2022,Red,Truck,17509,2.5L I4,Automatic,35787,New,110,San Diego,True,2952,36
4909,2023-03-09,Customer 4909,555-643-8705,customer4909@email.com,Audi,Q5,2023,Blue,Truck,30283,5.0L V8,CVT,22037,Used,119,Houston,True,3488,0
4910,2024-01-22,Customer 4910,555-896-5575,customer4910@email.com,Chevrolet,Traverse,2022,Gray,Coupe,42097,2.0L I4,CVT,59877,Used,107,San Antonio,True,359,48
4911,2023-06-05,Customer 4911,555-603-3392,customer4911@email.com,Hyundai,Tucson,2021,Gray,Truck,30046,3.5L V6,CVT,47820,New,112,San Antonio,True,1523,60
4912,2023-03-27,Customer 4912,555-309-1338,customer4912@email.com,Jeep,Cherokee,2024,Red,Coupe,1784,5.0L V8,CVT,36082,New,102,New York,True,4945,36
4913,2023-08-15,Customer 4913,555-340-8451,customer4913@email.com,Honda,Accord,2022,Black,Sedan,43447,2.5L I4,CVT,34559,New,104,Philadelphia,False,0,0
4914,2023-09-30,Customer 4914,555-375-6233,customer4914@email.com,Chevrolet,Traverse,2023,Red,Truck,38078,2.0L I4,Manual,19783,Used,117,Houston,False,0,0
4915,2023-06-21,Customer 4915,555-388-5155,customer4915@email.com,Audi,Q5,2019,Blue,Coupe,41963,3.5L V6,CVT,23179,New,115,Phoenix,True,3939,48
4916,2023-09-05,Customer 4916,555-861-8132,customer4916@email.com,Ford,Mustang,2020,Blue,SUV,46452,3.5L V6,Manual,17468,New,116,Houston,True,970,0
4917,2023-12-17,Customer 4917,555-617-4728,customer4917@email.com,Honda,CR-V,2020,Gray,SUV,55341,5.0L V8,CVT,51334,New,119,Dallas,False,0,0
4918,2023-09-19,Customer 4918,555-344-5753,customer4918@email.com,BMW,3 Series,2020,Blue,Sedan,22560,3.5L V6,CVT,43998,New,114,Chicago,False,0,0
4919,2023-03-20,Customer 4919,555-218-2474,customer4919@email.com,Ford,Escape,2024,Blue,Sedan,40258,2.5L I4,CVT,39177,Used,117,Dallas,False,0,0
4920,2024-01-30,Customer 4920,555-314-4198,customer4920@email.com,Chevrolet,Silverado,2020,Gray,Truck,53217,2.0L I4,Manual,39909,Used,110,Houston,False,0,0
4921,2023-01-18,Customer 4921,555-321-7141,customer4921@email.com,Hyundai,Elantra,2020,Gray,Truck,5125,3.6L V6,Automatic,33041,Used,106,New York,True,1614,72
4922,2023-01-25,Customer 4922,555-493-7197,customer4922@email.com,Toyota,Tacoma,2019,Red,Truck,29905,3.6L V6,CVT,29787,New,116,Philadelphia,False,0,0
4923,2023-08-03,Customer 4923,555-134-4651,customer4923@email.com,Nissan,Rogue,2020,White,SUV,25613,2.5L I4,Automatic,33231,New,120,New York,False,0,0
4924,2023-05-02,Customer 4924,555-133-3167,customer4924@email.com,Ford,Mustang,2020,Black,Coupe,46637,2.0L I4,CVT,23930,Used,105,New York,True,5066,48
4925,2024-01-25,Customer 4925,555-803-7031,customer4925@email.com,Hyundai,Sonata,2020,Green,Coupe,39299,3.6L V6,Automatic,20551,New,120,San Diego,False,0,0
4926,2023-01-02,Customer 4926,555-722-8173,customer4926@email.com,Jeep,Wrangler,2023,Red,Truck,59469,3.6L V6,Automatic,22840,New,102,Chicago,True,1227,0
4927,2023-12-21,Customer 4927,555-879-1396,customer4927@email.com,Audi,A4,2020,Red,Truck,34743,5.0L V8,Manual,19201,New,105,Dallas,False,0,0
4928,2023-08-28,Customer 4928,555-123-9208,customer4928@email.com,Toyota,RAV4,2018,Blue,Sedan,34558,2.0L I4,Manual,53756,New,119,Phoenix,False,0,0
4929,2023-06-18,Customer 4929,555-544-9871,customer4929@email.com,Ford,Escape,2019,Silver,SUV,34785,3.6L V6,CVT,46603,Used,111,New York,False,0,0
4930,2023-12-17,Customer 4930,555-501-7497,customer4930@email.com,Nissan,Rogue,2020,Gray,Coupe,45099,2.5L I4,Manual,27380,New,113,Philadelphia,False,0,0
4931,2023-07-23,Customer 4931,555-830-6322,customer4931@email.com,Hyundai,Tucson,2023,Blue,Truck,37480,3.5L V6,CVT,32944,New,120,San Diego,False,0,0
4932,2023-09-01,Customer 4932,555-408-3313,customer4932@email.com,Ford,F-150,2024,White,Sedan,45981,2.5L I4,Automatic,31275,Used,118,Philadelphia,False,0,0
4933,2023-03-28,Customer 4933,555-749-9548,customer4933@email.com,Toyota,Tacoma,2019,Silver,Truck,7698,5.0L V8,CVT,35793,Used,114,Chicago,True,1220,72
4934,2023-12-17,Customer 4934,555-914-1363,customer4934@email.com,Audi,A6,2024,White,Truck,4751,2.5L I4,Automatic,59732,New,115,San Antonio,True,6687,36
4935,2023-10-05,Customer 4935,555-684-3278,customer4935@email.com,Audi,Q5,2018,White,SUV,52375,2.0L I4,Automatic,42357,New,118,San Jose,True,2925,72
4936,2023-04-13,Customer 4936,555-228-9956,customer4936@email.com,Honda,Civic,2019,Gray,Coupe,57857,2.5L I4,Automatic,55333,Used,107,San Diego,False,0,0
4937,2023-04-22,Customer 4937,555-304-3123,customer4937@email.com,BMW,3 Series,2022,Silver,SUV,50353,2.0L I4,CVT,52499,New,111,San Jose,False,0,0
4938,2023-10-10,Customer 4938,555-505-8391,customer4938@email.com,BMW,X5,2022,Green,Truck,24167,5.0L V8,CVT,40000,New,112,New York,False,0,0
4939,2023-06-21,Customer 4939,555-508-4595,customer4939@email.com,Jeep,Cherokee,2023,White,Sedan,57309,3.6L V6,Automatic,37446,Used,117,Philadelphia,True,3100,48
4940,2023-12-02,Customer 4940,555-419-1624,customer4940@email.com,Jeep,Cherokee,2019,Gray,Coupe,49525,5.0L V8,Manual,29363,New,120,Dallas,True,2893,36
4941,2023-10-29,Customer 4941,555-128-4245,customer4941@email.com,Nissan,Titan,2023,Black,Truck,34459,2.5L I4,CVT,29024,Used,120,San Diego,True,4352,48
4942,2023-10-14,Customer 4942,555-206-7338,customer4942@email.com,Jeep,Cherokee,2022,Blue,SUV,28451,2.0L I4,Manual,22827,New,119,Los Angeles,False,0,0
4943,2023-08-16,Customer 4943,555-613-9591,customer4943@email.com,Audi,A6,2024,Black,Coupe,37543,2.0L I4,CVT,38932,Used,101,Houston,False,0,0
4944,2023-07-11,Customer 4944,555-898-3798,customer4944@email.com,Ford,Escape,2024,Gray,Coupe,55243,3.6L V6,Manual,19008,Used,109,Chicago,True,4724,60
4945,2024-01-22,Customer 4945,555-217-3050,customer4945@email.com,Toyota,RAV4,2019,White,Coupe,26057,3.5L V6,CVT,27554,Used,115,Houston,False,0,0
4946,2023-08-21,Customer 4946,555-967-7992,customer4946@email.com,BMW,5 Series,2024,Blue,SUV,43681,3.6L V6,CVT,55281,Used,103,San Diego,True,2181,60
4947,2024-01-26,Customer 4947,555-733-1545,customer4947@email.com,Nissan,Altima,2021,Gray,SUV,29706,2.0L I4,Manual,34601,Used,116,New York,False,0,0
4948,2023-01-11,Customer 4948,555-520-1979,customer4948@email.com,Honda,CR-V,2024,Red,Sedan,33414,3.6L V6,CVT,29045,New,118,Los Angeles,True,3492,72
4949,2023-02-23,Customer 4949,555-533-7005,customer4949@email.com,Nissan,Rogue,2023,Red,Truck,32631,3.5L V6,Manual,32624,Used,120,Los Angeles,False,0,0
4950,2023-05-29,Customer 4950,555-965-3696,customer4950@email.com,Mercedes,S-Class,2022,White,Truck,58181,2.5L I4,Automatic,55083,New,116,Phoenix,True,13651,0
4951,2023-10-21,Customer 4951,555-158-8750,customer4951@email.com,Ford,Mustang,2024,Gray,Coupe,824,5.0L V8,CVT,31503,New,102,Chicago,False,0,0
4952,2023-12-05,Customer 4952,555-849-5771,customer4952@email.com,Honda,CR-V,2024,Red,SUV,45565,5.0L V8,Manual,53511,New,109,San Diego,True,516,0
4953,2023-11-29,Customer 4953,555-245-4380,customer4953@email.com,Hyundai,Elantra,2020,Black,SUV,54105,3.5L V6,Automatic,15602,New,120,San Antonio,True,1913,36
4954,2023-05-17,Customer 4954,555-549-7481,customer4954@email.com,Nissan,Rogue,2019,Black,Truck,32759,3.5L V6,CVT,17345,New,102,San Diego,False,0,0
4955,2024-01-03,Customer 4955,555-752-6040,customer4955@email.com,Chevrolet,Traverse,2018,Gray,SUV,32167,3.6L V6,Manual,19855,Used,112,San Jose,False,0,0
4956,2024-01-29,Customer 4956,555-932-1980,customer4956@email.com,Ford,Mustang,2023,Blue,Coupe,14583,2.5L I4,Manual,51981,New,116,Philadelphia,False,0,0
4957,2023-05-11,Customer 4957,555-395-4676,customer4957@email.com,Jeep,Cherokee,2021,Red,Coupe,34071,3.5L V6,Automatic,34915,New,117,Chicago,True,1352,36
4958,2023-07-11,Customer 4958,555-128-2120,customer4958@email.com,Mercedes,C-Class,2022,Silver,SUV,31638,3.5L V6,Manual,50380,Used,104,Houston,True,9518,0
4959,2024-01-03,Customer 4959,555-113-1723,customer4959@email.com,Chevrolet,Equinox,2023,White,Coupe,50910,2.5L I4,CVT,42537,Used,118,San Jose,False,0,0
4960,2023-07-27,Customer 4960,555-219-3842,customer4960@email.com,Honda,CR-V,2022,Red,Truck,26585,3.6L V6,CVT,22882,Used,113,Philadelphia,True,496,72
4961,2023-12-07,Customer 4961,555-944-5788,customer4961@email.com,Toyota,RAV4,2023,Gray,Truck,55633,3.6L V6,Automatic,46956,Used,111,Dallas,True,7136,0
4962,2023-11-20,Customer 4962,555-169-4186,customer4962@email.com,Hyundai,Tucson,2020,Black,Sedan,21317,2.0L I4,Manual,59335,Used,104,Houston,False,0,0
4963,2023-03-28,Customer 4963,555-519-9295,customer4963@email.com,Ford,F-150,2021,Blue,Sedan,14966,2.0L I4,CVT,39872,New,106,Houston,False,0,0
4964,2023-04-10,Customer 4964,555-157-3457,customer4964@email.com,Nissan,Altima,2023,White,Coupe,8602,3.5L V6,Automatic,59648,New,103,New York,False,0,0
4965,2024-01-25,Customer 4965,555-809-4339,customer4965@email.com,Nissan,Titan,2020,Gray,SUV,47013,3.5L V6,Manual,17915,New,110,Dallas,True,2900,60
4966,2023-08-22,Customer 4966,555-710-3994,customer4966@email.com,Toyota,Camry,2022,Green,Truck,51078,5.0L V8,Automatic,42379,Used,115,Philadelphia,False,0,0
4967,2024-01-07,Customer 4967,555-184-4446,customer4967@email.com,Ford,Escape,2018,Blue,Truck,19519,3.5L V6,CVT,17716,Used,111,Dallas,False,0,0
4968,2023-06-12,Customer 4968,555-633-6372,customer4968@email.com,Audi,Q5,2023,Green,Coupe,43344,3.6L V6,CVT,28561,New,116,San Antonio,True,3105,0
4969,2023-02-06,Customer 4969,555-897-1821,customer4969@email.com,Toyota,RAV4,2021,Black,Coupe,13463,2.0L I4,Automatic,29443,Used,114,San Diego,True,3914,0
4970,2023-09-25,Customer 4970,555-524-2565,customer4970@email.com,BMW,X5,2023,Black,SUV,35255,3.6L V6,Manual,37497,New,107,New York,True,1436,60
4971,2023-01-17,Customer 4971,555-695-5954,customer4971@email.com,Nissan,Altima,2023,White,Coupe,44170,3.6L V6,CVT,38762,Used,117,Philadelphia,True,3193,48
4972,2023-05-06,Customer 4972,555-657-7078,customer4972@email.com,Toyota,RAV4,2024,Silver,Truck,15977,3.5L V6,Manual,18192,Used,103,Philadelphia,False,0,0
4973,2023-03-11,Customer 4973,555-805-8210,customer4973@email.com,Nissan,Rogue,2018,Blue,SUV,17028,2.0L I4,Manual,51957,Used,106,Phoenix,True,1676,60
4974,2024-01-21,Customer 4974,555-282-6488,customer4974@email.com,Chevrolet,Traverse,2021,Black,SUV,58246,2.5L I4,Automatic,44230,Used,115,Chicago,True,4888,60
4975,2023-07-30,Customer 4975,555-759-2630,customer4975@email.com,Nissan,Titan,2019,Red,Coupe,37107,3.6L V6,Manual,47800,New,114,New York,True,7035,0
4976,2023-04-11,Customer 4976,555-707-2957,customer4976@email.com,Toyota,Tacoma,2018,Black,Coupe,18002,3.5L V6,Manual,26481,New,117,San Jose,True,1852,48
4977,2023-03-11,Customer 4977,555-174-9737,customer4977@email.com,Honda,CR-V,2024,Silver,SUV,28806,3.6L V6,CVT,45339,New,109,Los Angeles,False,0,0
4978,2023-03-07,Customer 4978,555-485-1414,customer4978@email.com,Mercedes,S-Class,2024,Red,SUV,38786,2.5L I4,Manual,22039,New,102,Los Angeles,False,0,0
4979,2023-02-15,Customer 4979,555-768-9493,customer4979@email.com,Hyundai,Elantra,2023,Blue,Sedan,45039,2.5L I4,Manual,47787,New,117,New York,True,11207,60
4980,2023-04-23,Customer 4980,555-139-7548,customer4980@email.com,Chevrolet,Traverse,2020,Blue,Coupe,17684,3.5L V6,Manual,47722,Used,102,San Diego,True,5135,60
4981,2023-10-24,Customer 4981,555-504-2639,customer4981@email.com,Toyota,RAV4,2019,White,Truck,6761,5.0L V8,Automatic,38156,New,117,New York,False,0,0
4982,2023-06-21,Customer 4982,555-376-2944,customer4982@email.com,BMW,5 Series,2018,Black,Sedan,26724,2.0L I4,Automatic,25736,New,107,Los Angeles,True,1511,0
4983,2023-12-29,Customer 4983,555-539-7122,customer4983@email.com,Toyota,Camry,2022,Red,Sedan,6744,5.0L V8,Manual,48875,New,102,New York,True,9233,72
4984,2023-10-14,Customer 4984,555-823-5385,customer4984@email.com,Hyundai,Sonata,2024,Silver,Truck,32605,3.6L V6,Automatic,37861,New,112,San Antonio,True,4147,72
4985,2023-01-09,Customer 4985,555-862-1850,customer4985@email.com,Mercedes,C-Class,2024,Red,Coupe,1688,2.0L I4,Automatic,28829,Used,116,New York,True,2057,60
4986,2023-01-18,Customer 4986,555-484-7030,customer4986@email.com,Mercedes,E-Class,2024,Black,Sedan,3612,5.0L V8,Manual,31961,New,108,Dallas,False,0,0
4987,2023-09-06,Customer 4987,555-345-3209,customer4987@email.com,Audi,A6,2023,White,Truck,27148,2.5L I4,Manual,16728,New,113,Phoenix,False,0,0
4988,2023-11-23,Customer 4988,555-487-7396,customer4988@email.com,Honda,CR-V,2022,Blue,Coupe,41742,2.5L I4,Automatic,45394,Used,102,Los Angeles,True,5293,36
4989,2023-05-23,Customer 4989,555-519-4947,customer4989@email.com,Nissan,Altima,2021,Silver,Coupe,16290,3.6L V6,Automatic,57537,Used,101,San Jose,False,0,0
4990,2023-04-06,Customer 4990,555-975-4677,customer4990@email.com,Audi,A6,2019,Gray,SUV,6564,2.0L I4,Manual,35533,Used,120,San Antonio,True,418,36
4991,2023-06-29,Customer 4991,555-684-8735,customer4991@email.com,Toyota,Tacoma,2021,Blue,Truck,50910,3.6L V6,CVT,30529,New,120,Philadelphia,True,5250,48
4992,2023-08-18,Customer 4992,555-696-6831,customer4992@email.com,Audi,A4,2018,Silver,SUV,35161,3.5L V6,Automatic,59455,New,108,Dallas,False,0,0
4993,2023-12-28,Customer 4993,555-611-2447,customer4993@email.com,Ford,F-150,2019,Black,SUV,52378,3.6L V6,Manual,50721,New,116,New York,True,1588,60
4994,2024-01-22,Customer 4994,555-712-6818,customer4994@email.com,Honda,Civic,2019,Gray,SUV,23167,2.0L I4,CVT,23780,New,108,New York,False,0,0
4995,2023-11-25,Customer 4995,555-110-3183,customer4995@email.com,Toyota,Tacoma,2018,Green,Coupe,36345,3.6L V6,Automatic,51953,New,104,Houston,True,8565,48
4996,2023-06-24,Customer 4996,555-475-5155,customer4996@email.com,Audi,A4,2023,Blue,Truck,22055,2.5L I4,CVT,53140,Used,109,Houston,True,10831,0
4997,2023-01-28,Customer 4997,555-189-2852,customer4997@email.com,Nissan,Rogue,2022,Red,Truck,48502,2.0L I4,Automatic,40455,Used,115,San Jose,False,0,0
4998,2023-05-05,Customer 4998,555-649-2477,customer4998@email.com,Toyota,Camry,2022,Silver,Truck,46415,3.5L V6,Automatic,15371,New,103,Philadelphia,True,2826,60
4999,2023-12-27,Customer 4999,555-965-8775,customer4999@email.com,Jeep,Grand Cherokee,2021,Green,Truck,21958,5.0L V8,Manual,49552,Used,102,Phoenix,False,0,0
5000,2023-11-04,Customer 5000,555-880-7073,customer5000@email.com,Ford,Mustang,2024,Red,Coupe,11908,3.6L V6,Manual,21489,Used,114,San Antonio,False,0,0
